# Mirrored across local XZ from l2back.obj; derived visualization mesh.
# WaveFront *.obj file (generated by Autodesk ATF)


g Body1

v -1.308 -6 6.5
v -1.263431 -5.661465 6.5
v -1.132761 -5.346 6.5
v -0.924896 -5.075104 6.5
v -0.654 -4.867239 6.5
v -0.338535 -4.736569 6.5
v 0 -4.692 6.5
v 0.338535 -4.736569 6.5
v 0.654 -4.867239 6.5
v 0.924896 -5.075104 6.5
v 1.132761 -5.346 6.5
v 1.263431 -5.661465 6.5
v 1.308 -6 6.5
v 1.263431 -6.338535 6.5
v 1.132761 -6.654 6.5
v 0.924896 -6.924896 6.5
v 0.654 -7.132761 6.5
v 0.338535 -7.263431 6.5
v 0 -7.308 6.5
v -0.338535 -7.263431 6.5
v -0.654 -7.132761 6.5
v -0.924896 -6.924896 6.5
v -1.132761 -6.654 6.5
v -1.263431 -6.338535 6.5
v -1.308 6 6.5
v -1.263431 6.338535 6.5
v -1.132761 6.654 6.5
v -0.924896 6.924896 6.5
v -0.654 7.132761 6.5
v -0.338535 7.263431 6.5
v 0 7.308 6.5
v 0.338535 7.263431 6.5
v 0.654 7.132761 6.5
v 0.924896 6.924896 6.5
v 1.132761 6.654 6.5
v 1.263431 6.338535 6.5
v 1.308 6 6.5
v 1.263431 5.661465 6.5
v 1.132761 5.346 6.5
v 0.924896 5.075104 6.5
v 0.654 4.867239 6.5
v 0.338535 4.736569 6.5
v 0 4.692 6.5
v -0.338535 4.736569 6.5
v -0.654 4.867239 6.5
v -0.924896 5.075104 6.5
v -1.132761 5.346 6.5
v -1.263431 5.661465 6.5
v -7.308 0 6.5
v -7.263431 0.338535 6.5
v -7.132761 0.654 6.5
v -6.924896 0.924896 6.5
v -6.654 1.132761 6.5
v -6.338535 1.263431 6.5
v -6 1.308 6.5
v -5.661465 1.263431 6.5
v -5.346 1.132761 6.5
v -5.075104 0.924896 6.5
v -4.867239 0.654 6.5
v -4.736569 0.338535 6.5
v -4.692 0 6.5
v -4.736569 -0.338535 6.5
v -4.867239 -0.654 6.5
v -5.075104 -0.924896 6.5
v -5.346 -1.132761 6.5
v -5.661465 -1.263431 6.5
v -6 -1.308 6.5
v -6.338535 -1.263431 6.5
v -6.654 -1.132761 6.5
v -6.924896 -0.924896 6.5
v -7.132761 -0.654 6.5
v -7.263431 -0.338535 6.5
v 4.692 0 6.5
v 4.736569 0.338535 6.5
v 4.867239 0.654 6.5
v 5.075104 0.924896 6.5
v 5.346 1.132761 6.5
v 5.661465 1.263431 6.5
v 6 1.308 6.5
v 6.338535 1.263431 6.5
v 6.654 1.132761 6.5
v 6.924896 0.924896 6.5
v 7.132761 0.654 6.5
v 7.263431 0.338535 6.5
v 7.308 0 6.5
v 7.263431 -0.338535 6.5
v 7.132761 -0.654 6.5
v 6.924896 -0.924896 6.5
v 6.654 -1.132761 6.5
v 6.338535 -1.263431 6.5
v 6 -1.308 6.5
v 5.661465 -1.263431 6.5
v 5.346 -1.132761 6.5
v 5.075104 -0.924896 6.5
v 4.867239 -0.654 6.5
v 4.736569 -0.338535 6.5
v -8.254 0 6.5
v -8.196066 -0.976227 6.5
v -8.023077 -1.938749 6.5
v -7.737462 -2.874056 6.5
v -7.34323 -3.769018 6.5
v -6.845915 -4.61107 6.5
v -6.252498 -5.388394 6.5
v -5.57131 -6.090076 6.5
v -4.811913 -6.706267 6.5
v -3.984967 -7.228316 6.5
v -3.102081 -7.648896 6.5
v -2.175648 -7.962102 6.5
v -1.218675 -8.163538 6.5
v -0.244593 -8.250375 6.5
v 0.732921 -8.221395 6.5
v 1.700148 -8.077005 6.5
v 2.643507 -7.819232 6.5
v 3.549758 -7.451693 6.5
v 4.406178 -6.979549 6.5
v 5.200745 -6.409428 6.5
v 5.922305 -5.749332 6.5
v 6.560729 -5.008528 6.5
v 7.107054 -4.197416 6.5
v 7.553612 -3.327381 6.5
v 7.894134 -2.410637 6.5
v 8.123839 -1.460052 6.5
v 8.239504 -0.488972 6.5
v 8.239504 0.488972 6.5
v 8.123839 1.460052 6.5
v 7.894134 2.410637 6.5
v 7.553612 3.327381 6.5
v 7.107054 4.197416 6.5
v 6.560729 5.008528 6.5
v 5.922305 5.749332 6.5
v 5.200745 6.409428 6.5
v 4.406178 6.979549 6.5
v 3.549758 7.451693 6.5
v 2.643507 7.819232 6.5
v 1.700148 8.077005 6.5
v 0.732921 8.221395 6.5
v -0.244593 8.250375 6.5
v -1.218675 8.163538 6.5
v -2.175648 7.962102 6.5
v -3.102081 7.648896 6.5
v -3.984967 7.228316 6.5
v -4.811913 6.706267 6.5
v -5.57131 6.090076 6.5
v -6.252498 5.388394 6.5
v -6.845915 4.61107 6.5
v -7.34323 3.769018 6.5
v -7.737462 2.874056 6.5
v -8.023077 1.938749 6.5
v -8.196066 0.976227 6.5
v 6.285251 16.60422 3.754
v 5.852832 16.761493 3.738657
v 5.453054 16.895803 3.699034
v 4.735221 17.110897 3.575167
v 4.044538 17.287209 3.404355
v 3.377701 17.429757 3.206212
v 2.73681 17.54179 3.001048
v 2.078052 17.631791 2.793256
v 1.365148 17.701215 2.603078
v 0.605533 17.743645 2.472107
v 0.212217 17.752824 2.441908
v -0.176644 17.753775 2.440738
v -0.954089 17.729197 2.522125
v -1.354459 17.702535 2.602229
v -1.770105 17.665544 2.706861
v -2.62859 17.558578 2.966207
v -3.5164 17.402446 3.24917
v -4.435846 17.190938 3.506451
v -5.361831 16.925015 3.686848
v -5.825465 16.77106 3.736656
v -6.285251 16.60422 3.754
v -4.93116 17.055444 3.754
v -3.5452 17.396439 3.754
v -2.136327 17.625 3.754
v -0.713646 17.739651 3.754
v 0.713646 17.739651 3.754
v 2.136327 17.625 3.754
v 3.5452 17.396439 3.754
v 4.93116 17.055444 3.754
v 6.318235 16.631132 3.754
v 6.351103 16.658184 3.754
v 6.383856 16.685377 3.754
v 6.021666 17.101436 3.723492
v 5.709913 17.55082 3.632325
v 5.456024 18.017153 3.485647
v 5.257682 18.494888 3.28908
v 5.116678 18.961839 3.058393
v 5.027965 19.400586 2.81351
v 4.981752 19.804098 2.570698
v 4.96825 20.171366 2.34227
v 4.96825 20.735252 1.966968
v 4.96825 21.292596 1.557215
v 4.96825 22.372153 0.656226
v 4.96825 23.391471 -0.301513
v 4.96825 24.34125 -1.246
v 4.912759 23.600771 -1.246
v 4.747525 22.876833 -1.246
v 4.476239 22.185607 -1.246
v 4.104961 21.542535 -1.246
v 3.641985 20.961982 -1.246
v 3.097653 20.456916 -1.246
v 2.484125 20.038619 -1.246
v 1.815106 19.716436 -1.246
v 1.10554 19.497564 -1.246
v 0.371278 19.386892 -1.246
v -0.371278 19.386892 -1.246
v -1.10554 19.497564 -1.246
v -1.815106 19.716436 -1.246
v -2.484125 20.038619 -1.246
v -3.097653 20.456916 -1.246
v -3.641985 20.961982 -1.246
v -4.104961 21.542535 -1.246
v -4.476239 22.185607 -1.246
v -4.747525 22.876833 -1.246
v -4.912759 23.600771 -1.246
v -4.96825 24.34125 -1.246
v -4.96825 23.391471 -0.301513
v -4.96825 22.372153 0.656226
v -4.96825 21.292596 1.557215
v -4.96825 20.735252 1.966968
v -4.96825 20.171366 2.34227
v -4.983302 19.783104 2.58344
v -5.033695 19.364141 2.834247
v -5.127288 18.919786 3.080236
v -5.27194 18.455347 3.306953
v -5.47146 17.985119 3.497223
v -5.723402 17.528974 3.63794
v -6.029499 17.091391 3.724889
v -6.383856 16.685377 3.754
v -6.351103 16.658184 3.754
v -6.318235 16.631132 3.754
v 4.942891 23.469685 -0.534426
v 4.716451 22.624602 -0.534426
v 4.111441 21.462388 -0.534426
v 3.54907 20.79218 -0.534426
v 1.716648 19.624799 -0.534426
v 0.871565 19.398359 -0.534426
v -0.437447 19.341207 -0.534426
v -2.289464 18.050998 2.532748
v -1.29905 19.49313 -0.534426
v -3.226495 20.496575 -0.534426
v -3.844817 21.114924 -0.534426
v -4.548888 22.220069 -0.534426
v -4.84812 23.0422 -0.534426
v -3.324236 20.380635 0.162663
v -3.484783 20.189905 0.831075
v -3.704888 19.928287 1.457204
v -3.980089 19.60112 2.028304
v -4.304802 19.215082 2.532748
v -4.672435 18.778045 2.960268
v -4.909578 17.329647 3.551465
v -5.075519 18.29892 3.30216
v -5.505864 17.787473 3.551465
v -4.526192 17.877178 3.30216
v -4.167059 18.390073 2.960268
v -3.83949 18.85789 2.532748
v -3.550153 19.271107 2.028304
v -3.304937 19.62131 1.457204
v -3.108836 19.901372 0.831075
v -2.965841 20.105591 0.162663
v -2.878862 20.229809 -0.534426
v -3.945587 17.507292 3.30216
v -3.632523 18.049536 2.960268
v -3.346973 18.544122 2.532748
v -3.094751 18.980984 2.028304
v -2.880991 19.351227 1.457204
v -2.710045 19.647314 0.831075
v -2.585393 19.863219 0.162663
v -2.509571 19.994545 -0.534426
v -3.070341 17.756882 2.960268
v -2.828984 18.274474 2.532748
v -2.615797 18.731656 2.028304
v -2.435119 19.119121 1.457204
v -2.290629 19.42898 0.831075
v -2.185268 19.654927 0.162663
v -2.121181 19.792362 -0.534426
v -2.116934 18.525021 2.028304
v -1.970714 18.926758 1.457204
v -1.85378 19.248031 0.831075
v -1.768513 19.482301 0.162663
v -1.716648 19.624799 -0.534426
v -1.338298 19.346655 0.162663
v -1.402823 19.105845 0.831075
v -1.491311 18.775602 1.457204
v -1.601961 18.36265 2.028304
v -1.732521 17.875394 2.532748
v -1.162392 17.749 2.532748
v -1.074796 18.24578 2.028304
v -1.000558 18.666805 1.457204
v -0.941189 19.003503 0.831075
v -0.897897 19.249021 0.162663
v -0.871565 19.398359 -0.534426
v -0.539451 18.175301 2.028304
v -0.50219 18.601194 1.457204
v -0.472392 18.941785 0.831075
v -0.450664 19.190141 0.162663
v 0 18.151748 2.028304
v 0 18.579268 1.457204
v 0 18.92116 0.831075
v 0 19.170465 0.162663
v 0 19.322107 -0.534426
v 0.539451 18.175301 2.028304
v 0.50219 18.601194 1.457204
v 0.472392 18.941785 0.831075
v 0.450664 19.190141 0.162663
v 0.437447 19.341207 -0.534426
v 1.162392 17.749 2.532748
v 1.074796 18.24578 2.028304
v 1.000558 18.666805 1.457204
v 0.941189 19.003503 0.831075
v 0.897897 19.249021 0.162663
v 1.732521 17.875394 2.532748
v 1.601961 18.36265 2.028304
v 1.491311 18.775602 1.457204
v 1.402823 19.105845 0.831075
v 1.338298 19.346655 0.162663
v 1.29905 19.49313 -0.534426
v 2.289464 18.050998 2.532748
v 2.116934 18.525021 2.028304
v 1.970714 18.926758 1.457204
v 1.85378 19.248031 0.831075
v 1.768513 19.482301 0.162663
v 3.070341 17.756882 2.960268
v 2.828984 18.274474 2.532748
v 2.615797 18.731656 2.028304
v 2.435119 19.119121 1.457204
v 2.290629 19.42898 0.831075
v 2.185268 19.654927 0.162663
v 2.121181 19.792362 -0.534426
v 3.945587 17.507292 3.30216
v 3.632523 18.049536 2.960268
v 3.346973 18.544122 2.532748
v 3.094751 18.980984 2.028304
v 2.880991 19.351227 1.457204
v 2.710045 19.647314 0.831075
v 2.585393 19.863219 0.162663
v 2.509571 19.994545 -0.534426
v 4.909578 17.329647 3.551465
v 4.526192 17.877178 3.30216
v 4.167059 18.390073 2.960268
v 3.83949 18.85789 2.532748
v 3.550153 19.271107 2.028304
v 3.304937 19.62131 1.457204
v 3.108836 19.901372 0.831075
v 2.965841 20.105591 0.162663
v 2.878862 20.229809 -0.534426
v 5.072349 18.296259 3.30216
v 4.669881 18.775902 2.960268
v 4.302786 19.21339 2.532748
v 3.978535 19.599816 2.028304
v 3.703731 19.927315 1.457204
v 3.483967 20.18922 0.831075
v 3.323717 20.380199 0.162663
v 3.226243 20.496364 -0.534426
v 5.501997 17.784226 3.551465
v 4.733335 19.607915 2.532748
v 4.376639 19.964611 2.028304
v 4.074337 20.266913 1.457204
v 3.832582 20.508668 0.831075
v 3.656297 20.684953 0.162663
v 4.741003 20.362201 2.028304
v 4.413614 20.637137 1.457204
v 4.151804 20.857014 0.831075
v 3.960907 21.017362 0.162663
v 3.844817 21.114924 -0.534426
v 4.71994 21.036313 1.457204
v 4.439878 21.232414 0.831075
v 4.235659 21.375409 0.162663
v 4.693936 21.631205 0.831075
v 4.478031 21.755857 0.162663
v 4.346705 21.831679 -0.534426
v 4.91227 22.050621 0.831075
v 4.548888 22.220069 -0.534426
v 4.686323 22.155982 0.162663
v 4.858949 22.572737 0.162663
v 4.84812 23.0422 -0.534426
v -3.960907 21.017362 0.162663
v -4.151804 20.857014 0.831075
v -4.413614 20.637137 1.457204
v -4.741003 20.362201 2.028304
v -4.733335 19.607915 2.532748
v -4.376639 19.964611 2.028304
v -4.074337 20.266913 1.457204
v -3.832582 20.508668 0.831075
v -3.656297 20.684953 0.162663
v -3.54907 20.79218 -0.534426
v -4.346705 21.831679 -0.534426
v -4.478031 21.755857 0.162663
v -4.693936 21.631205 0.831075
v -4.71994 21.036313 1.457204
v -4.439878 21.232414 0.831075
v -4.235659 21.375409 0.162663
v -4.111441 21.462388 -0.534426
v -4.686323 22.155982 0.162663
v -4.91227 22.050621 0.831075
v -4.858949 22.572737 0.162663
v -4.716451 22.624602 -0.534426
v -4.942891 23.469685 -0.534426
v 4.96825 24.34125 -59
v 4.912759 23.600771 -59
v 4.747525 22.876833 -59
v 4.476239 22.185607 -59
v 4.104961 21.542535 -59
v 3.641985 20.961982 -59
v 3.097653 20.456916 -59
v 2.484125 20.038619 -59
v 1.815106 19.716436 -59
v 1.10554 19.497564 -59
v 0.371278 19.386892 -59
v -0.371278 19.386892 -59
v -1.10554 19.497564 -59
v -1.815106 19.716436 -59
v -2.484125 20.038619 -59
v -3.097653 20.456916 -59
v -3.641985 20.961982 -59
v -4.104961 21.542535 -59
v -4.476239 22.185607 -59
v -4.747525 22.876833 -59
v -4.912759 23.600771 -59
v -4.96825 24.34125 -59
v -4.912759 25.081729 -59
v -4.747525 25.805667 -59
v -4.476239 26.496893 -59
v -4.104961 27.139965 -59
v -3.641985 27.720518 -59
v -3.097653 28.225584 -59
v -2.484125 28.643881 -59
v -1.815106 28.966064 -59
v -1.10554 29.184936 -59
v -0.371278 29.295608 -59
v 0.371278 29.295608 -59
v 1.10554 29.184936 -59
v 1.815106 28.966064 -59
v 2.484125 28.643881 -59
v 3.097653 28.225584 -59
v 3.641985 27.720518 -59
v 4.104961 27.139965 -59
v 4.476239 26.496893 -59
v 4.747525 25.805667 -59
v 4.912759 25.081729 -59
v -4.96825 24.34125 10
v 4.96825 24.34125 10
v 4.912759 25.081729 10
v 4.747525 25.805667 10
v 4.476239 26.496893 10
v 4.104961 27.139965 10
v 3.641985 27.720518 10
v 3.097653 28.225584 10
v 2.484125 28.643881 10
v 1.815106 28.966064 10
v 1.10554 29.184936 10
v 0.371278 29.295608 10
v -0.371278 29.295608 10
v -1.10554 29.184936 10
v -1.815106 28.966064 10
v -2.484125 28.643881 10
v -3.097653 28.225584 10
v -3.641985 27.720518 10
v -4.104961 27.139965 10
v -4.476239 26.496893 10
v -4.747525 25.805667 10
v -4.912759 25.081729 10
v -4.96825 24.34125 -45.2
v -4.96825 24.34125 -31.4
v -4.96825 24.34125 -17.6
v -4.96825 24.34125 -3.8
v 4.953672 23.960934 -45.2
v 4.953672 23.960934 -31.4
v 4.953672 23.960934 -17.6
v 4.953672 23.960934 -3.8
v 4.953672 24.721566 -3.8
v 4.953672 24.721566 -17.6
v 4.953672 24.721566 -31.4
v 4.953672 24.721566 -45.2
v 4.837562 23.209217 -45.2
v 4.837562 23.209217 -31.4
v 4.837562 23.209217 -17.6
v 4.837562 23.209217 -3.8
v 4.608064 22.484033 -45.2
v 4.608064 22.484033 -31.4
v 4.608064 22.484033 -17.6
v 4.608064 22.484033 -3.8
v 4.270557 21.802381 -45.2
v 4.270557 21.802381 -31.4
v 4.270557 21.802381 -17.6
v 4.270557 21.802381 -3.8
v 3.832951 21.180238 -45.2
v 3.832951 21.180238 -31.4
v 3.832951 21.180238 -17.6
v 3.832951 21.180238 -3.8
v 3.305504 20.632187 -45.2
v 3.305504 20.632187 -31.4
v 3.305504 20.632187 -17.6
v 3.305504 20.632187 -3.8
v 2.700579 20.171073 -45.2
v 2.700579 20.171073 -31.4
v 2.700579 20.171073 -17.6
v 2.700579 20.171073 -3.8
v 2.032355 19.807704 -45.2
v 2.032355 19.807704 -31.4
v 2.032355 19.807704 -17.6
v 2.032355 19.807704 -3.8
v 1.316494 19.550598 -45.2
v 1.316494 19.550598 -31.4
v 1.316494 19.550598 -17.6
v 1.316494 19.550598 -3.8
v 0.569776 19.40578 -45.2
v 0.569776 19.40578 -31.4
v 0.569776 19.40578 -17.6
v 0.569776 19.40578 -3.8
v -0.190298 19.376646 -45.2
v -0.190298 19.376646 -31.4
v -0.190298 19.376646 -17.6
v -0.190298 19.376646 -3.8
v -0.945911 19.463878 -45.2
v -0.945911 19.463878 -31.4
v -0.945911 19.463878 -17.6
v -0.945911 19.463878 -3.8
v -1.679352 19.665431 -45.2
v -1.679352 19.665431 -31.4
v -1.679352 19.665431 -17.6
v -1.679352 19.665431 -3.8
v -2.373431 19.976582 -45.2
v -2.373431 19.976582 -31.4
v -2.373431 19.976582 -17.6
v -2.373431 19.976582 -3.8
v -3.011879 20.390036 -45.2
v -3.011879 20.390036 -31.4
v -3.011879 20.390036 -17.6
v -3.011879 20.390036 -3.8
v -3.579731 20.896104 -45.2
v -3.579731 20.896104 -31.4
v -3.579731 20.896104 -17.6
v -3.579731 20.896104 -3.8
v -4.063678 21.482923 -45.2
v -4.063678 21.482923 -31.4
v -4.063678 21.482923 -17.6
v -4.063678 21.482923 -3.8
v -4.452375 22.136739 -45.2
v -4.452375 22.136739 -31.4
v -4.452375 22.136739 -17.6
v -4.452375 22.136739 -3.8
v -4.736712 22.842227 -45.2
v -4.736712 22.842227 -31.4
v -4.736712 22.842227 -17.6
v -4.736712 22.842227 -3.8
v -4.910024 23.58285 -45.2
v -4.910024 23.58285 -31.4
v -4.910024 23.58285 -17.6
v -4.910024 23.58285 -3.8
v -4.910024 25.09965 -45.2
v -4.910024 25.09965 -31.4
v -4.910024 25.09965 -17.6
v -4.910024 25.09965 -3.8
v -4.736712 25.840273 -45.2
v -4.736712 25.840273 -31.4
v -4.736712 25.840273 -17.6
v -4.736712 25.840273 -3.8
v -4.452375 26.545761 -45.2
v -4.452375 26.545761 -31.4
v -4.452375 26.545761 -17.6
v -4.452375 26.545761 -3.8
v -4.063678 27.199577 -45.2
v -4.063678 27.199577 -31.4
v -4.063678 27.199577 -17.6
v -4.063678 27.199577 -3.8
v -3.579731 27.786396 -45.2
v -3.579731 27.786396 -31.4
v -3.579731 27.786396 -17.6
v -3.579731 27.786396 -3.8
v -3.011879 28.292464 -45.2
v -3.011879 28.292464 -31.4
v -3.011879 28.292464 -17.6
v -3.011879 28.292464 -3.8
v -2.373431 28.705918 -45.2
v -2.373431 28.705918 -31.4
v -2.373431 28.705918 -17.6
v -2.373431 28.705918 -3.8
v -1.679352 29.017069 -45.2
v -1.679352 29.017069 -31.4
v -1.679352 29.017069 -17.6
v -1.679352 29.017069 -3.8
v -0.945911 29.218622 -45.2
v -0.945911 29.218622 -31.4
v -0.945911 29.218622 -17.6
v -0.945911 29.218622 -3.8
v -0.190298 29.305854 -45.2
v -0.190298 29.305854 -31.4
v -0.190298 29.305854 -17.6
v -0.190298 29.305854 -3.8
v 0.569776 29.27672 -45.2
v 0.569776 29.27672 -31.4
v 0.569776 29.27672 -17.6
v 0.569776 29.27672 -3.8
v 1.316494 29.131902 -45.2
v 1.316494 29.131902 -31.4
v 1.316494 29.131902 -17.6
v 1.316494 29.131902 -3.8
v 2.032355 28.874796 -45.2
v 2.032355 28.874796 -31.4
v 2.032355 28.874796 -17.6
v 2.032355 28.874796 -3.8
v 2.700579 28.511427 -45.2
v 2.700579 28.511427 -31.4
v 2.700579 28.511427 -17.6
v 2.700579 28.511427 -3.8
v 3.305504 28.050313 -45.2
v 3.305504 28.050313 -31.4
v 3.305504 28.050313 -17.6
v 3.305504 28.050313 -3.8
v 3.832951 27.502262 -45.2
v 3.832951 27.502262 -31.4
v 3.832951 27.502262 -17.6
v 3.832951 27.502262 -3.8
v 4.270557 26.880119 -45.2
v 4.270557 26.880119 -31.4
v 4.270557 26.880119 -17.6
v 4.270557 26.880119 -3.8
v 4.608064 26.198467 -45.2
v 4.608064 26.198467 -31.4
v 4.608064 26.198467 -17.6
v 4.608064 26.198467 -3.8
v 4.837562 25.473283 -45.2
v 4.837562 25.473283 -31.4
v 4.837562 25.473283 -17.6
v 4.837562 25.473283 -3.8
v -4.96825 20.171366 10
v -4.918106 20.171366 10.445042
v -4.770188 20.171366 10.867767
v -4.531913 20.171366 11.24698
v -4.21523 20.171366 11.563663
v -3.836017 20.171366 11.801938
v -3.413292 20.171366 11.949856
v -2.96825 20.171366 12
v -3.021595 19.308817 12
v -3.180819 18.459415 12
v -3.443493 17.636105 12
v -3.805615 16.851437 12
v -4.261664 16.11737 12
v -4.804691 15.445092 12
v -5.426419 14.84485 12
v -6.117371 14.325792 12
v -6.867017 13.89583 12
v -7.064185 14.294812 11.949856
v -7.251467 14.673788 11.801938
v -7.41947 15.013753 11.563663
v -7.559771 15.297662 11.24698
v -7.665335 15.511276 10.867767
v -7.730868 15.643885 10.445042
v -7.753083 15.68884 10
v -7.153476 16.038927 10
v -6.608148 16.468702 10
v -6.127615 16.969878 10
v -5.721143 17.53279 10
v -5.39657 18.146583 10
v -5.160156 18.799421 10
v -5.016459 19.478715 10
v -3.453764 19.444075 11.949856
v -3.87388 19.490977 11.801938
v -4.250751 19.533052 11.563663
v -4.565479 19.568189 11.24698
v -4.802282 19.594626 10.867767
v -4.949287 19.611038 10.445042
v -3.574682 18.725765 11.949856
v -3.986999 18.818991 11.801938
v -4.356875 18.902621 11.563663
v -4.665761 18.972461 11.24698
v -4.898169 19.025009 10.867767
v -5.042446 19.05763 10.445042
v -3.774551 18.025307 11.949856
v -4.173979 18.163705 11.801938
v -4.532292 18.287857 11.563663
v -4.831522 18.391537 11.24698
v -5.056665 18.469547 10.867767
v -5.196431 18.517975 10.445042
v -4.050904 17.351349 11.949856
v -4.432511 17.53321 11.801938
v -4.774836 17.696352 11.563663
v -5.060715 17.832592 11.24698
v -5.275812 17.935101 10.867767
v -5.409342 17.998737 10.445042
v -4.400328 16.712215 11.949856
v -4.759401 16.935293 11.801938
v -5.081512 17.135409 11.563663
v -5.350509 17.302528 11.24698
v -5.552905 17.428269 10.867767
v -5.67855 17.506328 10.445042
v -4.818509 16.115796 11.949856
v -5.150613 16.377338 11.801938
v -5.448532 16.611957 11.563663
v -5.697326 16.80789 11.24698
v -5.884521 16.955311 10.867767
v -6.000729 17.046828 10.445042
v -5.300282 15.569458 11.949856
v -5.601317 15.866233 11.801938
v -5.871364 16.132459 11.563663
v -6.096883 16.354786 11.24698
v -6.266565 16.522067 10.867767
v -6.371902 16.625913 10.445042
v -5.839698 15.079948 11.949856
v -6.105946 15.408291 11.801938
v -6.344787 15.702835 11.563663
v -6.544246 15.948812 11.24698
v -6.69432 16.133887 10.867767
v -6.787485 16.248779 10.445042
v -6.430096 14.65331 11.949856
v -6.658269 15.009166 11.801938
v -6.862956 15.328392 11.563663
v -7.033891 15.594981 11.24698
v -7.162504 15.795564 10.867767
v -7.242346 15.920083 10.445042
v 6.867017 13.89583 12
v 7.064185 14.294812 11.949856
v 7.251467 14.673788 11.801938
v 7.41947 15.013753 11.563663
v 7.559771 15.297662 11.24698
v 7.665335 15.511276 10.867767
v 7.730868 15.643885 10.445042
v 7.753083 15.68884 10
v 9.001442 15.007466 10
v 10.19035 14.226973 10
v 11.311954 13.352516 10
v 12.358847 12.389871 10
v 13.324114 11.345395 10
v 14.20138 10.225987 10
v 14.984851 9.039039 10
v 15.669353 7.792392 10
v 16.250364 6.49428 10
v 16.724047 5.153275 10
v 17.087274 3.778234 10
v 17.337646 2.378239 10
v 17.473509 0.962537 10
v 17.493966 -0.459522 10
v 17.398881 -1.878546 10
v 17.188883 -3.285163 10
v 16.865359 -4.670083 10
v 16.430445 -6.024158 10
v 15.887014 -7.338446 10
v 15.238655 -8.604267 10
v 14.48965 -9.813259 10
v 13.644946 -10.957438 10
v 12.710122 -12.029248 10
v 11.691353 -13.021608 10
v 10.595366 -13.927966 10
v 9.429401 -14.742334 10
v 8.201157 -15.459334 10
v 6.918749 -16.074231 10
v 5.590644 -16.582964 10
v 4.225615 -16.982172 10
v 2.832678 -17.269219 10
v 1.421032 -17.442209 10
v 0 -17.5 10
v -1.421032 -17.442209 10
v -2.832678 -17.269219 10
v -4.225615 -16.982172 10
v -5.590644 -16.582964 10
v -6.918749 -16.074231 10
v -8.201157 -15.459334 10
v -9.429401 -14.742334 10
v -10.595366 -13.927966 10
v -11.691353 -13.021608 10
v -12.710122 -12.029248 10
v -13.644946 -10.957438 10
v -14.48965 -9.813259 10
v -15.238655 -8.604267 10
v -15.887014 -7.338446 10
v -16.430445 -6.024158 10
v -16.865359 -4.670083 10
v -17.188883 -3.285163 10
v -17.398881 -1.878546 10
v -17.493966 -0.459522 10
v -17.473509 0.962537 10
v -17.337646 2.378239 10
v -17.087274 3.778234 10
v -16.724047 5.153275 10
v -16.250364 6.49428 10
v -15.669353 7.792392 10
v -14.984851 9.039039 10
v -14.20138 10.225987 10
v -13.324114 11.345395 10
v -12.358847 12.389871 10
v -11.311954 13.352516 10
v -10.19035 14.226973 10
v -9.001442 15.007466 10
v -8.042309 13.250331 12
v -9.157414 12.505669 12
v -10.203988 11.667418 12
v -11.174196 10.74185 12
v -12.06078 9.735892 12
v -12.857103 8.657073 12
v -13.557206 7.513466 12
v -14.15585 6.31363 12
v -14.648554 5.066544 12
v -15.031632 3.781541 12
v -15.302216 2.468237 12
v -15.458281 1.136462 12
v -15.49866 -0.203818 12
v -15.42305 -1.542572 12
v -15.232017 -2.869783 12
v -14.926991 -4.175516 12
v -14.510255 -5.450001 12
v -13.984926 -6.683699 12
v -13.354938 -7.867378 12
v -12.625004 -8.992179 12
v -11.800586 -10.049685 12
v -10.887856 -11.03198 12
v -9.893644 -11.931715 12
v -8.825389 -12.742155 12
v -7.691087 -13.457235 12
v -6.499226 -14.071605 12
v -5.258727 -14.580665 12
v -3.978873 -14.980607 12
v -2.669241 -15.268436 12
v -1.339633 -15.442001 12
v 0 -15.5 12
v 1.339633 -15.442001 12
v 2.669241 -15.268436 12
v 3.978873 -14.980607 12
v 5.258727 -14.580665 12
v 6.499226 -14.071605 12
v 7.691087 -13.457235 12
v 8.825389 -12.742155 12
v 9.893644 -11.931715 12
v 10.887856 -11.03198 12
v 11.800586 -10.049685 12
v 12.625004 -8.992179 12
v 13.354938 -7.867378 12
v 13.984926 -6.683699 12
v 14.510255 -5.450001 12
v 14.926991 -4.175516 12
v 15.232017 -2.869783 12
v 15.42305 -1.542572 12
v 15.49866 -0.203818 12
v 15.458281 1.136462 12
v 15.302216 2.468237 12
v 15.031632 3.781541 12
v 14.648554 5.066544 12
v 14.15585 6.31363 12
v 13.557206 7.513466 12
v 12.857103 8.657073 12
v 12.06078 9.735892 12
v 11.174196 10.74185 12
v 10.203988 11.667418 12
v 9.157414 12.505669 12
v 8.042309 13.250331 12
v 15.366792 -4.255124 11.949856
v -15.661569 -2.993261 11.949856
v 8.97565 14.964464 10.445042
v 8.899565 14.837614 10.867767
v 8.777004 14.633277 11.24698
v 8.614113 14.361699 11.563663
v 8.419058 14.036498 11.801938
v 8.201621 13.673981 11.949856
v 10.161151 14.186207 10.445042
v 10.075017 14.065954 10.867767
v 9.936269 13.872244 11.24698
v 9.751862 13.61479 11.563663
v 9.531045 13.306502 11.801938
v 9.284889 12.962839 11.949856
v 11.279541 13.314256 10.445042
v 11.183927 13.201395 10.867767
v 11.029907 13.019591 11.24698
v 10.825204 12.777961 11.563663
v 10.580082 12.488622 11.801938
v 10.306833 12.166082 11.949856
v 12.323434 12.354369 10.445042
v 12.218972 12.249644 10.867767
v 12.050697 12.080947 11.24698
v 11.827049 11.856738 11.563663
v 11.559242 11.588259 11.801938
v 11.260705 11.288972 11.949856
v 13.285935 11.312886 10.445042
v 13.173314 11.216989 10.867767
v 12.991897 11.062514 11.24698
v 12.750781 10.857205 11.563663
v 12.462057 10.611359 11.801938
v 12.140203 10.337303 11.949856
v 14.160688 10.196685 10.445042
v 14.040651 10.11025 10.867767
v 13.847289 9.971016 11.24698
v 13.590299 9.785965 11.563663
v 13.282565 9.564375 11.801938
v 12.93952 9.317359 11.949856
v 14.941914 9.013139 10.445042
v 14.815255 8.936737 10.867767
v 14.611226 8.813664 11.24698
v 14.340057 8.650092 11.563663
v 14.015346 8.454222 11.801938
v 13.653376 8.235878 11.949856
v 15.624454 7.770064 10.445042
v 15.49201 7.704199 10.867767
v 15.27866 7.5981 11.24698
v 14.995105 7.457088 11.563663
v 14.655561 7.288232 11.801938
v 14.277056 7.100001 11.949856
v 16.203801 6.475671 10.445042
v 16.066445 6.420778 10.867767
v 15.845185 6.332354 11.24698
v 15.551115 6.214833 11.563663
v 15.198982 6.074106 11.801938
v 14.806442 5.917232 11.949856
v 16.676127 5.138508 10.445042
v 16.534767 5.094951 10.867767
v 16.307058 5.024785 11.24698
v 16.004416 4.931531 11.563663
v 15.642018 4.819863 11.801938
v 15.238036 4.695382 11.949856
v 17.038313 3.767408 10.445042
v 16.893883 3.735472 10.867767
v 16.661228 3.684029 11.24698
v 16.352014 3.615657 11.563663
v 15.981745 3.533786 11.801938
v 15.568989 3.44252 11.949856
v 17.287967 2.371425 10.445042
v 17.141421 2.351323 10.867767
v 16.905357 2.318941 11.24698
v 16.591612 2.275904 11.563663
v 16.215918 2.22437 11.801938
v 15.797114 2.166922 11.949856
v 17.423441 0.959779 10.445042
v 17.275747 0.951644 10.867767
v 17.037833 0.938538 11.24698
v 16.721629 0.92112 11.563663
v 16.342991 0.900262 11.801938
v 15.920905 0.877011 11.949856
v 17.443839 -0.458205 10.445042
v 17.295972 -0.454321 10.867767
v 17.057779 -0.448064 11.24698
v 16.741205 -0.439749 11.563663
v 16.362124 -0.429791 11.801938
v 15.939544 -0.418691 11.949856
v 17.349027 -1.873163 10.445042
v 17.201963 -1.857285 10.867767
v 16.965065 -1.831707 11.24698
v 16.650212 -1.797713 11.563663
v 16.273191 -1.757006 11.801938
v 15.852908 -1.711628 11.949856
v 17.13963 -3.27575 10.445042
v 16.994342 -3.247982 10.867767
v 16.760303 -3.203252 11.24698
v 16.44925 -3.143803 11.563663
v 16.07678 -3.072616 11.801938
v 15.661569 -2.993261 11.949856
v 16.817033 -4.656701 10.445042
v 16.674479 -4.617227 10.867767
v 16.444846 -4.553641 11.24698
v 16.139647 -4.46913 11.563663
v 15.774187 -4.367933 11.801938
v 16.383365 -6.006897 10.445042
v 16.244488 -5.955978 10.867767
v 16.020776 -5.873955 11.24698
v 15.723447 -5.76494 11.563663
v 15.367411 -5.634401 11.801938
v 14.970522 -5.488883 11.949856
v 15.841491 -7.317419 10.445042
v 15.707207 -7.255391 10.867767
v 15.490894 -7.155473 11.24698
v 15.2034 -7.022675 11.563663
v 14.85914 -6.863656 11.801938
v 14.475377 -6.686391 11.949856
v 15.19499 -8.579612 10.445042
v 15.066186 -8.506885 10.867767
v 14.858701 -8.389732 11.24698
v 14.582939 -8.234027 11.563663
v 14.252729 -8.047579 11.801938
v 13.884628 -7.839737 11.949856
v 14.448131 -9.78514 10.445042
v 14.325658 -9.702194 10.867767
v 14.128371 -9.56858 11.24698
v 13.866164 -9.390997 11.563663
v 13.552184 -9.178351 11.801938
v 13.202175 -8.941304 11.949856
v 13.605848 -10.926041 10.445042
v 13.490514 -10.833424 10.867767
v 13.304729 -10.68423 11.24698
v 13.057807 -10.485943 11.563663
v 12.762131 -10.248503 11.801938
v 12.432528 -9.983818 11.949856
v 12.673703 -11.994779 10.445042
v 12.566271 -11.893102 10.867767
v 12.393214 -11.729316 11.24698
v 12.163209 -11.511632 11.563663
v 11.88779 -11.250967 11.801938
v 11.580767 -10.960392 11.949856
v 11.657852 -12.984296 10.445042
v 11.559032 -12.874232 10.867767
v 11.399846 -12.696933 11.24698
v 11.188277 -12.461292 11.563663
v 10.934934 -12.179123 11.801938
v 10.65252 -11.864576 11.949856
v 10.565006 -13.888057 10.445042
v 10.475449 -13.770331 10.867767
v 10.331186 -13.580692 11.24698
v 10.13945 -13.328649 11.563663
v 9.909856 -13.02684 11.801938
v 9.653917 -12.6904 11.949856
v 9.402382 -14.700091 10.445042
v 9.32268 -14.575482 10.867767
v 9.194292 -14.374755 11.24698
v 9.023656 -14.107975 11.563663
v 8.819328 -13.78852 11.801938
v 8.591553 -13.432407 11.949856
v 8.177658 -15.415037 10.445042
v 8.108338 -15.284368 10.867767
v 7.996674 -15.073878 11.24698
v 7.848264 -14.794123 11.563663
v 7.670551 -14.459131 11.801938
v 7.472446 -14.085699 11.949856
v 6.898924 -16.028173 10.445042
v 6.840443 -15.892306 10.867767
v 6.74624 -15.673444 11.24698
v 6.621037 -15.382561 11.563663
v 6.471113 -15.034245 11.801938
v 6.303985 -14.64596 11.949856
v 5.574625 -16.535448 10.445042
v 5.52737 -16.395281 10.867767
v 5.45125 -16.169492 11.24698
v 5.35008 -15.869404 11.563663
v 5.228935 -15.510063 11.801938
v 5.093889 -15.109489 11.949856
v 4.213507 -16.933512 10.445042
v 4.17779 -16.789971 10.867767
v 4.120256 -16.558747 11.24698
v 4.043788 -16.251434 11.563663
v 3.952222 -15.883443 11.801938
v 3.850149 -15.473226 11.949856
v 2.824561 -17.219736 10.445042
v 2.800618 -17.073769 10.867767
v 2.762049 -16.838636 11.24698
v 2.710789 -16.526129 11.563663
v 2.649406 -16.151918 11.801938
v 2.580981 -15.734767 11.949856
v 1.41696 -17.392231 10.445042
v 1.404949 -17.244801 10.867767
v 1.3856 -17.007313 11.24698
v 1.359885 -16.691676 11.563663
v 1.329092 -16.313716 11.801938
v 1.294766 -15.892386 11.949856
v 0 -17.449856 10.445042
v 0 -17.301938 10.867767
v 0 -17.063663 11.24698
v 0 -16.74698 11.563663
v 0 -16.367767 11.801938
v 0 -15.945042 11.949856
v -1.41696 -17.392231 10.445042
v -1.404949 -17.244801 10.867767
v -1.3856 -17.007313 11.24698
v -1.359885 -16.691676 11.563663
v -1.329092 -16.313716 11.801938
v -1.294766 -15.892386 11.949856
v -2.824561 -17.219736 10.445042
v -2.800618 -17.073769 10.867767
v -2.762049 -16.838636 11.24698
v -2.710789 -16.526129 11.563663
v -2.649406 -16.151918 11.801938
v -2.580981 -15.734767 11.949856
v -4.213507 -16.933512 10.445042
v -4.17779 -16.789971 10.867767
v -4.120256 -16.558747 11.24698
v -4.043788 -16.251434 11.563663
v -3.952222 -15.883443 11.801938
v -3.850149 -15.473226 11.949856
v -5.574625 -16.535448 10.445042
v -5.52737 -16.395281 10.867767
v -5.45125 -16.169492 11.24698
v -5.35008 -15.869404 11.563663
v -5.228935 -15.510063 11.801938
v -5.093889 -15.109489 11.949856
v -6.898924 -16.028173 10.445042
v -6.840443 -15.892306 10.867767
v -6.74624 -15.673444 11.24698
v -6.621037 -15.382561 11.563663
v -6.471113 -15.034245 11.801938
v -6.303985 -14.64596 11.949856
v -8.177658 -15.415037 10.445042
v -8.108338 -15.284368 10.867767
v -7.996674 -15.073878 11.24698
v -7.848264 -14.794123 11.563663
v -7.670551 -14.459131 11.801938
v -7.472446 -14.085699 11.949856
v -9.402382 -14.700091 10.445042
v -9.32268 -14.575482 10.867767
v -9.194292 -14.374755 11.24698
v -9.023656 -14.107975 11.563663
v -8.819328 -13.78852 11.801938
v -8.591553 -13.432407 11.949856
v -10.565006 -13.888057 10.445042
v -10.475449 -13.770331 10.867767
v -10.331186 -13.580692 11.24698
v -10.13945 -13.328649 11.563663
v -9.909856 -13.02684 11.801938
v -9.653917 -12.6904 11.949856
v -11.657852 -12.984296 10.445042
v -11.559032 -12.874232 10.867767
v -11.399846 -12.696933 11.24698
v -11.188277 -12.461292 11.563663
v -10.934934 -12.179123 11.801938
v -10.65252 -11.864576 11.949856
v -12.673703 -11.994779 10.445042
v -12.566271 -11.893102 10.867767
v -12.393214 -11.729316 11.24698
v -12.163209 -11.511632 11.563663
v -11.88779 -11.250967 11.801938
v -11.580767 -10.960392 11.949856
v -13.605848 -10.926041 10.445042
v -13.490514 -10.833424 10.867767
v -13.304729 -10.68423 11.24698
v -13.057807 -10.485943 11.563663
v -12.762131 -10.248503 11.801938
v -12.432528 -9.983818 11.949856
v -14.448131 -9.78514 10.445042
v -14.325658 -9.702194 10.867767
v -14.128371 -9.56858 11.24698
v -13.866164 -9.390997 11.563663
v -13.552184 -9.178351 11.801938
v -13.202175 -8.941304 11.949856
v -15.19499 -8.579612 10.445042
v -15.066186 -8.506885 10.867767
v -14.858701 -8.389732 11.24698
v -14.582939 -8.234027 11.563663
v -14.252729 -8.047579 11.801938
v -13.884628 -7.839737 11.949856
v -15.841491 -7.317419 10.445042
v -15.707207 -7.255391 10.867767
v -15.490894 -7.155473 11.24698
v -15.2034 -7.022675 11.563663
v -14.85914 -6.863656 11.801938
v -14.475377 -6.686391 11.949856
v -16.383365 -6.006897 10.445042
v -16.244488 -5.955978 10.867767
v -16.020776 -5.873955 11.24698
v -15.723447 -5.76494 11.563663
v -15.367411 -5.634401 11.801938
v -14.970522 -5.488883 11.949856
v -16.817033 -4.656701 10.445042
v -16.674479 -4.617227 10.867767
v -16.444846 -4.553641 11.24698
v -16.139647 -4.46913 11.563663
v -15.774187 -4.367933 11.801938
v -15.366792 -4.255124 11.949856
v -17.13963 -3.27575 10.445042
v -16.994342 -3.247982 10.867767
v -16.760303 -3.203252 11.24698
v -16.44925 -3.143803 11.563663
v -16.07678 -3.072616 11.801938
v -17.349027 -1.873163 10.445042
v -17.201963 -1.857285 10.867767
v -16.965065 -1.831707 11.24698
v -16.650212 -1.797713 11.563663
v -16.273191 -1.757006 11.801938
v -15.852908 -1.711628 11.949856
v -17.443839 -0.458205 10.445042
v -17.295972 -0.454321 10.867767
v -17.057779 -0.448064 11.24698
v -16.741205 -0.439749 11.563663
v -16.362124 -0.429791 11.801938
v -15.939544 -0.418691 11.949856
v -17.423441 0.959779 10.445042
v -17.275747 0.951644 10.867767
v -17.037833 0.938538 11.24698
v -16.721629 0.92112 11.563663
v -16.342991 0.900262 11.801938
v -15.920905 0.877011 11.949856
v -17.287967 2.371425 10.445042
v -17.141421 2.351323 10.867767
v -16.905357 2.318941 11.24698
v -16.591612 2.275904 11.563663
v -16.215918 2.22437 11.801938
v -15.797114 2.166922 11.949856
v -17.038313 3.767408 10.445042
v -16.893883 3.735472 10.867767
v -16.661228 3.684029 11.24698
v -16.352014 3.615657 11.563663
v -15.981745 3.533786 11.801938
v -15.568989 3.44252 11.949856
v -16.676127 5.138508 10.445042
v -16.534767 5.094951 10.867767
v -16.307058 5.024785 11.24698
v -16.004416 4.931531 11.563663
v -15.642018 4.819863 11.801938
v -15.238036 4.695382 11.949856
v -16.203801 6.475671 10.445042
v -16.066445 6.420778 10.867767
v -15.845185 6.332354 11.24698
v -15.551115 6.214833 11.563663
v -15.198982 6.074106 11.801938
v -14.806442 5.917232 11.949856
v -15.624454 7.770064 10.445042
v -15.49201 7.704199 10.867767
v -15.27866 7.5981 11.24698
v -14.995105 7.457088 11.563663
v -14.655561 7.288232 11.801938
v -14.277056 7.100001 11.949856
v -14.941914 9.013139 10.445042
v -14.815255 8.936737 10.867767
v -14.611226 8.813664 11.24698
v -14.340057 8.650092 11.563663
v -14.015346 8.454222 11.801938
v -13.653376 8.235878 11.949856
v -14.160688 10.196685 10.445042
v -14.040651 10.11025 10.867767
v -13.847289 9.971016 11.24698
v -13.590299 9.785965 11.563663
v -13.282565 9.564375 11.801938
v -12.93952 9.317359 11.949856
v -13.285935 11.312886 10.445042
v -13.173314 11.216989 10.867767
v -12.991897 11.062514 11.24698
v -12.750781 10.857205 11.563663
v -12.462057 10.611359 11.801938
v -12.140203 10.337303 11.949856
v -12.323434 12.354369 10.445042
v -12.218972 12.249644 10.867767
v -12.050697 12.080947 11.24698
v -11.827049 11.856738 11.563663
v -11.559242 11.588259 11.801938
v -11.260705 11.288972 11.949856
v -11.279541 13.314256 10.445042
v -11.183927 13.201395 10.867767
v -11.029907 13.019591 11.24698
v -10.825204 12.777961 11.563663
v -10.580082 12.488622 11.801938
v -10.306833 12.166082 11.949856
v -10.161151 14.186207 10.445042
v -10.075017 14.065954 10.867767
v -9.936269 13.872244 11.24698
v -9.751862 13.61479 11.563663
v -9.531045 13.306502 11.801938
v -9.284889 12.962839 11.949856
v -8.97565 14.964464 10.445042
v -8.899565 14.837614 10.867767
v -8.777004 14.633277 11.24698
v -8.614113 14.361699 11.563663
v -8.419058 14.036498 11.801938
v -8.201621 13.673981 11.949856
v 2.96825 20.171366 12
v 3.413292 20.171366 11.949856
v 3.836017 20.171366 11.801938
v 4.21523 20.171366 11.563663
v 4.531913 20.171366 11.24698
v 4.770188 20.171366 10.867767
v 4.918106 20.171366 10.445042
v 4.96825 20.171366 10
v 5.016459 19.478715 10
v 5.160156 18.799421 10
v 5.39657 18.146583 10
v 5.721143 17.53279 10
v 6.127615 16.969878 10
v 6.608148 16.468702 10
v 7.153476 16.038927 10
v 6.117371 14.325792 12
v 5.426419 14.84485 12
v 4.804691 15.445092 12
v 4.261664 16.11737 12
v 3.805615 16.851437 12
v 3.443493 17.636105 12
v 3.180819 18.459415 12
v 3.021595 19.308817 12
v 4.949287 19.611038 10.445042
v 4.802282 19.594626 10.867767
v 4.565479 19.568189 11.24698
v 4.250751 19.533052 11.563663
v 3.87388 19.490977 11.801938
v 3.453764 19.444075 11.949856
v 5.042446 19.05763 10.445042
v 4.898169 19.025009 10.867767
v 4.665761 18.972461 11.24698
v 4.356875 18.902621 11.563663
v 3.986999 18.818991 11.801938
v 3.574682 18.725765 11.949856
v 5.196431 18.517975 10.445042
v 5.056665 18.469547 10.867767
v 4.831522 18.391537 11.24698
v 4.532292 18.287857 11.563663
v 4.173979 18.163705 11.801938
v 3.774551 18.025307 11.949856
v 5.409342 17.998737 10.445042
v 5.275812 17.935101 10.867767
v 5.060715 17.832592 11.24698
v 4.774836 17.696352 11.563663
v 4.432511 17.53321 11.801938
v 4.050904 17.351349 11.949856
v 6.000729 17.046828 10.445042
v 5.884521 16.955311 10.867767
v 5.697326 16.80789 11.24698
v 5.448532 16.611957 11.563663
v 5.150613 16.377338 11.801938
v 4.818509 16.115796 11.949856
v 4.400328 16.712215 11.949856
v 4.759401 16.935293 11.801938
v 5.081512 17.135409 11.563663
v 5.350509 17.302528 11.24698
v 5.552905 17.428269 10.867767
v 5.67855 17.506328 10.445042
v 6.371902 16.625913 10.445042
v 6.266565 16.522067 10.867767
v 6.096883 16.354786 11.24698
v 5.871364 16.132459 11.563663
v 5.601317 15.866233 11.801938
v 5.300282 15.569458 11.949856
v 6.787485 16.248779 10.445042
v 6.69432 16.133887 10.867767
v 6.544246 15.948812 11.24698
v 6.344787 15.702835 11.563663
v 6.105946 15.408291 11.801938
v 5.839698 15.079948 11.949856
v 7.242346 15.920083 10.445042
v 7.162504 15.795564 10.867767
v 7.033891 15.594981 11.24698
v 6.862956 15.328392 11.563663
v 6.658269 15.009166 11.801938
v 6.430096 14.65331 11.949856
v 2.96825 24.34125 12
v 3.413292 24.34125 11.949856
v 3.836017 24.34125 11.801938
v 4.21523 24.34125 11.563663
v 4.531913 24.34125 11.24698
v 4.770188 24.34125 10.867767
v 4.918106 24.34125 10.445042
v -2.96825 24.34125 12
v -3.413292 24.34125 11.949856
v -3.836017 24.34125 11.801938
v -4.21523 24.34125 11.563663
v -4.531913 24.34125 11.24698
v -4.770188 24.34125 10.867767
v -4.918106 24.34125 10.445042
v 2.911216 24.920327 12
v 2.742305 25.47715 12
v 2.46801 25.990321 12
v 2.09887 26.44012 12
v 1.649071 26.80926 12
v 1.1359 27.083555 12
v 0.579077 27.252466 12
v 0 27.3095 12
v -0.579077 27.252466 12
v -1.1359 27.083555 12
v -1.649071 26.80926 12
v -2.09887 26.44012 12
v -2.46801 25.990321 12
v -2.742305 25.47715 12
v -2.911216 24.920327 12
v 2.50212 26.662878 11.949856
v 0.759529 27.668964 11.949856
v -0.759529 27.668964 11.949856
v -2.50212 26.662878 11.949856
v -4.863175 25.074256 10.445042
v -4.716909 25.05221 10.867767
v -4.481295 25.016697 11.24698
v -4.168149 24.969497 11.563663
v -3.793172 24.912979 11.801938
v -3.375168 24.849975 11.949856
v -4.699608 25.790887 10.445042
v -4.558262 25.747288 10.867767
v -4.330573 25.677055 11.24698
v -4.027959 25.583711 11.563663
v -3.665594 25.471936 11.801938
v -3.261649 25.347335 11.949856
v -4.43106 26.475136 10.445042
v -4.297791 26.410957 10.867767
v -4.083112 26.307573 11.24698
v -3.797791 26.17017 11.563663
v -3.456132 26.005636 11.801938
v -3.07527 25.822222 11.949856
v -4.06353 27.111718 10.445042
v -3.941314 27.028392 10.867767
v -3.744442 26.894167 11.24698
v -3.482786 26.715773 11.563663
v -3.169466 26.502156 11.801938
v -2.820194 26.264026 11.949856
v -3.605227 27.686412 10.445042
v -3.496795 27.585802 10.867767
v -3.322127 27.423734 11.24698
v -3.089982 27.208334 11.563663
v -2.812 26.950405 11.801938
v -3.066389 28.18638 10.445042
v -2.974163 28.070733 10.867767
v -2.825602 27.884442 11.24698
v -2.628153 27.636849 11.563663
v -2.391718 27.340369 11.801938
v -2.128153 27.009869 11.949856
v -2.459053 28.600455 10.445042
v -2.385094 28.472354 10.867767
v -2.265956 28.266002 11.24698
v -2.107615 27.991746 11.563663
v -1.918009 27.663339 11.801938
v -1.706646 27.297247 11.949856
v -1.796786 28.919386 10.445042
v -1.742745 28.781693 10.867767
v -1.655694 28.559889 11.24698
v -1.539996 28.265097 11.563663
v -1.401455 27.912098 11.801938
v -1.247016 27.518594 11.949856
v -1.094382 29.136049 10.445042
v -1.061467 28.991839 10.867767
v -1.008446 28.759538 11.24698
v -0.937977 28.450795 11.563663
v -0.853594 28.081091 11.801938
v -0.367531 29.245604 10.445042
v -0.356477 29.098099 10.867767
v -0.33867 28.860491 11.24698
v -0.315005 28.544693 11.563663
v -0.286666 28.166541 11.801938
v -0.255076 27.744998 11.949856
v 0.367531 29.245604 10.445042
v 0.356477 29.098099 10.867767
v 0.33867 28.860491 11.24698
v 0.315005 28.544693 11.563663
v 0.286666 28.166541 11.801938
v 0.255076 27.744998 11.949856
v 1.094382 29.136049 10.445042
v 1.061467 28.991839 10.867767
v 1.008446 28.759538 11.24698
v 0.937977 28.450795 11.563663
v 0.853594 28.081091 11.801938
v 1.796786 28.919386 10.445042
v 1.742745 28.781693 10.867767
v 1.655694 28.559889 11.24698
v 1.539996 28.265097 11.563663
v 1.401455 27.912098 11.801938
v 1.247016 27.518594 11.949856
v 2.459053 28.600455 10.445042
v 2.385094 28.472354 10.867767
v 2.265956 28.266002 11.24698
v 2.107615 27.991746 11.563663
v 1.918009 27.663339 11.801938
v 1.706646 27.297247 11.949856
v 3.066389 28.18638 10.445042
v 2.974163 28.070733 10.867767
v 2.825602 27.884442 11.24698
v 2.628153 27.636849 11.563663
v 2.391718 27.340369 11.801938
v 2.128153 27.009869 11.949856
v 3.605227 27.686412 10.445042
v 3.496795 27.585802 10.867767
v 3.322127 27.423734 11.24698
v 3.089982 27.208334 11.563663
v 2.812 26.950405 11.801938
v 4.06353 27.111718 10.445042
v 3.941314 27.028392 10.867767
v 3.744442 26.894167 11.24698
v 3.482786 26.715773 11.563663
v 3.169466 26.502156 11.801938
v 2.820194 26.264026 11.949856
v 4.43106 26.475136 10.445042
v 4.297791 26.410957 10.867767
v 4.083112 26.307573 11.24698
v 3.797791 26.17017 11.563663
v 3.456132 26.005636 11.801938
v 3.07527 25.822222 11.949856
v 4.699608 25.790887 10.445042
v 4.558262 25.747288 10.867767
v 4.330573 25.677055 11.24698
v 4.027959 25.583711 11.563663
v 3.665594 25.471936 11.801938
v 3.261649 25.347335 11.949856
v 4.863175 25.074256 10.445042
v 4.716909 25.05221 10.867767
v 4.481295 25.016697 11.24698
v 4.168149 24.969497 11.563663
v 3.793172 24.912979 11.801938
v 3.375168 24.849975 11.949856
v -7.753083 15.68884 3.754
v -7.259891 15.968415 3.754
v -6.801518 16.302024 3.754
v -2.5 6 12
v -2.445369 5.480221 12
v -2.283864 4.983158 12
v -2.022542 4.530537 12
v -1.672827 4.142138 12
v -1.25 3.834936 12
v -0.772542 3.622359 12
v -0.261321 3.513695 12
v 0.261321 3.513695 12
v 0.772542 3.622359 12
v 1.25 3.834936 12
v 1.672827 4.142138 12
v 2.022542 4.530537 12
v 2.283864 4.983158 12
v 2.445369 5.480221 12
v 2.5 6 12
v 2.445369 6.519779 12
v 2.283864 7.016842 12
v 2.022542 7.469463 12
v 1.672827 7.857862 12
v 1.25 8.165064 12
v 0.772542 8.377641 12
v 0.261321 8.486305 12
v -0.261321 8.486305 12
v -0.772542 8.377641 12
v -1.25 8.165064 12
v -1.672827 7.857862 12
v -2.022542 7.469463 12
v -2.283864 7.016842 12
v -2.445369 6.519779 12
v -2.5 -6 12
v -2.445369 -6.519779 12
v -2.283864 -7.016842 12
v -2.022542 -7.469463 12
v -1.672827 -7.857862 12
v -1.25 -8.165064 12
v -0.772542 -8.377641 12
v -0.261321 -8.486305 12
v 0.261321 -8.486305 12
v 0.772542 -8.377641 12
v 1.25 -8.165064 12
v 1.672827 -7.857862 12
v 2.022542 -7.469463 12
v 2.283864 -7.016842 12
v 2.445369 -6.519779 12
v 2.5 -6 12
v 2.445369 -5.480221 12
v 2.283864 -4.983158 12
v 2.022542 -4.530537 12
v 1.672827 -4.142138 12
v 1.25 -3.834936 12
v 0.772542 -3.622359 12
v 0.261321 -3.513695 12
v -0.261321 -3.513695 12
v -0.772542 -3.622359 12
v -1.25 -3.834936 12
v -1.672827 -4.142138 12
v -2.022542 -4.530537 12
v -2.283864 -4.983158 12
v -2.445369 -5.480221 12
v 3.5 0 12
v 3.554631 -0.519779 12
v 3.716136 -1.016842 12
v 3.977458 -1.469463 12
v 4.327173 -1.857862 12
v 4.75 -2.165064 12
v 5.227458 -2.377641 12
v 5.738679 -2.486305 12
v 6.261321 -2.486305 12
v 6.772542 -2.377641 12
v 7.25 -2.165064 12
v 7.672827 -1.857862 12
v 8.022542 -1.469463 12
v 8.283864 -1.016842 12
v 8.445369 -0.519779 12
v 8.5 0 12
v 8.445369 0.519779 12
v 8.283864 1.016842 12
v 8.022542 1.469463 12
v 7.672827 1.857862 12
v 7.25 2.165064 12
v 6.772542 2.377641 12
v 6.261321 2.486305 12
v 5.738679 2.486305 12
v 5.227458 2.377641 12
v 4.75 2.165064 12
v 4.327173 1.857862 12
v 3.977458 1.469463 12
v 3.716136 1.016842 12
v 3.554631 0.519779 12
v -8.5 0 12
v -8.445369 -0.519779 12
v -8.283864 -1.016842 12
v -8.022542 -1.469463 12
v -7.672827 -1.857862 12
v -7.25 -2.165064 12
v -6.772542 -2.377641 12
v -6.261321 -2.486305 12
v -5.738679 -2.486305 12
v -5.227458 -2.377641 12
v -4.75 -2.165064 12
v -4.327173 -1.857862 12
v -3.977458 -1.469463 12
v -3.716136 -1.016842 12
v -3.554631 -0.519779 12
v -3.5 0 12
v -3.554631 0.519779 12
v -3.716136 1.016842 12
v -3.977458 1.469463 12
v -4.327173 1.857862 12
v -4.75 2.165064 12
v -5.227458 2.377641 12
v -5.738679 2.486305 12
v -6.261321 2.486305 12
v -6.772542 2.377641 12
v -7.25 2.165064 12
v -7.672827 1.857862 12
v -8.022542 1.469463 12
v -8.283864 1.016842 12
v -8.445369 0.519779 12
v 6.801518 16.302024 3.754
v 7.259891 15.968415 3.754
v 7.753083 15.68884 3.754
v -8.5 0 9.5
v -8.445369 -0.519779 9.5
v -8.283864 -1.016842 9.5
v -8.022542 -1.469463 9.5
v -7.672827 -1.857862 9.5
v -7.25 -2.165064 9.5
v -6.772542 -2.377641 9.5
v -6.261321 -2.486305 9.5
v -5.738679 -2.486305 9.5
v -5.227458 -2.377641 9.5
v -4.75 -2.165064 9.5
v -4.327173 -1.857862 9.5
v -3.977458 -1.469463 9.5
v -3.716136 -1.016842 9.5
v -3.554631 -0.519779 9.5
v -3.5 0 9.5
v -3.554631 0.519779 9.5
v -3.716136 1.016842 9.5
v -3.977458 1.469463 9.5
v -4.327173 1.857862 9.5
v -4.75 2.165064 9.5
v -5.227458 2.377641 9.5
v -5.738679 2.486305 9.5
v -6.261321 2.486305 9.5
v -6.772542 2.377641 9.5
v -7.25 2.165064 9.5
v -7.672827 1.857862 9.5
v -8.022542 1.469463 9.5
v -8.283864 1.016842 9.5
v -8.445369 0.519779 9.5
v -7.308 0 9.5
v -7.263431 -0.338535 9.5
v -7.132761 -0.654 9.5
v -6.924896 -0.924896 9.5
v -6.654 -1.132761 9.5
v -6.338535 -1.263431 9.5
v -6 -1.308 9.5
v -5.661465 -1.263431 9.5
v -5.346 -1.132761 9.5
v -5.075104 -0.924896 9.5
v -4.867239 -0.654 9.5
v -4.736569 -0.338535 9.5
v -4.692 0 9.5
v -4.736569 0.338535 9.5
v -4.867239 0.654 9.5
v -5.075104 0.924896 9.5
v -5.346 1.132761 9.5
v -5.661465 1.263431 9.5
v -6 1.308 9.5
v -6.338535 1.263431 9.5
v -6.654 1.132761 9.5
v -6.924896 0.924896 9.5
v -7.132761 0.654 9.5
v -7.263431 0.338535 9.5
v 3.5 0 9.5
v 3.554631 -0.519779 9.5
v 3.716136 -1.016842 9.5
v 3.977458 -1.469463 9.5
v 4.327173 -1.857862 9.5
v 4.75 -2.165064 9.5
v 5.227458 -2.377641 9.5
v 5.738679 -2.486305 9.5
v 6.261321 -2.486305 9.5
v 6.772542 -2.377641 9.5
v 7.25 -2.165064 9.5
v 7.672827 -1.857862 9.5
v 8.022542 -1.469463 9.5
v 8.283864 -1.016842 9.5
v 8.445369 -0.519779 9.5
v 8.5 0 9.5
v 8.445369 0.519779 9.5
v 8.283864 1.016842 9.5
v 8.022542 1.469463 9.5
v 7.672827 1.857862 9.5
v 7.25 2.165064 9.5
v 6.772542 2.377641 9.5
v 6.261321 2.486305 9.5
v 5.738679 2.486305 9.5
v 5.227458 2.377641 9.5
v 4.75 2.165064 9.5
v 4.327173 1.857862 9.5
v 3.977458 1.469463 9.5
v 3.716136 1.016842 9.5
v 3.554631 0.519779 9.5
v 4.692 0 9.5
v 4.736569 -0.338535 9.5
v 4.867239 -0.654 9.5
v 5.075104 -0.924896 9.5
v 5.346 -1.132761 9.5
v 5.661465 -1.263431 9.5
v 6 -1.308 9.5
v 6.338535 -1.263431 9.5
v 6.654 -1.132761 9.5
v 6.924896 -0.924896 9.5
v 7.132761 -0.654 9.5
v 7.263431 -0.338535 9.5
v 7.308 0 9.5
v 7.263431 0.338535 9.5
v 7.132761 0.654 9.5
v 6.924896 0.924896 9.5
v 6.654 1.132761 9.5
v 6.338535 1.263431 9.5
v 6 1.308 9.5
v 5.661465 1.263431 9.5
v 5.346 1.132761 9.5
v 5.075104 0.924896 9.5
v 4.867239 0.654 9.5
v 4.736569 0.338535 9.5
v -2.5 -6 9.5
v -2.445369 -6.519779 9.5
v -2.283864 -7.016842 9.5
v -2.022542 -7.469463 9.5
v -1.672827 -7.857862 9.5
v -1.25 -8.165064 9.5
v -0.772542 -8.377641 9.5
v -0.261321 -8.486305 9.5
v 0.261321 -8.486305 9.5
v 0.772542 -8.377641 9.5
v 1.25 -8.165064 9.5
v 1.672827 -7.857862 9.5
v 2.022542 -7.469463 9.5
v 2.283864 -7.016842 9.5
v 2.445369 -6.519779 9.5
v 2.5 -6 9.5
v 2.445369 -5.480221 9.5
v 2.283864 -4.983158 9.5
v 2.022542 -4.530537 9.5
v 1.672827 -4.142138 9.5
v 1.25 -3.834936 9.5
v 0.772542 -3.622359 9.5
v 0.261321 -3.513695 9.5
v -0.261321 -3.513695 9.5
v -0.772542 -3.622359 9.5
v -1.25 -3.834936 9.5
v -1.672827 -4.142138 9.5
v -2.022542 -4.530537 9.5
v -2.283864 -4.983158 9.5
v -2.445369 -5.480221 9.5
v -1.308 -6 9.5
v -1.263431 -6.338535 9.5
v -1.132761 -6.654 9.5
v -0.924896 -6.924896 9.5
v -0.654 -7.132761 9.5
v -0.338535 -7.263431 9.5
v 0 -7.308 9.5
v 0.338535 -7.263431 9.5
v 0.654 -7.132761 9.5
v 0.924896 -6.924896 9.5
v 1.132761 -6.654 9.5
v 1.263431 -6.338535 9.5
v 1.308 -6 9.5
v 1.263431 -5.661465 9.5
v 1.132761 -5.346 9.5
v 0.924896 -5.075104 9.5
v 0.654 -4.867239 9.5
v 0.338535 -4.736569 9.5
v 0 -4.692 9.5
v -0.338535 -4.736569 9.5
v -0.654 -4.867239 9.5
v -0.924896 -5.075104 9.5
v -1.132761 -5.346 9.5
v -1.263431 -5.661465 9.5
v -2.5 6 9.5
v -2.445369 5.480221 9.5
v -2.283864 4.983158 9.5
v -2.022542 4.530537 9.5
v -1.672827 4.142138 9.5
v -1.25 3.834936 9.5
v -0.772542 3.622359 9.5
v -0.261321 3.513695 9.5
v 0.261321 3.513695 9.5
v 0.772542 3.622359 9.5
v 1.25 3.834936 9.5
v 1.672827 4.142138 9.5
v 2.022542 4.530537 9.5
v 2.283864 4.983158 9.5
v 2.445369 5.480221 9.5
v 2.5 6 9.5
v 2.445369 6.519779 9.5
v 2.283864 7.016842 9.5
v 2.022542 7.469463 9.5
v 1.672827 7.857862 9.5
v 1.25 8.165064 9.5
v 0.772542 8.377641 9.5
v 0.261321 8.486305 9.5
v -0.261321 8.486305 9.5
v -0.772542 8.377641 9.5
v -1.25 8.165064 9.5
v -1.672827 7.857862 9.5
v -2.022542 7.469463 9.5
v -2.283864 7.016842 9.5
v -2.445369 6.519779 9.5
v -1.308 6 9.5
v -1.263431 5.661465 9.5
v -1.132761 5.346 9.5
v -0.924896 5.075104 9.5
v -0.654 4.867239 9.5
v -0.338535 4.736569 9.5
v 0 4.692 9.5
v 0.338535 4.736569 9.5
v 0.654 4.867239 9.5
v 0.924896 5.075104 9.5
v 1.132761 5.346 9.5
v 1.263431 5.661465 9.5
v 1.308 6 9.5
v 1.263431 6.338535 9.5
v 1.132761 6.654 9.5
v 0.924896 6.924896 9.5
v 0.654 7.132761 9.5
v 0.338535 7.263431 9.5
v 0 7.308 9.5
v -0.338535 7.263431 9.5
v -0.654 7.132761 9.5
v -0.924896 6.924896 9.5
v -1.132761 6.654 9.5
v -1.263431 6.338535 9.5
v 8.254 0 3.754
v 8.196066 0.976227 3.754
v 8.023077 1.938749 3.754
v 7.737462 2.874056 3.754
v 7.34323 3.769018 3.754
v 6.845915 4.61107 3.754
v 6.252498 5.388394 3.754
v 5.57131 6.090076 3.754
v 4.811913 6.706267 3.754
v 3.984967 7.228316 3.754
v 3.102081 7.648896 3.754
v 2.175648 7.962102 3.754
v 1.218675 8.163538 3.754
v 0.244593 8.250375 3.754
v -0.732921 8.221395 3.754
v -1.700148 8.077005 3.754
v -2.643507 7.819232 3.754
v -3.549758 7.451693 3.754
v -4.406178 6.979549 3.754
v -5.200745 6.409428 3.754
v -5.922305 5.749332 3.754
v -6.560729 5.008528 3.754
v -7.107054 4.197416 3.754
v -7.553612 3.327381 3.754
v -7.894134 2.410637 3.754
v -8.123839 1.460052 3.754
v -8.239504 0.488972 3.754
v -8.239504 -0.488972 3.754
v -8.123839 -1.460052 3.754
v -7.894134 -2.410637 3.754
v -7.553612 -3.327381 3.754
v -7.107054 -4.197416 3.754
v -6.560729 -5.008528 3.754
v -5.922305 -5.749332 3.754
v -5.200745 -6.409428 3.754
v -4.406178 -6.979549 3.754
v -3.549758 -7.451693 3.754
v -2.643507 -7.819232 3.754
v -1.700148 -8.077005 3.754
v -0.732921 -8.221395 3.754
v 0.244593 -8.250375 3.754
v 1.218675 -8.163538 3.754
v 2.175648 -7.962102 3.754
v 3.102081 -7.648896 3.754
v 3.984967 -7.228316 3.754
v 4.811913 -6.706267 3.754
v 5.57131 -6.090076 3.754
v 6.252498 -5.388394 3.754
v 6.845915 -4.61107 3.754
v 7.34323 -3.769018 3.754
v 7.737462 -2.874056 3.754
v 8.023077 -1.938749 3.754
v 8.196066 -0.976227 3.754
v 9.001442 15.007466 3.754
v 10.19035 14.226973 3.754
v 11.311954 13.352516 3.754
v 12.358847 12.389871 3.754
v 13.324114 11.345395 3.754
v 14.20138 10.225987 3.754
v 14.984851 9.039039 3.754
v 15.669353 7.792392 3.754
v 16.250364 6.49428 3.754
v 16.724047 5.153275 3.754
v 17.087274 3.778234 3.754
v 17.337646 2.378239 3.754
v 17.473509 0.962537 3.754
v 17.493966 -0.459522 3.754
v 17.398881 -1.878546 3.754
v 17.188883 -3.285163 3.754
v 16.865359 -4.670083 3.754
v 16.430445 -6.024158 3.754
v 15.887014 -7.338446 3.754
v 15.238655 -8.604267 3.754
v 14.48965 -9.813259 3.754
v 13.644946 -10.957438 3.754
v 12.710122 -12.029248 3.754
v 11.691353 -13.021608 3.754
v 10.595366 -13.927966 3.754
v 9.429401 -14.742334 3.754
v 8.201157 -15.459334 3.754
v 6.918749 -16.074231 3.754
v 5.590644 -16.582964 3.754
v 4.225615 -16.982172 3.754
v 2.832678 -17.269219 3.754
v 1.421032 -17.442209 3.754
v 0 -17.5 3.754
v -1.421032 -17.442209 3.754
v -2.832678 -17.269219 3.754
v -4.225615 -16.982172 3.754
v -5.590644 -16.582964 3.754
v -6.918749 -16.074231 3.754
v -8.201157 -15.459334 3.754
v -9.429401 -14.742334 3.754
v -10.595366 -13.927966 3.754
v -11.691353 -13.021608 3.754
v -12.710122 -12.029248 3.754
v -13.644946 -10.957438 3.754
v -14.48965 -9.813259 3.754
v -15.238655 -8.604267 3.754
v -15.887014 -7.338446 3.754
v -16.430445 -6.024158 3.754
v -16.865359 -4.670083 3.754
v -17.188883 -3.285163 3.754
v -17.398881 -1.878546 3.754
v -17.493966 -0.459522 3.754
v -17.473509 0.962537 3.754
v -17.337646 2.378239 3.754
v -17.087274 3.778234 3.754
v -16.724047 5.153275 3.754
v -16.250364 6.49428 3.754
v -15.669353 7.792392 3.754
v -14.984851 9.039039 3.754
v -14.20138 10.225987 3.754
v -13.324114 11.345395 3.754
v -12.358847 12.389871 3.754
v -11.311954 13.352516 3.754
v -10.19035 14.226973 3.754
v -9.001442 15.007466 3.754
vt 0.126343 0.566146 0.000000
vt 0.398497 0.722832 0.000000
vt 0.130800 0.600000 0.000000
vt 0.310208 0.764890 0.000000
vt 0.126343 0.633854 0.000000
vt 0.217565 0.796210 0.000000
vt 0.113276 0.665400 0.000000
vt 0.092490 0.692490 0.000000
vt 0.121867 0.816354 0.000000
vt 0.065400 0.713276 0.000000
vt 0.033854 0.726343 0.000000
vt 0.024459 0.825038 0.000000
vt -0.000000 0.730800 0.000000
vt -0.073292 0.822140 0.000000
vt -0.033854 0.726343 0.000000
vt -0.065400 0.713276 0.000000
vt -0.170015 0.807701 0.000000
vt -0.092490 0.692490 0.000000
vt -0.113276 0.665400 0.000000
vt -0.264351 0.781923 0.000000
vt -0.126343 0.633854 0.000000
vt -0.354976 0.745169 0.000000
vt -0.130800 0.600000 0.000000
vt -0.440618 0.697955 0.000000
vt -0.126343 0.566146 0.000000
vt -0.520075 0.640943 0.000000
vt -0.113276 0.534600 0.000000
vt -0.592230 0.574933 0.000000
vt -0.534600 0.113276 0.000000
vt -0.656073 0.500853 0.000000
vt -0.566146 0.126343 0.000000
vt -0.710705 0.419742 0.000000
vt -0.600000 0.130800 0.000000
vt -0.755361 0.332738 0.000000
vt -0.633854 0.126343 0.000000
vt -0.789413 0.241064 0.000000
vt -0.665400 0.113276 0.000000
vt -0.812384 0.146005 0.000000
vt -0.692490 0.092490 0.000000
vt -0.713276 0.065400 0.000000
vt -0.823950 0.048897 0.000000
vt -0.726343 0.033854 0.000000
vt -0.730800 -0.000000 0.000000
vt -0.823950 -0.048897 0.000000
vt -0.726343 -0.033854 0.000000
vt -0.713276 -0.065400 0.000000
vt -0.812384 -0.146005 0.000000
vt -0.692490 -0.092490 0.000000
vt -0.665400 -0.113276 0.000000
vt -0.789413 -0.241064 0.000000
vt -0.633854 -0.126343 0.000000
vt -0.755361 -0.332738 0.000000
vt -0.600000 -0.130800 0.000000
vt -0.710705 -0.419742 0.000000
vt -0.566146 -0.126343 0.000000
vt -0.656073 -0.500853 0.000000
vt -0.534600 -0.113276 0.000000
vt -0.592230 -0.574933 0.000000
vt -0.113276 -0.534600 0.000000
vt -0.520075 -0.640943 0.000000
vt -0.126343 -0.566146 0.000000
vt -0.440618 -0.697955 0.000000
vt -0.130800 -0.600000 0.000000
vt -0.354976 -0.745169 0.000000
vt -0.126343 -0.633854 0.000000
vt -0.264351 -0.781923 0.000000
vt -0.113276 -0.665400 0.000000
vt -0.170015 -0.807701 0.000000
vt -0.092490 -0.692490 0.000000
vt -0.065400 -0.713276 0.000000
vt -0.073292 -0.822140 0.000000
vt -0.033854 -0.726343 0.000000
vt 0.000000 -0.730800 0.000000
vt 0.024459 -0.825038 0.000000
vt 0.033854 -0.726343 0.000000
vt 0.121867 -0.816354 0.000000
vt 0.065400 -0.713276 0.000000
vt 0.092490 -0.692490 0.000000
vt 0.217565 -0.796210 0.000000
vt 0.113276 -0.665400 0.000000
vt 0.126343 -0.633854 0.000000
vt 0.310208 -0.764890 0.000000
vt 0.130800 -0.600000 0.000000
vt 0.398497 -0.722832 0.000000
vt 0.126343 -0.566146 0.000000
vt 0.481191 -0.670627 0.000000
vt 0.113276 -0.534600 0.000000
vt 0.557131 -0.609008 0.000000
vt 0.534600 -0.113276 0.000000
vt 0.625250 -0.538839 0.000000
vt 0.566146 -0.126343 0.000000
vt 0.684591 -0.461107 0.000000
vt 0.734323 -0.376902 0.000000
vt 0.481191 0.670627 0.000000
vt 0.113276 0.534600 0.000000
vt 0.557131 0.609008 0.000000
vt 0.534600 0.113276 0.000000
vt 0.625250 0.538839 0.000000
vt 0.566146 0.126343 0.000000
vt 0.684591 0.461107 0.000000
vt 0.734323 0.376902 0.000000
vt 0.600000 0.130800 0.000000
vt 0.773746 0.287406 0.000000
vt 0.633854 0.126343 0.000000
vt 0.665400 0.113276 0.000000
vt 0.507510 0.092490 0.000000
vt 0.092490 0.507510 0.000000
vt 0.486724 0.065400 0.000000
vt 0.065400 0.486724 0.000000
vt 0.473657 0.033854 0.000000
vt 0.033854 0.473657 0.000000
vt 0.469200 0.000000 0.000000
vt -0.000000 0.469200 0.000000
vt 0.000000 -0.469200 0.000000
vt -0.469200 -0.000000 0.000000
vt -0.033854 -0.473657 0.000000
vt -0.473657 -0.033854 0.000000
vt -0.065400 -0.486724 0.000000
vt -0.486724 -0.065400 0.000000
vt -0.092490 -0.507510 0.000000
vt -0.507510 -0.092490 0.000000
vt -0.033854 0.473657 0.000000
vt -0.473657 0.033854 0.000000
vt -0.065400 0.486724 0.000000
vt -0.486724 0.065400 0.000000
vt -0.092490 0.507510 0.000000
vt -0.507510 0.092490 0.000000
vt 0.033854 -0.473657 0.000000
vt 0.473657 -0.033854 0.000000
vt 0.065400 -0.486724 0.000000
vt 0.486724 -0.065400 0.000000
vt 0.092490 -0.507510 0.000000
vt 0.507510 -0.092490 0.000000
vt 0.726343 0.033854 0.000000
vt 0.730800 0.000000 0.000000
vt 0.825400 0.000000 0.000000
vt 0.726343 -0.033854 0.000000
vt 0.819607 -0.097623 0.000000
vt 0.713276 -0.065400 0.000000
vt 0.692490 -0.092490 0.000000
vt 0.802308 -0.193875 0.000000
vt 0.665400 -0.113276 0.000000
vt 0.773746 -0.287406 0.000000
vt 0.633854 -0.126343 0.000000
vt 0.600000 -0.130800 0.000000
vt 0.802308 0.193875 0.000000
vt 0.692490 0.092490 0.000000
vt 0.819607 0.097623 0.000000
vt 0.713276 0.065400 0.000000
vt 0.000000 -3.431247 0.000000
vt 0.001534 -3.385232 0.000000
vt 0.000000 -3.288479 0.000000
vt 0.005497 -3.343057 0.000000
vt 0.017883 -3.268115 0.000000
vt 0.034965 -3.196827 0.000000
vt 0.000000 -3.145711 0.000000
vt 0.054779 -3.128633 0.000000
vt 0.075295 -3.063568 0.000000
vt 0.000000 -3.002943 0.000000
vt 0.096074 -2.997076 0.000000
vt 0.115092 -2.925443 0.000000
vt 0.000000 -2.860176 0.000000
vt 0.128189 -2.849357 0.000000
vt 0.131209 -2.810014 0.000000
vt 0.131326 -2.771128 0.000000
vt -0.000000 -2.717408 0.000000
vt 0.123188 -2.693341 0.000000
vt 0.115177 -2.653216 0.000000
vt 0.104714 -2.611487 0.000000
vt -0.000000 -2.574640 0.000000
vt 0.078779 -2.524967 0.000000
vt -0.000000 -2.431872 0.000000
vt 0.050483 -2.434814 0.000000
vt 0.024755 -2.340458 0.000000
vt -0.000000 -2.289105 0.000000
vt 0.006715 -2.244105 0.000000
vt 0.001734 -2.195251 0.000000
vt -0.000000 -2.146337 0.000000
vt 0.785398 1.449309 0.000000
vt 0.827055 1.432359 0.000000
vt 0.785398 1.452056 0.000000
vt 0.785398 1.454803 0.000000
vt 0.839379 1.456723 0.000000
vt 0.785398 1.457550 0.000000
vt 0.867442 1.413128 0.000000
vt 0.893316 1.459937 0.000000
vt 0.928198 1.403401 0.000000
vt 0.928198 1.459916 0.000000
vt 0.946316 1.467648 0.000000
vt 0.943390 1.367634 0.000000
vt 0.999598 1.403401 0.000000
vt 0.999598 1.459874 0.000000
vt 1.070997 1.459832 0.000000
vt 1.047934 1.497739 0.000000
vt 1.093486 1.519309 0.000000
vt 1.142397 1.459790 0.000000
vt 1.142397 1.515673 0.000000
vt 1.213797 1.459748 0.000000
vt 1.213797 1.515673 0.000000
vt 1.285197 1.459706 0.000000
vt 1.285197 1.515673 0.000000
vt 1.356597 1.459663 0.000000
vt 1.356597 1.515673 0.000000
vt 1.427997 1.459621 0.000000
vt 1.427997 1.515673 0.000000
vt 1.499396 1.459579 0.000000
vt 1.499396 1.515673 0.000000
vt 1.570796 1.539731 0.000000
vt 1.499396 1.571795 0.000000
vt 1.570796 1.635965 0.000000
vt 1.499396 1.627945 0.000000
vt 1.499396 1.684081 0.000000
vt 1.427997 1.684081 0.000000
vt 1.427997 1.740217 0.000000
vt 1.356597 1.740217 0.000000
vt 1.375657 1.778163 0.000000
vt 1.273154 1.666854 0.000000
vt 0.999598 1.347265 0.000000
vt 1.012009 1.312176 0.000000
vt 1.070997 1.347265 0.000000
vt 1.070997 1.291129 0.000000
vt 1.142397 1.291129 0.000000
vt 1.142397 1.234993 0.000000
vt 1.213797 1.234993 0.000000
vt 1.213797 1.178857 0.000000
vt 1.285197 1.178857 0.000000
vt 1.285197 1.122721 0.000000
vt 1.356597 1.122721 0.000000
vt 1.356597 1.066585 0.000000
vt 1.427997 1.066585 0.000000
vt 1.427997 1.010449 0.000000
vt 1.499396 1.010449 0.000000
vt 1.499396 0.954313 0.000000
vt 1.570796 0.962332 0.000000
vt 1.499396 0.898177 0.000000
vt 1.570796 0.866099 0.000000
vt 1.499396 0.842041 0.000000
vt 1.499396 0.785905 0.000000
vt 1.427997 0.842041 0.000000
vt 1.427997 0.785905 0.000000
vt 1.356597 0.842041 0.000000
vt 1.356597 0.785905 0.000000
vt 1.285197 0.842041 0.000000
vt 1.285197 0.785905 0.000000
vt 1.213797 0.842041 0.000000
vt 1.213797 0.785905 0.000000
vt 1.142397 0.842041 0.000000
vt 1.142397 0.785905 0.000000
vt 1.100339 0.817242 0.000000
vt 1.063363 0.764292 0.000000
vt 1.069906 1.248281 0.000000
vt 1.114926 1.177179 0.000000
vt 1.142397 1.178857 0.000000
vt 1.213797 1.122721 0.000000
vt 1.285197 1.066585 0.000000
vt 1.356597 1.010449 0.000000
vt 1.427997 0.954313 0.000000
vt 1.131685 1.139915 0.000000
vt 1.142397 1.122721 0.000000
vt 1.213797 1.066585 0.000000
vt 1.285197 1.010449 0.000000
vt 1.356597 0.954313 0.000000
vt 1.427997 0.898177 0.000000
vt 1.144106 1.102634 0.000000
vt 1.156291 1.027694 0.000000
vt 1.213797 1.010449 0.000000
vt 1.285197 0.954313 0.000000
vt 1.356597 0.898177 0.000000
vt 1.156064 0.989736 0.000000
vt 1.213797 0.954313 0.000000
vt 1.285197 0.898177 0.000000
vt 1.151554 0.951574 0.000000
vt 1.213797 0.898177 0.000000
vt 1.142397 0.898177 0.000000
vt 1.131366 0.880014 0.000000
vt 1.021645 0.718035 0.000000
vt 1.070997 0.729768 0.000000
vt 1.142397 0.729768 0.000000
vt 1.213797 0.729768 0.000000
vt 1.285197 0.729768 0.000000
vt 1.356597 0.729768 0.000000
vt 1.427997 0.729768 0.000000
vt 1.499396 0.729768 0.000000
vt 1.570796 0.769866 0.000000
vt 0.973500 0.675559 0.000000
vt 0.999598 0.673632 0.000000
vt 1.070997 0.673632 0.000000
vt 1.142397 0.673632 0.000000
vt 1.213797 0.673632 0.000000
vt 1.285197 0.673632 0.000000
vt 1.356597 0.673632 0.000000
vt 1.427997 0.673632 0.000000
vt 1.499396 0.673632 0.000000
vt 1.570796 0.673632 0.000000
vt 0.999598 0.617496 0.000000
vt 0.919533 0.637468 0.000000
vt 0.928198 0.617496 0.000000
vt 0.859617 0.603809 0.000000
vt 0.895918 0.560690 0.000000
vt 0.840660 0.564147 0.000000
vt 0.824618 0.587474 0.000000
vt 0.785398 0.568841 0.000000
vt 0.785398 0.571588 0.000000
vt 0.785398 0.566094 0.000000
vt 0.785398 0.563347 0.000000
vt 0.928198 0.561360 0.000000
vt 0.949940 0.552541 0.000000
vt 0.999598 0.561360 0.000000
vt 1.070997 0.561360 0.000000
vt 1.070997 0.617496 0.000000
vt 1.142397 0.561360 0.000000
vt 1.142397 0.617496 0.000000
vt 1.213797 0.561360 0.000000
vt 1.213797 0.617496 0.000000
vt 1.285197 0.561360 0.000000
vt 1.285197 0.617496 0.000000
vt 1.356597 0.561360 0.000000
vt 1.356597 0.617496 0.000000
vt 1.427997 0.561360 0.000000
vt 1.427997 0.617496 0.000000
vt 1.499396 0.561360 0.000000
vt 1.499396 0.617496 0.000000
vt 1.570796 0.577399 0.000000
vt 1.002725 0.539295 0.000000
vt 1.052301 0.521323 0.000000
vt 1.097105 0.499591 0.000000
vt 1.142397 0.505224 0.000000
vt 1.213797 0.505224 0.000000
vt 1.170583 0.449166 0.000000
vt 1.213797 0.449158 0.000000
vt 1.221745 0.403870 0.000000
vt 1.285197 0.449144 0.000000
vt 1.285197 0.392952 0.000000
vt 1.356597 0.449130 0.000000
vt 1.356597 0.392952 0.000000
vt 1.427997 0.449116 0.000000
vt 1.427997 0.392952 0.000000
vt 1.499396 0.449102 0.000000
vt 1.499396 0.392952 0.000000
vt 1.570796 0.481166 0.000000
vt 1.570796 0.384933 0.000000
vt 1.499396 0.336816 0.000000
vt 1.570796 0.288700 0.000000
vt 1.499396 0.280680 0.000000
vt 1.499396 0.224544 0.000000
vt 1.427997 0.280680 0.000000
vt 1.427997 0.224544 0.000000
vt 1.375657 0.242735 0.000000
vt 1.475778 0.121508 0.000000
vt 1.136566 0.475201 0.000000
vt 1.273154 0.354043 0.000000
vt 1.356597 0.280680 0.000000
vt 1.356597 0.336816 0.000000
vt 1.427997 0.336816 0.000000
vt 1.570796 0.000000 0.000000
vt 1.499396 0.112272 0.000000
vt 1.499396 0.168408 0.000000
vt 1.570796 0.096233 0.000000
vt 1.570796 0.192466 0.000000
vt 1.499396 0.505224 0.000000
vt 1.570796 1.058565 0.000000
vt 1.499396 1.066585 0.000000
vt 1.427997 1.122721 0.000000
vt 1.356597 1.178857 0.000000
vt 1.285197 1.234993 0.000000
vt 1.213797 1.291129 0.000000
vt 1.142397 1.347265 0.000000
vt 1.070997 1.403401 0.000000
vt 1.570796 1.154798 0.000000
vt 1.499396 1.122721 0.000000
vt 1.427997 1.178857 0.000000
vt 1.356597 1.234993 0.000000
vt 1.285197 1.291129 0.000000
vt 1.213797 1.347265 0.000000
vt 1.142397 1.403401 0.000000
vt 1.499396 1.178857 0.000000
vt 1.570796 1.251032 0.000000
vt 1.499396 1.234993 0.000000
vt 1.499396 1.291129 0.000000
vt 1.427997 1.291129 0.000000
vt 1.427997 1.347265 0.000000
vt 1.356597 1.347265 0.000000
vt 1.356597 1.403401 0.000000
vt 1.285197 1.403401 0.000000
vt 1.570796 1.347265 0.000000
vt 1.499396 1.347265 0.000000
vt 1.427997 1.403401 0.000000
vt 1.499396 1.403401 0.000000
vt 1.570796 1.443498 0.000000
vt 1.570796 1.732198 0.000000
vt 1.499396 1.740217 0.000000
vt 1.427997 1.796353 0.000000
vt 1.475778 1.899389 0.000000
vt 1.499396 1.852489 0.000000
vt 1.499396 1.908625 0.000000
vt 1.570796 1.924664 0.000000
vt 1.570796 2.020897 0.000000
vt 1.570796 1.828431 0.000000
vt 1.499396 1.796353 0.000000
vt 1.221745 1.617027 0.000000
vt 1.285197 1.627945 0.000000
vt 1.356597 1.684081 0.000000
vt 1.170583 1.571731 0.000000
vt 1.213797 1.571739 0.000000
vt 1.285197 1.571753 0.000000
vt 1.356597 1.571767 0.000000
vt 1.356597 1.627945 0.000000
vt 1.427997 1.571781 0.000000
vt 1.427997 1.627945 0.000000
vt 1.134575 1.544317 0.000000
vt 0.998439 1.480312 0.000000
vt 1.213797 1.403401 0.000000
vt 1.285197 1.347265 0.000000
vt 1.356597 1.291129 0.000000
vt 1.427997 1.234993 0.000000
vt 1.285197 0.505224 0.000000
vt 1.356597 0.505224 0.000000
vt 1.427997 0.505224 0.000000
vt 6.550000 0.074325 0.000000
vt 5.170000 0.038069 0.000000
vt 6.550000 0.000000 0.000000
vt 5.170000 -0.038069 0.000000
vt 6.550000 -0.074325 0.000000
vt 5.170000 -0.114206 0.000000
vt 6.550000 -0.148650 0.000000
vt 5.170000 -0.190344 0.000000
vt 6.550000 -0.222975 0.000000
vt 5.170000 -0.266482 0.000000
vt 6.550000 -0.297299 0.000000
vt 5.170000 -0.342619 0.000000
vt 6.550000 -0.371624 0.000000
vt 5.170000 -0.418757 0.000000
vt 6.550000 -0.445949 0.000000
vt 5.170000 -0.494895 0.000000
vt 6.550000 -0.520274 0.000000
vt 5.170000 -0.571032 0.000000
vt 6.550000 -0.594599 0.000000
vt 5.170000 -0.647170 0.000000
vt 6.550000 -0.668924 0.000000
vt 5.170000 -0.723308 0.000000
vt 6.550000 -0.743248 0.000000
vt 5.170000 -0.799445 0.000000
vt 6.550000 -0.817573 0.000000
vt 5.170000 -0.875583 0.000000
vt 6.550000 -0.891898 0.000000
vt 5.170000 -0.951721 0.000000
vt 6.550000 -0.966223 0.000000
vt 5.170000 -1.027858 0.000000
vt 6.550000 -1.040548 0.000000
vt 5.170000 -1.103996 0.000000
vt 6.550000 -1.114873 0.000000
vt 5.170000 -1.180134 0.000000
vt 6.550000 -1.189198 0.000000
vt 5.170000 -1.256271 0.000000
vt 6.550000 -1.263522 0.000000
vt 5.170000 -1.332409 0.000000
vt 6.550000 -1.337847 0.000000
vt 5.170000 -1.408546 0.000000
vt 6.550000 -1.412172 0.000000
vt 5.170000 -1.484684 0.000000
vt 6.550000 -1.486497 0.000000
vt 5.170000 -1.560822 0.000000
vt 6.550000 -1.560822 0.000000
vt 6.550000 1.560822 0.000000
vt 5.170000 1.560822 0.000000
vt 6.550000 1.486497 0.000000
vt 5.170000 1.484684 0.000000
vt 6.550000 1.412172 0.000000
vt 5.170000 1.408546 0.000000
vt 6.550000 1.337847 0.000000
vt 5.170000 1.332409 0.000000
vt 6.550000 1.263522 0.000000
vt 5.170000 1.256271 0.000000
vt 6.550000 1.189198 0.000000
vt 5.170000 1.180134 0.000000
vt 6.550000 1.114873 0.000000
vt 5.170000 1.103996 0.000000
vt 6.550000 1.040548 0.000000
vt 5.170000 1.027858 0.000000
vt 6.550000 0.966223 0.000000
vt 5.170000 0.951721 0.000000
vt 6.550000 0.891898 0.000000
vt 5.170000 0.875583 0.000000
vt 6.550000 0.817573 0.000000
vt 5.170000 0.799445 0.000000
vt 6.550000 0.743248 0.000000
vt 5.170000 0.723308 0.000000
vt 6.550000 0.668924 0.000000
vt 5.170000 0.647170 0.000000
vt 6.550000 0.594599 0.000000
vt 5.170000 0.571032 0.000000
vt 6.550000 0.520274 0.000000
vt 5.170000 0.494895 0.000000
vt 6.550000 0.445949 0.000000
vt 5.170000 0.418757 0.000000
vt 6.550000 0.371624 0.000000
vt 5.170000 0.342619 0.000000
vt 6.550000 0.297299 0.000000
vt 5.170000 0.266482 0.000000
vt 6.550000 0.222975 0.000000
vt 5.170000 0.190344 0.000000
vt 6.550000 0.148650 0.000000
vt 5.170000 0.114206 0.000000
vt -0.350000 -1.560822 0.000000
vt 0.774600 -1.560822 0.000000
vt -0.350000 -1.486497 0.000000
vt 1.030000 -1.560822 0.000000
vt 1.030000 -1.484684 0.000000
vt 2.410000 -1.560822 0.000000
vt 2.410000 -1.484684 0.000000
vt 3.790000 -1.560822 0.000000
vt 3.790000 -1.484684 0.000000
vt 0.774600 1.560822 0.000000
vt 0.774600 1.486497 0.000000
vt 1.030000 1.560822 0.000000
vt 1.030000 1.484684 0.000000
vt 2.410000 1.484684 0.000000
vt 2.410000 1.408546 0.000000
vt 3.790000 1.408546 0.000000
vt 3.790000 1.332409 0.000000
vt 0.774600 1.412172 0.000000
vt 1.030000 1.408546 0.000000
vt 2.410000 1.332409 0.000000
vt 3.790000 1.256271 0.000000
vt 0.774600 1.337847 0.000000
vt 1.030000 1.332409 0.000000
vt 2.410000 1.256271 0.000000
vt 3.790000 1.180134 0.000000
vt 0.774600 1.263522 0.000000
vt 1.030000 1.256271 0.000000
vt 2.410000 1.180134 0.000000
vt 3.790000 1.103996 0.000000
vt 0.774600 1.189198 0.000000
vt 1.030000 1.180134 0.000000
vt 2.410000 1.103996 0.000000
vt 3.790000 1.027858 0.000000
vt 0.774600 1.114873 0.000000
vt 1.030000 1.103996 0.000000
vt 2.410000 1.027858 0.000000
vt 3.790000 0.951721 0.000000
vt 0.774600 1.040548 0.000000
vt 1.030000 1.027858 0.000000
vt 2.410000 0.951721 0.000000
vt 3.790000 0.875583 0.000000
vt 0.774600 0.966223 0.000000
vt 1.030000 0.951721 0.000000
vt 2.410000 0.875583 0.000000
vt 3.790000 0.799445 0.000000
vt 0.774600 0.891898 0.000000
vt 1.030000 0.875583 0.000000
vt 2.410000 0.799445 0.000000
vt 3.790000 0.723308 0.000000
vt 0.774600 0.817573 0.000000
vt 1.030000 0.799445 0.000000
vt 2.410000 0.723308 0.000000
vt 3.790000 0.647170 0.000000
vt 0.774600 0.743248 0.000000
vt 1.030000 0.723308 0.000000
vt 2.410000 0.647170 0.000000
vt 3.790000 0.571032 0.000000
vt 0.774600 0.668924 0.000000
vt 1.030000 0.647170 0.000000
vt 2.410000 0.571032 0.000000
vt 3.790000 0.494895 0.000000
vt 0.774600 0.594599 0.000000
vt 1.030000 0.571032 0.000000
vt 0.774600 0.520274 0.000000
vt 2.410000 0.494895 0.000000
vt 1.030000 0.494895 0.000000
vt 2.410000 0.418757 0.000000
vt 0.774600 0.445949 0.000000
vt 1.030000 0.418757 0.000000
vt 0.774600 0.371624 0.000000
vt 2.410000 0.342619 0.000000
vt 1.030000 0.342619 0.000000
vt 2.410000 0.266482 0.000000
vt 0.774600 0.297299 0.000000
vt 1.030000 0.266482 0.000000
vt 0.774600 0.222975 0.000000
vt 2.410000 0.190344 0.000000
vt 1.030000 0.190344 0.000000
vt 2.410000 0.114206 0.000000
vt 0.774600 0.148650 0.000000
vt 1.030000 0.114206 0.000000
vt 0.774600 0.074325 0.000000
vt 2.410000 0.038069 0.000000
vt 1.030000 0.038069 0.000000
vt 2.410000 -0.038069 0.000000
vt 0.774600 0.000000 0.000000
vt 1.030000 -0.038069 0.000000
vt -0.350000 0.000000 0.000000
vt -0.350000 -0.074325 0.000000
vt 1.030000 -0.114206 0.000000
vt -0.350000 -0.148650 0.000000
vt 1.030000 -0.190344 0.000000
vt -0.350000 -0.222975 0.000000
vt 1.030000 -0.266482 0.000000
vt -0.350000 -0.297299 0.000000
vt 1.030000 -0.342619 0.000000
vt -0.350000 -0.371624 0.000000
vt 1.030000 -0.418757 0.000000
vt -0.350000 -0.445949 0.000000
vt 1.030000 -0.494895 0.000000
vt -0.350000 -0.520274 0.000000
vt 1.030000 -0.571032 0.000000
vt -0.350000 -0.594599 0.000000
vt 1.030000 -0.647170 0.000000
vt -0.350000 -0.668924 0.000000
vt 1.030000 -0.723308 0.000000
vt -0.350000 -0.743248 0.000000
vt 1.030000 -0.799445 0.000000
vt -0.350000 -0.817573 0.000000
vt 1.030000 -0.875583 0.000000
vt -0.350000 -0.891898 0.000000
vt 1.030000 -0.951721 0.000000
vt -0.350000 -0.966223 0.000000
vt 1.030000 -1.027858 0.000000
vt -0.350000 -1.040548 0.000000
vt 1.030000 -1.103996 0.000000
vt -0.350000 -1.114873 0.000000
vt 1.030000 -1.180134 0.000000
vt -0.350000 -1.189198 0.000000
vt 1.030000 -1.256271 0.000000
vt -0.350000 -1.263522 0.000000
vt 1.030000 -1.332409 0.000000
vt -0.350000 -1.337847 0.000000
vt 1.030000 -1.408546 0.000000
vt -0.350000 -1.412172 0.000000
vt 3.790000 1.560822 0.000000
vt 3.790000 1.484684 0.000000
vt 2.410000 1.560822 0.000000
vt 3.790000 0.038069 0.000000
vt 3.790000 -0.038069 0.000000
vt 3.790000 -0.114206 0.000000
vt 3.790000 -0.190344 0.000000
vt 3.790000 -0.266482 0.000000
vt 3.790000 -0.342619 0.000000
vt 3.790000 -0.418757 0.000000
vt 3.790000 -0.494895 0.000000
vt 3.790000 -0.571032 0.000000
vt 3.790000 -0.647170 0.000000
vt 3.790000 -0.723308 0.000000
vt 3.790000 -0.799445 0.000000
vt 3.790000 -0.875583 0.000000
vt 3.790000 -0.951721 0.000000
vt 3.790000 -1.027858 0.000000
vt 3.790000 -1.103996 0.000000
vt 3.790000 -1.180134 0.000000
vt 3.790000 -1.256271 0.000000
vt 3.790000 -1.332409 0.000000
vt 3.790000 -1.408546 0.000000
vt 2.410000 -0.114206 0.000000
vt 2.410000 -0.190344 0.000000
vt 2.410000 -0.266482 0.000000
vt 2.410000 -0.342619 0.000000
vt 2.410000 -0.418757 0.000000
vt 2.410000 -0.494895 0.000000
vt 2.410000 -0.571032 0.000000
vt 2.410000 -0.647170 0.000000
vt 2.410000 -0.723308 0.000000
vt 2.410000 -0.799445 0.000000
vt 2.410000 -0.875583 0.000000
vt 2.410000 -0.951721 0.000000
vt 2.410000 -1.027858 0.000000
vt 2.410000 -1.103996 0.000000
vt 2.410000 -1.180134 0.000000
vt 2.410000 -1.256271 0.000000
vt 2.410000 -1.332409 0.000000
vt 2.410000 -1.408546 0.000000
vt 3.790000 0.114206 0.000000
vt 3.790000 0.190344 0.000000
vt 3.790000 0.266482 0.000000
vt 3.790000 0.342619 0.000000
vt 3.790000 0.418757 0.000000
vt 0.628319 0.077630 0.000000
vt 0.628319 0.000000 0.000000
vt 0.673198 0.062104 0.000000
vt 0.673198 0.000000 0.000000
vt 0.718078 0.000000 0.000000
vt 0.718078 0.062104 0.000000
vt 0.762958 0.000000 0.000000
vt 0.762958 0.062104 0.000000
vt 0.807838 0.000000 0.000000
vt 0.807838 0.062104 0.000000
vt 0.852718 0.000000 0.000000
vt 0.852718 0.062104 0.000000
vt 0.897598 0.000000 0.000000
vt 0.897598 0.062104 0.000000
vt 0.942478 0.000000 0.000000
vt 0.942478 0.069004 0.000000
vt 0.897598 0.124207 0.000000
vt 0.942478 0.138008 0.000000
vt 0.897598 0.186311 0.000000
vt 0.942478 0.207012 0.000000
vt 0.897598 0.248415 0.000000
vt 0.942478 0.276017 0.000000
vt 0.897598 0.310519 0.000000
vt 0.942478 0.345021 0.000000
vt 0.897598 0.372622 0.000000
vt 0.942478 0.414025 0.000000
vt 0.897598 0.434726 0.000000
vt 0.942478 0.483029 0.000000
vt 0.897598 0.496830 0.000000
vt 0.942478 0.552033 0.000000
vt 0.897598 0.558933 0.000000
vt 0.942478 0.621037 0.000000
vt 0.897598 0.621037 0.000000
vt 0.852718 0.621037 0.000000
vt 0.852718 0.558933 0.000000
vt 0.852718 0.496830 0.000000
vt 0.852718 0.434726 0.000000
vt 0.852718 0.372622 0.000000
vt 0.852718 0.310519 0.000000
vt 0.852718 0.248415 0.000000
vt 0.852718 0.186311 0.000000
vt 0.852718 0.124207 0.000000
vt 0.807838 0.621037 0.000000
vt 0.807838 0.558933 0.000000
vt 0.807838 0.496830 0.000000
vt 0.807838 0.434726 0.000000
vt 0.807838 0.372622 0.000000
vt 0.807838 0.310519 0.000000
vt 0.807838 0.248415 0.000000
vt 0.807838 0.186311 0.000000
vt 0.807838 0.124207 0.000000
vt 0.762958 0.621037 0.000000
vt 0.762958 0.558933 0.000000
vt 0.762958 0.496830 0.000000
vt 0.762958 0.434726 0.000000
vt 0.762958 0.372622 0.000000
vt 0.762958 0.310519 0.000000
vt 0.762958 0.248415 0.000000
vt 0.762958 0.186311 0.000000
vt 0.762958 0.124207 0.000000
vt 0.718078 0.621037 0.000000
vt 0.718078 0.558933 0.000000
vt 0.718078 0.496830 0.000000
vt 0.718078 0.434726 0.000000
vt 0.718078 0.372622 0.000000
vt 0.718078 0.310519 0.000000
vt 0.718078 0.248415 0.000000
vt 0.718078 0.186311 0.000000
vt 0.718078 0.124207 0.000000
vt 0.673198 0.621037 0.000000
vt 0.673198 0.558933 0.000000
vt 0.673198 0.496830 0.000000
vt 0.673198 0.434726 0.000000
vt 0.673198 0.372622 0.000000
vt 0.673198 0.310519 0.000000
vt 0.673198 0.248415 0.000000
vt 0.673198 0.186311 0.000000
vt 0.673198 0.124207 0.000000
vt 0.628319 0.621037 0.000000
vt 0.628319 0.543408 0.000000
vt 0.628319 0.465778 0.000000
vt 0.628319 0.388148 0.000000
vt 0.628319 0.310519 0.000000
vt 0.628319 0.232889 0.000000
vt 0.628319 0.155259 0.000000
vt -0.314159 -1.734182 0.000000
vt -0.314159 -1.880551 0.000000
vt -0.269279 -1.743053 0.000000
vt -0.269279 -1.880551 0.000000
vt -0.224399 -1.880551 0.000000
vt -0.224399 -1.743053 0.000000
vt -0.179520 -1.880551 0.000000
vt -0.179520 -1.743053 0.000000
vt -0.134640 -1.880551 0.000000
vt -0.134640 -1.743053 0.000000
vt -0.089760 -1.880551 0.000000
vt -0.089760 -1.743053 0.000000
vt -0.044880 -1.880551 0.000000
vt -0.044880 -1.743053 0.000000
vt -0.000000 -1.880551 0.000000
vt -0.000000 -1.743053 0.000000
vt -0.044880 -1.605555 0.000000
vt -0.000000 -1.605555 0.000000
vt -0.044880 -1.468057 0.000000
vt -0.000000 -1.468057 0.000000
vt -0.044880 -1.330560 0.000000
vt -0.000000 -1.330560 0.000000
vt -0.044880 -1.193062 0.000000
vt -0.000000 -1.193062 0.000000
vt -0.044880 -1.055564 0.000000
vt -0.000000 -1.055564 0.000000
vt -0.044880 -0.918066 0.000000
vt -0.000000 -0.918066 0.000000
vt -0.044880 -0.780568 0.000000
vt -0.000000 -0.780568 0.000000
vt -0.044880 -0.643070 0.000000
vt -0.000000 -0.643070 0.000000
vt -0.044880 -0.505572 0.000000
vt -0.000000 -0.505572 0.000000
vt -0.044880 -0.368074 0.000000
vt -0.000000 -0.368074 0.000000
vt -0.044880 -0.230577 0.000000
vt -0.000000 -0.230577 0.000000
vt -0.044880 -0.093079 0.000000
vt -0.000000 -0.093079 0.000000
vt -0.044880 0.044419 0.000000
vt -0.000000 0.044419 0.000000
vt -0.044880 0.181917 0.000000
vt -0.000000 0.181917 0.000000
vt -0.044880 0.319415 0.000000
vt -0.000000 0.319415 0.000000
vt -0.044880 0.456913 0.000000
vt -0.000000 0.456913 0.000000
vt -0.044880 0.594411 0.000000
vt -0.000000 0.594411 0.000000
vt -0.044880 0.731908 0.000000
vt -0.000000 0.731908 0.000000
vt -0.044880 0.869406 0.000000
vt -0.000000 0.869406 0.000000
vt -0.044880 1.006904 0.000000
vt -0.000000 1.006904 0.000000
vt -0.044880 1.144402 0.000000
vt -0.000000 1.144402 0.000000
vt -0.044880 1.281900 0.000000
vt -0.000000 1.281900 0.000000
vt -0.044880 1.419398 0.000000
vt -0.000000 1.419398 0.000000
vt -0.044880 1.556896 0.000000
vt -0.000000 1.556896 0.000000
vt -0.044880 1.694393 0.000000
vt -0.000000 1.694393 0.000000
vt -0.044880 1.831891 0.000000
vt -0.000000 1.831891 0.000000
vt -0.044880 1.969389 0.000000
vt -0.000000 1.969389 0.000000
vt -0.044880 2.106887 0.000000
vt -0.000000 2.106887 0.000000
vt -0.044880 2.244385 0.000000
vt -0.000000 2.244385 0.000000
vt -0.044880 2.381883 0.000000
vt -0.000000 2.381883 0.000000
vt -0.044880 2.519381 0.000000
vt -0.000000 2.519381 0.000000
vt -0.044880 2.656878 0.000000
vt -0.000000 2.656878 0.000000
vt -0.044880 2.794376 0.000000
vt -0.000000 2.794376 0.000000
vt -0.044880 2.931874 0.000000
vt -0.000000 2.931874 0.000000
vt -0.044880 3.069372 0.000000
vt -0.000000 3.069372 0.000000
vt -0.044880 3.206870 0.000000
vt -0.000000 3.206870 0.000000
vt -0.044880 3.344368 0.000000
vt -0.000000 3.344368 0.000000
vt -0.044880 3.481866 0.000000
vt -0.000000 3.481866 0.000000
vt -0.044880 3.619363 0.000000
vt -0.000000 3.619363 0.000000
vt -0.044880 3.756861 0.000000
vt -0.000000 3.756861 0.000000
vt -0.044880 3.894359 0.000000
vt -0.000000 3.894359 0.000000
vt -0.044880 4.031857 0.000000
vt -0.000000 4.031857 0.000000
vt -0.044880 4.169355 0.000000
vt -0.000000 4.169355 0.000000
vt -0.044880 4.306853 0.000000
vt -0.000000 4.306853 0.000000
vt -0.044880 4.444351 0.000000
vt -0.000000 4.444351 0.000000
vt -0.044880 4.581849 0.000000
vt -0.000000 4.581849 0.000000
vt -0.044880 4.719346 0.000000
vt -0.000000 4.719346 0.000000
vt -0.044880 4.856844 0.000000
vt -0.000000 4.856844 0.000000
vt -0.044880 4.994342 0.000000
vt -0.000000 4.994342 0.000000
vt -0.044880 5.131840 0.000000
vt -0.000000 5.131840 0.000000
vt -0.044880 5.269338 0.000000
vt -0.000000 5.269338 0.000000
vt -0.044880 5.406836 0.000000
vt -0.000000 5.406836 0.000000
vt -0.044880 5.544334 0.000000
vt -0.000000 5.544334 0.000000
vt -0.044880 5.681831 0.000000
vt -0.000000 5.681831 0.000000
vt -0.044880 5.819329 0.000000
vt -0.000000 5.819329 0.000000
vt -0.044880 5.956827 0.000000
vt -0.000000 5.956827 0.000000
vt -0.044880 6.094325 0.000000
vt -0.000000 6.094325 0.000000
vt -0.044880 6.231823 0.000000
vt -0.000000 6.231823 0.000000
vt -0.044880 6.369321 0.000000
vt -0.000000 6.369321 0.000000
vt -0.044880 6.506819 0.000000
vt -0.000000 6.506819 0.000000
vt -0.044880 6.644316 0.000000
vt -0.000000 6.644316 0.000000
vt -0.044880 6.781814 0.000000
vt -0.000000 6.781814 0.000000
vt -0.044880 6.919312 0.000000
vt -0.000000 6.919312 0.000000
vt -0.044880 7.056810 0.000000
vt -0.000000 7.056810 0.000000
vt -0.044880 7.194308 0.000000
vt -0.000000 7.194308 0.000000
vt -0.089760 7.194308 0.000000
vt -0.089760 7.056810 0.000000
vt -0.089760 6.919312 0.000000
vt -0.089760 6.781814 0.000000
vt -0.089760 6.644316 0.000000
vt -0.089760 6.506819 0.000000
vt -0.089760 6.369321 0.000000
vt -0.089760 6.231823 0.000000
vt -0.089760 6.094325 0.000000
vt -0.089760 5.956827 0.000000
vt -0.089760 5.819329 0.000000
vt -0.089760 5.681831 0.000000
vt -0.089760 5.544334 0.000000
vt -0.089760 5.406836 0.000000
vt -0.089760 5.269338 0.000000
vt -0.089760 5.131840 0.000000
vt -0.089760 4.994342 0.000000
vt -0.089760 4.856844 0.000000
vt -0.089760 4.719346 0.000000
vt -0.089760 4.581849 0.000000
vt -0.089760 4.444351 0.000000
vt -0.089760 4.306853 0.000000
vt -0.089760 4.169355 0.000000
vt -0.089760 4.031857 0.000000
vt -0.089760 3.894359 0.000000
vt -0.089760 3.756861 0.000000
vt -0.089760 3.619363 0.000000
vt -0.089760 3.481866 0.000000
vt -0.089760 3.344368 0.000000
vt -0.089760 3.206870 0.000000
vt -0.089760 3.069372 0.000000
vt -0.089760 2.931874 0.000000
vt -0.089760 2.794376 0.000000
vt -0.089760 2.656878 0.000000
vt -0.089760 2.519381 0.000000
vt -0.089760 2.381883 0.000000
vt -0.089760 2.244385 0.000000
vt -0.089760 2.106887 0.000000
vt -0.089760 1.969389 0.000000
vt -0.089760 1.831891 0.000000
vt -0.089760 1.694393 0.000000
vt -0.089760 1.556896 0.000000
vt -0.089760 1.419398 0.000000
vt -0.089760 1.281900 0.000000
vt -0.089760 1.144402 0.000000
vt -0.089760 1.006904 0.000000
vt -0.089760 0.869406 0.000000
vt -0.089760 0.731908 0.000000
vt -0.089760 0.594411 0.000000
vt -0.089760 0.456913 0.000000
vt -0.089760 0.319415 0.000000
vt -0.089760 0.181917 0.000000
vt -0.089760 0.044419 0.000000
vt -0.089760 -0.093079 0.000000
vt -0.089760 -0.230577 0.000000
vt -0.089760 -0.368074 0.000000
vt -0.089760 -0.505572 0.000000
vt -0.089760 -0.643070 0.000000
vt -0.089760 -0.780568 0.000000
vt -0.089760 -0.918066 0.000000
vt -0.089760 -1.055564 0.000000
vt -0.089760 -1.193062 0.000000
vt -0.089760 -1.330560 0.000000
vt -0.089760 -1.468057 0.000000
vt -0.089760 -1.605555 0.000000
vt -0.134640 7.194308 0.000000
vt -0.134640 7.056810 0.000000
vt -0.134640 6.919312 0.000000
vt -0.134640 6.781814 0.000000
vt -0.134640 6.644316 0.000000
vt -0.134640 6.506819 0.000000
vt -0.134640 6.369321 0.000000
vt -0.134640 6.231823 0.000000
vt -0.134640 6.094325 0.000000
vt -0.134640 5.956827 0.000000
vt -0.134640 5.819329 0.000000
vt -0.134640 5.681831 0.000000
vt -0.134640 5.544334 0.000000
vt -0.134640 5.406836 0.000000
vt -0.134640 5.269338 0.000000
vt -0.134640 5.131840 0.000000
vt -0.134640 4.994342 0.000000
vt -0.134640 4.856844 0.000000
vt -0.134640 4.719346 0.000000
vt -0.134640 4.581849 0.000000
vt -0.134640 4.444351 0.000000
vt -0.134640 4.306853 0.000000
vt -0.134640 4.169355 0.000000
vt -0.134640 4.031857 0.000000
vt -0.134640 3.894359 0.000000
vt -0.134640 3.756861 0.000000
vt -0.134640 3.619363 0.000000
vt -0.134640 3.481866 0.000000
vt -0.134640 3.344368 0.000000
vt -0.134640 3.206870 0.000000
vt -0.134640 3.069372 0.000000
vt -0.134640 2.931874 0.000000
vt -0.134640 2.794376 0.000000
vt -0.134640 2.656878 0.000000
vt -0.134640 2.519381 0.000000
vt -0.134640 2.381883 0.000000
vt -0.134640 2.244385 0.000000
vt -0.134640 2.106887 0.000000
vt -0.134640 1.969389 0.000000
vt -0.134640 1.831891 0.000000
vt -0.134640 1.694393 0.000000
vt -0.134640 1.556896 0.000000
vt -0.134640 1.419398 0.000000
vt -0.134640 1.281900 0.000000
vt -0.134640 1.144402 0.000000
vt -0.134640 1.006904 0.000000
vt -0.134640 0.869406 0.000000
vt -0.134640 0.731908 0.000000
vt -0.134640 0.594411 0.000000
vt -0.134640 0.456913 0.000000
vt -0.134640 0.319415 0.000000
vt -0.134640 0.181917 0.000000
vt -0.134640 0.044419 0.000000
vt -0.134640 -0.093079 0.000000
vt -0.134640 -0.230577 0.000000
vt -0.134640 -0.368074 0.000000
vt -0.134640 -0.505572 0.000000
vt -0.134640 -0.643070 0.000000
vt -0.134640 -0.780568 0.000000
vt -0.134640 -0.918066 0.000000
vt -0.134640 -1.055564 0.000000
vt -0.134640 -1.193062 0.000000
vt -0.134640 -1.330560 0.000000
vt -0.134640 -1.468057 0.000000
vt -0.134640 -1.605555 0.000000
vt -0.179520 7.194308 0.000000
vt -0.179520 7.056810 0.000000
vt -0.179520 6.919312 0.000000
vt -0.179520 6.781814 0.000000
vt -0.179520 6.644316 0.000000
vt -0.179520 6.506819 0.000000
vt -0.179520 6.369321 0.000000
vt -0.179520 6.231823 0.000000
vt -0.179520 6.094325 0.000000
vt -0.179520 5.956827 0.000000
vt -0.179520 5.819329 0.000000
vt -0.179520 5.681831 0.000000
vt -0.179520 5.544334 0.000000
vt -0.179520 5.406836 0.000000
vt -0.179520 5.269338 0.000000
vt -0.179520 5.131840 0.000000
vt -0.179520 4.994342 0.000000
vt -0.179520 4.856844 0.000000
vt -0.179520 4.719346 0.000000
vt -0.179520 4.581849 0.000000
vt -0.179520 4.444351 0.000000
vt -0.179520 4.306853 0.000000
vt -0.179520 4.169355 0.000000
vt -0.179520 4.031857 0.000000
vt -0.179520 3.894359 0.000000
vt -0.179520 3.756861 0.000000
vt -0.179520 3.619363 0.000000
vt -0.179520 3.481866 0.000000
vt -0.179520 3.344368 0.000000
vt -0.179520 3.206870 0.000000
vt -0.179520 3.069372 0.000000
vt -0.179520 2.931874 0.000000
vt -0.179520 2.794376 0.000000
vt -0.179520 2.656878 0.000000
vt -0.179520 2.519381 0.000000
vt -0.179520 2.381883 0.000000
vt -0.179520 2.244385 0.000000
vt -0.179520 2.106887 0.000000
vt -0.179520 1.969389 0.000000
vt -0.179520 1.831891 0.000000
vt -0.179520 1.694393 0.000000
vt -0.179520 1.556896 0.000000
vt -0.179520 1.419398 0.000000
vt -0.179520 1.281900 0.000000
vt -0.179520 1.144402 0.000000
vt -0.179520 1.006904 0.000000
vt -0.179520 0.869406 0.000000
vt -0.179520 0.731908 0.000000
vt -0.179520 0.594411 0.000000
vt -0.179520 0.456913 0.000000
vt -0.179520 0.319415 0.000000
vt -0.179520 0.181917 0.000000
vt -0.179520 0.044419 0.000000
vt -0.179520 -0.093079 0.000000
vt -0.179520 -0.230577 0.000000
vt -0.179520 -0.368074 0.000000
vt -0.179520 -0.505572 0.000000
vt -0.179520 -0.643070 0.000000
vt -0.179520 -0.780568 0.000000
vt -0.179520 -0.918066 0.000000
vt -0.179520 -1.055564 0.000000
vt -0.179520 -1.193062 0.000000
vt -0.179520 -1.330560 0.000000
vt -0.179520 -1.468057 0.000000
vt -0.179520 -1.605555 0.000000
vt -0.224399 7.194308 0.000000
vt -0.224399 7.056810 0.000000
vt -0.224399 6.919312 0.000000
vt -0.224399 6.781814 0.000000
vt -0.224399 6.644316 0.000000
vt -0.224399 6.506819 0.000000
vt -0.224399 6.369321 0.000000
vt -0.224399 6.231823 0.000000
vt -0.224399 6.094325 0.000000
vt -0.224399 5.956827 0.000000
vt -0.224399 5.819329 0.000000
vt -0.224399 5.681831 0.000000
vt -0.224399 5.544334 0.000000
vt -0.224399 5.406836 0.000000
vt -0.224399 5.269338 0.000000
vt -0.224399 5.131840 0.000000
vt -0.224399 4.994342 0.000000
vt -0.224399 4.856844 0.000000
vt -0.224399 4.719346 0.000000
vt -0.224399 4.581849 0.000000
vt -0.224399 4.444351 0.000000
vt -0.224399 4.306853 0.000000
vt -0.224399 4.169355 0.000000
vt -0.224399 4.031857 0.000000
vt -0.224399 3.894359 0.000000
vt -0.224399 3.756861 0.000000
vt -0.224399 3.619363 0.000000
vt -0.224399 3.481866 0.000000
vt -0.224399 3.344368 0.000000
vt -0.224399 3.206870 0.000000
vt -0.224399 3.069372 0.000000
vt -0.224399 2.931874 0.000000
vt -0.224399 2.794376 0.000000
vt -0.224399 2.656878 0.000000
vt -0.224399 2.519381 0.000000
vt -0.224399 2.381883 0.000000
vt -0.224399 2.244385 0.000000
vt -0.224399 2.106887 0.000000
vt -0.224399 1.969389 0.000000
vt -0.224399 1.831891 0.000000
vt -0.224399 1.694393 0.000000
vt -0.224399 1.556896 0.000000
vt -0.224399 1.419398 0.000000
vt -0.224399 1.281900 0.000000
vt -0.224399 1.144402 0.000000
vt -0.224399 1.006904 0.000000
vt -0.224399 0.869406 0.000000
vt -0.224399 0.731908 0.000000
vt -0.224399 0.594411 0.000000
vt -0.224399 0.456913 0.000000
vt -0.224399 0.319415 0.000000
vt -0.224399 0.181917 0.000000
vt -0.224399 0.044419 0.000000
vt -0.224399 -0.093079 0.000000
vt -0.224399 -0.230577 0.000000
vt -0.224399 -0.368074 0.000000
vt -0.224399 -0.505572 0.000000
vt -0.224399 -0.643070 0.000000
vt -0.224399 -0.780568 0.000000
vt -0.224399 -0.918066 0.000000
vt -0.224399 -1.055564 0.000000
vt -0.224399 -1.193062 0.000000
vt -0.224399 -1.330560 0.000000
vt -0.224399 -1.468057 0.000000
vt -0.224399 -1.605555 0.000000
vt -0.269279 7.194308 0.000000
vt -0.269279 7.056810 0.000000
vt -0.269279 6.919312 0.000000
vt -0.269279 6.781814 0.000000
vt -0.269279 6.644316 0.000000
vt -0.269279 6.506819 0.000000
vt -0.269279 6.369321 0.000000
vt -0.269279 6.231823 0.000000
vt -0.269279 6.094325 0.000000
vt -0.269279 5.956827 0.000000
vt -0.269279 5.819329 0.000000
vt -0.269279 5.681831 0.000000
vt -0.269279 5.544334 0.000000
vt -0.269279 5.406836 0.000000
vt -0.269279 5.269338 0.000000
vt -0.269279 5.131840 0.000000
vt -0.269279 4.994342 0.000000
vt -0.269279 4.856844 0.000000
vt -0.269279 4.719346 0.000000
vt -0.269279 4.581849 0.000000
vt -0.269279 4.444351 0.000000
vt -0.269279 4.306853 0.000000
vt -0.269279 4.169355 0.000000
vt -0.269279 4.031857 0.000000
vt -0.269279 3.894359 0.000000
vt -0.269279 3.756861 0.000000
vt -0.269279 3.619363 0.000000
vt -0.269279 3.481866 0.000000
vt -0.269279 3.344368 0.000000
vt -0.269279 3.206870 0.000000
vt -0.269279 3.069372 0.000000
vt -0.269279 2.931874 0.000000
vt -0.269279 2.794376 0.000000
vt -0.269279 2.656878 0.000000
vt -0.269279 2.519381 0.000000
vt -0.269279 2.381883 0.000000
vt -0.269279 2.244385 0.000000
vt -0.269279 2.106887 0.000000
vt -0.269279 1.969389 0.000000
vt -0.269279 1.831891 0.000000
vt -0.269279 1.694393 0.000000
vt -0.269279 1.556896 0.000000
vt -0.269279 1.419398 0.000000
vt -0.269279 1.281900 0.000000
vt -0.269279 1.144402 0.000000
vt -0.269279 1.006904 0.000000
vt -0.269279 0.869406 0.000000
vt -0.269279 0.731908 0.000000
vt -0.269279 0.594411 0.000000
vt -0.269279 0.456913 0.000000
vt -0.269279 0.319415 0.000000
vt -0.269279 0.181917 0.000000
vt -0.269279 0.044419 0.000000
vt -0.269279 -0.093079 0.000000
vt -0.269279 -0.230577 0.000000
vt -0.269279 -0.368074 0.000000
vt -0.269279 -0.505572 0.000000
vt -0.269279 -0.643070 0.000000
vt -0.269279 -0.780568 0.000000
vt -0.269279 -0.918066 0.000000
vt -0.269279 -1.055564 0.000000
vt -0.269279 -1.193062 0.000000
vt -0.269279 -1.330560 0.000000
vt -0.269279 -1.468057 0.000000
vt -0.269279 -1.605555 0.000000
vt -0.314159 7.194308 0.000000
vt -0.314159 7.047939 0.000000
vt -0.314159 6.901570 0.000000
vt -0.314159 6.755202 0.000000
vt -0.314159 6.608833 0.000000
vt -0.314159 6.462464 0.000000
vt -0.314159 6.316096 0.000000
vt -0.314159 6.169727 0.000000
vt -0.314159 6.023358 0.000000
vt -0.314159 5.876990 0.000000
vt -0.314159 5.730621 0.000000
vt -0.314159 5.584252 0.000000
vt -0.314159 5.437884 0.000000
vt -0.314159 5.291515 0.000000
vt -0.314159 5.145146 0.000000
vt -0.314159 4.998778 0.000000
vt -0.314159 4.852409 0.000000
vt -0.314159 4.706040 0.000000
vt -0.314159 4.559671 0.000000
vt -0.314159 4.413303 0.000000
vt -0.314159 4.266934 0.000000
vt -0.314159 4.120565 0.000000
vt -0.314159 3.974197 0.000000
vt -0.314159 3.827828 0.000000
vt -0.314159 3.681459 0.000000
vt -0.314159 3.535091 0.000000
vt -0.314159 3.388722 0.000000
vt -0.314159 3.242353 0.000000
vt -0.314159 3.095985 0.000000
vt -0.314159 2.949616 0.000000
vt -0.314159 2.803247 0.000000
vt -0.314159 2.656878 0.000000
vt -0.314159 2.510510 0.000000
vt -0.314159 2.364141 0.000000
vt -0.314159 2.217772 0.000000
vt -0.314159 2.071404 0.000000
vt -0.314159 1.925035 0.000000
vt -0.314159 1.778666 0.000000
vt -0.314159 1.632298 0.000000
vt -0.314159 1.485929 0.000000
vt -0.314159 1.339560 0.000000
vt -0.314159 1.193192 0.000000
vt -0.314159 1.046823 0.000000
vt -0.314159 0.900454 0.000000
vt -0.314159 0.754085 0.000000
vt -0.314159 0.607717 0.000000
vt -0.314159 0.461348 0.000000
vt -0.314159 0.314979 0.000000
vt -0.314159 0.168611 0.000000
vt -0.314159 0.022242 0.000000
vt -0.314159 -0.124127 0.000000
vt -0.314159 -0.270495 0.000000
vt -0.314159 -0.416864 0.000000
vt -0.314159 -0.563233 0.000000
vt -0.314159 -0.709601 0.000000
vt -0.314159 -0.855970 0.000000
vt -0.314159 -1.002339 0.000000
vt -0.314159 -1.148708 0.000000
vt -0.314159 -1.295076 0.000000
vt -0.314159 -1.441445 0.000000
vt -0.314159 -1.587814 0.000000
vt -0.314159 -1.823831 0.000000
vt -0.314159 -1.754827 0.000000
vt -0.359039 -1.816930 0.000000
vt -0.359039 -1.754827 0.000000
vt -0.403919 -1.754827 0.000000
vt -0.403919 -1.816930 0.000000
vt -0.448799 -1.754827 0.000000
vt -0.448799 -1.816930 0.000000
vt -0.493679 -1.754827 0.000000
vt -0.493679 -1.816930 0.000000
vt -0.538559 -1.754827 0.000000
vt -0.538559 -1.816930 0.000000
vt -0.583439 -1.754827 0.000000
vt -0.583439 -1.816930 0.000000
vt -0.628319 -1.754827 0.000000
vt -0.628319 -1.832456 0.000000
vt -0.583439 -1.879034 0.000000
vt -0.628319 -1.910086 0.000000
vt -0.583439 -1.941138 0.000000
vt -0.628319 -1.987716 0.000000
vt -0.583439 -2.003241 0.000000
vt -0.628319 -2.065345 0.000000
vt -0.583439 -2.065345 0.000000
vt -0.583439 -2.127449 0.000000
vt -0.538559 -2.127449 0.000000
vt -0.538559 -2.189553 0.000000
vt -0.493679 -2.189553 0.000000
vt -0.493679 -2.251656 0.000000
vt -0.448799 -2.251656 0.000000
vt -0.448799 -2.313760 0.000000
vt -0.403919 -2.313760 0.000000
vt -0.403919 -2.375864 0.000000
vt -0.359039 -2.375864 0.000000
vt -0.628319 -2.142975 0.000000
vt -0.583439 -2.189553 0.000000
vt -0.538559 -2.251656 0.000000
vt -0.493679 -2.313760 0.000000
vt -0.448799 -2.375864 0.000000
vt -0.628319 -2.220604 0.000000
vt -0.583439 -2.251656 0.000000
vt -0.538559 -2.313760 0.000000
vt -0.493679 -2.375864 0.000000
vt -0.628319 -2.298234 0.000000
vt -0.583439 -2.313760 0.000000
vt -0.538559 -2.375864 0.000000
vt -0.628319 -2.375864 0.000000
vt -0.583439 -2.375864 0.000000
vt -0.359039 -2.313760 0.000000
vt -0.314159 -2.375864 0.000000
vt -0.314159 -2.306860 0.000000
vt -0.359039 -2.251656 0.000000
vt -0.314159 -2.237856 0.000000
vt -0.359039 -2.189553 0.000000
vt -0.314159 -2.168851 0.000000
vt -0.359039 -2.127449 0.000000
vt -0.314159 -2.099847 0.000000
vt -0.359039 -2.065345 0.000000
vt -0.314159 -2.030843 0.000000
vt -0.359039 -2.003241 0.000000
vt -0.314159 -1.961839 0.000000
vt -0.359039 -1.941138 0.000000
vt -0.314159 -1.892835 0.000000
vt -0.359039 -1.879034 0.000000
vt -0.538559 -1.879034 0.000000
vt -0.538559 -1.941138 0.000000
vt -0.538559 -2.003241 0.000000
vt -0.538559 -2.065345 0.000000
vt -0.493679 -1.879034 0.000000
vt -0.493679 -1.941138 0.000000
vt -0.493679 -2.003241 0.000000
vt -0.493679 -2.065345 0.000000
vt -0.493679 -2.127449 0.000000
vt -0.448799 -1.879034 0.000000
vt -0.448799 -1.941138 0.000000
vt -0.448799 -2.003241 0.000000
vt -0.448799 -2.065345 0.000000
vt -0.448799 -2.127449 0.000000
vt -0.448799 -2.189553 0.000000
vt -0.403919 -1.879034 0.000000
vt -0.403919 -1.941138 0.000000
vt -0.403919 -2.003241 0.000000
vt -0.403919 -2.065345 0.000000
vt -0.403919 -2.127449 0.000000
vt -0.403919 -2.189553 0.000000
vt -0.403919 -2.251656 0.000000
vt -0.800074 0.157080 0.000000
vt -1.217063 0.157080 0.000000
vt -0.800074 0.112200 0.000000
vt -1.217063 0.112200 0.000000
vt -0.800074 0.067320 0.000000
vt -1.217063 0.067320 0.000000
vt -0.800074 0.022440 0.000000
vt -1.217063 0.022440 0.000000
vt -0.800074 -0.022440 0.000000
vt -1.217063 -0.022440 0.000000
vt -0.800074 -0.067320 0.000000
vt -1.217063 -0.067320 0.000000
vt -0.800074 -0.112200 0.000000
vt -1.217063 -0.112200 0.000000
vt -0.800074 -0.157080 0.000000
vt -1.217063 -0.157080 0.000000
vt 0.314159 -0.086049 0.000000
vt 0.314159 0.000000 0.000000
vt 0.269279 -0.065562 0.000000
vt 0.269279 0.000000 0.000000
vt 0.224399 0.000000 0.000000
vt 0.224399 -0.065562 0.000000
vt 0.179520 0.000000 0.000000
vt 0.179520 -0.065562 0.000000
vt 0.134640 0.000000 0.000000
vt 0.134640 -0.065562 0.000000
vt 0.089760 0.000000 0.000000
vt 0.089760 -0.065562 0.000000
vt 0.044880 0.000000 0.000000
vt 0.044880 -0.065562 0.000000
vt -0.000000 0.000000 0.000000
vt -0.000000 -0.065562 0.000000
vt 0.044880 -0.131123 0.000000
vt -0.000000 -0.131123 0.000000
vt 0.044880 -0.196685 0.000000
vt -0.000000 -0.196685 0.000000
vt 0.044880 -0.262246 0.000000
vt -0.000000 -0.262246 0.000000
vt 0.044880 -0.327808 0.000000
vt -0.000000 -0.327808 0.000000
vt 0.044880 -0.393369 0.000000
vt -0.000000 -0.393369 0.000000
vt 0.044880 -0.458931 0.000000
vt -0.000000 -0.458931 0.000000
vt 0.044880 -0.524492 0.000000
vt -0.000000 -0.524492 0.000000
vt 0.044880 -0.590054 0.000000
vt -0.000000 -0.590054 0.000000
vt 0.044880 -0.655615 0.000000
vt -0.000000 -0.655615 0.000000
vt 0.044880 -0.721177 0.000000
vt -0.000000 -0.721177 0.000000
vt 0.044880 -0.786738 0.000000
vt -0.000000 -0.786738 0.000000
vt 0.044880 -0.852300 0.000000
vt -0.000000 -0.852300 0.000000
vt 0.044880 -0.917861 0.000000
vt -0.000000 -0.917861 0.000000
vt 0.044880 -0.983423 0.000000
vt -0.000000 -0.983423 0.000000
vt 0.044880 -1.048984 0.000000
vt -0.000000 -1.048984 0.000000
vt 0.044880 -1.114546 0.000000
vt -0.000000 -1.114546 0.000000
vt 0.044880 -1.180107 0.000000
vt -0.000000 -1.180107 0.000000
vt 0.044880 -1.245669 0.000000
vt -0.000000 -1.245669 0.000000
vt 0.044880 -1.311230 0.000000
vt -0.000000 -1.311230 0.000000
vt 0.044880 -1.376792 0.000000
vt 0.000000 -1.376792 0.000000
vt 0.089760 -1.376792 0.000000
vt 0.089760 -1.311230 0.000000
vt 0.089760 -1.245669 0.000000
vt 0.089760 -1.180107 0.000000
vt 0.089760 -1.114546 0.000000
vt 0.089760 -1.048984 0.000000
vt 0.089760 -0.983423 0.000000
vt 0.089760 -0.917861 0.000000
vt 0.089760 -0.852300 0.000000
vt 0.089760 -0.786738 0.000000
vt 0.089760 -0.721177 0.000000
vt 0.089760 -0.655615 0.000000
vt 0.089760 -0.590054 0.000000
vt 0.089760 -0.524492 0.000000
vt 0.089760 -0.458931 0.000000
vt 0.089760 -0.393369 0.000000
vt 0.089760 -0.327808 0.000000
vt 0.089760 -0.262246 0.000000
vt 0.089760 -0.196685 0.000000
vt 0.089760 -0.131123 0.000000
vt 0.134640 -1.376792 0.000000
vt 0.134640 -1.311230 0.000000
vt 0.134640 -1.245669 0.000000
vt 0.134640 -1.180107 0.000000
vt 0.134640 -1.114546 0.000000
vt 0.134640 -1.048984 0.000000
vt 0.134640 -0.983423 0.000000
vt 0.134640 -0.917861 0.000000
vt 0.134640 -0.852300 0.000000
vt 0.134640 -0.786738 0.000000
vt 0.134640 -0.721177 0.000000
vt 0.134640 -0.655615 0.000000
vt 0.134640 -0.590054 0.000000
vt 0.134640 -0.524492 0.000000
vt 0.134640 -0.458931 0.000000
vt 0.134640 -0.393369 0.000000
vt 0.134640 -0.327808 0.000000
vt 0.134640 -0.262246 0.000000
vt 0.134640 -0.196685 0.000000
vt 0.134640 -0.131123 0.000000
vt 0.179520 -1.376792 0.000000
vt 0.179520 -1.311230 0.000000
vt 0.179520 -1.245669 0.000000
vt 0.179520 -1.180107 0.000000
vt 0.179520 -1.114546 0.000000
vt 0.179520 -1.048984 0.000000
vt 0.179520 -0.983423 0.000000
vt 0.179520 -0.917861 0.000000
vt 0.179520 -0.852300 0.000000
vt 0.179520 -0.786738 0.000000
vt 0.179520 -0.721177 0.000000
vt 0.179520 -0.655615 0.000000
vt 0.179520 -0.590054 0.000000
vt 0.179520 -0.524492 0.000000
vt 0.179520 -0.458931 0.000000
vt 0.179520 -0.393369 0.000000
vt 0.179520 -0.327808 0.000000
vt 0.179520 -0.262246 0.000000
vt 0.179520 -0.196685 0.000000
vt 0.179520 -0.131123 0.000000
vt 0.224399 -1.376792 0.000000
vt 0.224399 -1.311230 0.000000
vt 0.224399 -1.245669 0.000000
vt 0.224399 -1.180107 0.000000
vt 0.224399 -1.114546 0.000000
vt 0.224399 -1.048984 0.000000
vt 0.224399 -0.983423 0.000000
vt 0.224399 -0.917861 0.000000
vt 0.224399 -0.852300 0.000000
vt 0.224399 -0.786738 0.000000
vt 0.224399 -0.721177 0.000000
vt 0.224399 -0.655615 0.000000
vt 0.224399 -0.590054 0.000000
vt 0.224399 -0.524492 0.000000
vt 0.224399 -0.458931 0.000000
vt 0.224399 -0.393369 0.000000
vt 0.224399 -0.327808 0.000000
vt 0.224399 -0.262246 0.000000
vt 0.224399 -0.196685 0.000000
vt 0.224399 -0.131123 0.000000
vt 0.269279 -1.376792 0.000000
vt 0.269279 -1.311230 0.000000
vt 0.269279 -1.245669 0.000000
vt 0.269279 -1.180107 0.000000
vt 0.269279 -1.114546 0.000000
vt 0.269279 -1.048984 0.000000
vt 0.269279 -0.983423 0.000000
vt 0.269279 -0.917861 0.000000
vt 0.269279 -0.852300 0.000000
vt 0.269279 -0.786738 0.000000
vt 0.269279 -0.721177 0.000000
vt 0.269279 -0.655615 0.000000
vt 0.269279 -0.590054 0.000000
vt 0.269279 -0.524492 0.000000
vt 0.269279 -0.458931 0.000000
vt 0.269279 -0.393369 0.000000
vt 0.269279 -0.327808 0.000000
vt 0.269279 -0.262246 0.000000
vt 0.269279 -0.196685 0.000000
vt 0.269279 -0.131123 0.000000
vt 0.314159 -1.376792 0.000000
vt 0.314159 -1.290742 0.000000
vt 0.314159 -1.204693 0.000000
vt 0.314159 -1.118643 0.000000
vt 0.314159 -1.032594 0.000000
vt 0.314159 -0.946544 0.000000
vt 0.314159 -0.860495 0.000000
vt 0.314159 -0.774445 0.000000
vt 0.314159 -0.688396 0.000000
vt 0.314159 -0.602346 0.000000
vt 0.314159 -0.516297 0.000000
vt 0.314159 -0.430247 0.000000
vt 0.314159 -0.344198 0.000000
vt 0.314159 -0.258148 0.000000
vt 0.314159 -0.172099 0.000000
vt 1.595128 0.157080 0.000000
vt 1.178139 0.157080 0.000000
vt 1.595128 0.112200 0.000000
vt 1.178139 0.112200 0.000000
vt 1.595128 0.067320 0.000000
vt 1.178139 0.067320 0.000000
vt 1.595128 0.022440 0.000000
vt 1.178139 0.022440 0.000000
vt 1.595128 -0.022440 0.000000
vt 1.178139 -0.022440 0.000000
vt 1.595128 -0.067320 0.000000
vt 1.178139 -0.067320 0.000000
vt 1.595128 -0.112200 0.000000
vt 1.178139 -0.112200 0.000000
vt 1.595128 -0.157080 0.000000
vt 1.178139 -0.157080 0.000000
vt 0.339142 0.350000 0.000000
vt 0.451265 -0.494279 0.000000
vt 0.756131 0.350000 0.000000
vt 0.559221 -0.584377 0.000000
vt 0.661153 -0.680151 0.000000
vt 0.339142 -0.415773 0.000000
vt 0.395531 -0.453303 0.000000
vt 0.756131 -0.774600 0.000000
vt -0.415773 -0.277954 0.000000
vt 0.350000 -0.277954 0.000000
vt -0.391656 -0.239089 0.000000
vt 0.350000 -0.208466 0.000000
vt -0.366575 -0.196879 0.000000
vt -0.341976 -0.151454 0.000000
vt 0.350000 -0.138977 0.000000
vt -0.319305 -0.102792 0.000000
vt 0.350000 -0.069489 0.000000
vt -0.300278 -0.051689 0.000000
vt 0.350000 0.000000 0.000000
vt -0.286206 0.000443 0.000000
vt -0.277511 0.053870 0.000000
vt 0.350000 0.069489 0.000000
vt -0.274600 0.107786 0.000000
vt 0.350000 0.138977 0.000000
vt -0.274600 0.164509 0.000000
vt 0.350000 0.208466 0.000000
vt -0.274600 0.221232 0.000000
vt 0.350000 0.277954 0.000000
vt -0.274600 0.277954 0.000000
vt -0.244537 -0.651978 0.000000
vt -0.250000 -0.600000 0.000000
vt -0.626132 -0.248630 0.000000
vt -0.244537 -0.548022 0.000000
vt -0.228386 -0.498316 0.000000
vt -0.202254 -0.453054 0.000000
vt -0.167283 -0.414214 0.000000
vt -0.125000 -0.383494 0.000000
vt -0.077254 -0.362236 0.000000
vt -0.026132 -0.351370 0.000000
vt 0.026132 -0.351370 0.000000
vt 0.077254 -0.362236 0.000000
vt 0.573868 -0.248630 0.000000
vt 0.522746 -0.237764 0.000000
vt 0.475000 -0.216506 0.000000
vt 0.125000 -0.383494 0.000000
vt 0.167283 -0.414214 0.000000
vt 0.202254 -0.453054 0.000000
vt 0.228386 -0.498316 0.000000
vt 0.244537 -0.548022 0.000000
vt 0.250000 -0.600000 0.000000
vt 0.244537 -0.651978 0.000000
vt 0.626132 -0.248630 0.000000
vt 0.804231 -1.325033 0.000000
vt 0.915741 -1.250567 0.000000
vt 0.686702 -1.389583 0.000000
vt 0.228386 -0.701684 0.000000
vt 0.611737 -1.432579 0.000000
vt 0.202254 -0.746946 0.000000
vt 0.542642 -1.484485 0.000000
vt 0.167283 -0.785786 0.000000
vt 0.480469 -1.544509 0.000000
vt 0.125000 -0.816506 0.000000
vt 0.426166 -1.611737 0.000000
vt 0.077254 -0.837764 0.000000
vt 0.380561 -1.685144 0.000000
vt 0.026132 -0.848630 0.000000
vt 0.344349 -1.763611 0.000000
vt -0.026132 -0.848630 0.000000
vt -0.344349 -1.763611 0.000000
vt -0.380561 -1.685144 0.000000
vt -0.426166 -1.611737 0.000000
vt -0.480469 -1.544509 0.000000
vt -0.542642 -1.484485 0.000000
vt -0.611737 -1.432579 0.000000
vt -0.686702 -1.389583 0.000000
vt -0.804231 -1.325033 0.000000
vt -0.915741 -1.250567 0.000000
vt -1.020399 -1.166742 0.000000
vt -1.117420 -1.074185 0.000000
vt -1.206078 -0.973589 0.000000
vt -1.285710 -0.865707 0.000000
vt -0.077254 -0.837764 0.000000
vt -0.125000 -0.816506 0.000000
vt -0.167283 -0.785786 0.000000
vt -0.202254 -0.746946 0.000000
vt -0.228386 -0.701684 0.000000
vt -0.677254 -0.237764 0.000000
vt -0.725000 -0.216506 0.000000
vt -0.767283 -0.185786 0.000000
vt -0.244537 0.651978 0.000000
vt -0.573868 0.248630 0.000000
vt -0.250000 0.600000 0.000000
vt -0.522746 0.237764 0.000000
vt -0.244537 0.548022 0.000000
vt -0.475000 0.216506 0.000000
vt -0.228386 0.498316 0.000000
vt -0.432717 0.185786 0.000000
vt -0.202254 0.453054 0.000000
vt -0.397746 0.146946 0.000000
vt -0.167283 0.414214 0.000000
vt -0.371614 0.101684 0.000000
vt -0.125000 0.383494 0.000000
vt -0.355463 0.051978 0.000000
vt -0.077254 0.362236 0.000000
vt -0.350000 0.000000 0.000000
vt -0.026132 0.351370 0.000000
vt 0.026132 0.351370 0.000000
vt 0.350000 -0.000000 0.000000
vt 0.077254 0.362236 0.000000
vt 0.355463 0.051978 0.000000
vt 0.125000 0.383494 0.000000
vt 0.371614 0.101684 0.000000
vt 0.167283 0.414214 0.000000
vt 0.397746 0.146946 0.000000
vt 0.202254 0.453054 0.000000
vt 0.432717 0.185786 0.000000
vt 0.228386 0.498316 0.000000
vt 0.475000 0.216506 0.000000
vt 0.244537 0.548022 0.000000
vt 0.522746 0.237764 0.000000
vt 0.250000 0.600000 0.000000
vt 0.573868 0.248630 0.000000
vt 0.244537 0.651978 0.000000
vt 0.626132 0.248630 0.000000
vt 0.769109 1.345724 0.000000
vt 0.882539 1.274215 0.000000
vt 0.677254 0.237764 0.000000
vt 0.989364 1.193171 0.000000
vt 0.725000 0.216506 0.000000
vt 1.088786 1.103198 0.000000
vt 1.180059 1.004968 0.000000
vt 0.767283 0.185786 0.000000
vt 1.262500 0.899218 0.000000
vt 0.802254 0.146946 0.000000
vt 1.335494 0.786738 0.000000
vt 1.398493 0.668370 0.000000
vt 0.828386 0.101684 0.000000
vt 1.451025 0.545000 0.000000
vt 1.492699 0.417552 0.000000
vt 0.844537 0.051978 0.000000
vt 1.523202 0.286978 0.000000
vt 1.542305 0.154257 0.000000
vt 0.850000 -0.000000 0.000000
vt 1.549866 0.020382 0.000000
vt 1.545828 -0.113646 0.000000
vt 0.844537 -0.051978 0.000000
vt 1.530222 -0.246824 0.000000
vt 1.503163 -0.378154 0.000000
vt 1.464855 -0.506654 0.000000
vt 0.828386 -0.101684 0.000000
vt 1.415585 -0.631363 0.000000
vt 1.355721 -0.751347 0.000000
vt 0.802254 -0.146946 0.000000
vt 1.285710 -0.865707 0.000000
vt 0.767283 -0.185786 0.000000
vt 1.206078 -0.973589 0.000000
vt 1.117420 -1.074185 0.000000
vt 0.725000 -0.216506 0.000000
vt 1.020399 -1.166742 0.000000
vt 0.677254 -0.237764 0.000000
vt -0.228386 0.701684 0.000000
vt -0.769109 1.345724 0.000000
vt -0.626132 0.248630 0.000000
vt -0.202254 0.746946 0.000000
vt -0.525873 1.458066 0.000000
vt -0.649923 1.407160 0.000000
vt -0.397887 1.498061 0.000000
vt -0.167283 0.785786 0.000000
vt -0.266924 1.526844 0.000000
vt -0.125000 0.816506 0.000000
vt -0.077254 0.837764 0.000000
vt -0.133963 1.544200 0.000000
vt -0.026132 0.848630 0.000000
vt -0.000000 1.550000 0.000000
vt 0.026132 0.848630 0.000000
vt 0.133963 1.544200 0.000000
vt 0.077254 0.837764 0.000000
vt 0.266924 1.526844 0.000000
vt 0.125000 0.816506 0.000000
vt 0.167283 0.785786 0.000000
vt 0.397887 1.498061 0.000000
vt 0.202254 0.746946 0.000000
vt 0.525873 1.458066 0.000000
vt 0.228386 0.701684 0.000000
vt 0.649923 1.407160 0.000000
vt 0.432717 -0.185786 0.000000
vt 0.397746 -0.146946 0.000000
vt 0.371614 -0.101684 0.000000
vt 0.355463 -0.051978 0.000000
vt -0.844537 0.051978 0.000000
vt -1.542305 0.154257 0.000000
vt -0.850000 0.000000 0.000000
vt -1.549866 0.020382 0.000000
vt -1.545828 -0.113646 0.000000
vt -0.828386 0.101684 0.000000
vt -1.492699 0.417552 0.000000
vt -1.523202 0.286978 0.000000
vt -0.802254 0.146946 0.000000
vt -1.398493 0.668370 0.000000
vt -1.451025 0.545000 0.000000
vt -0.767283 0.185786 0.000000
vt -1.262500 0.899218 0.000000
vt -1.335494 0.786738 0.000000
vt -1.180059 1.004968 0.000000
vt -0.725000 0.216506 0.000000
vt -1.088786 1.103198 0.000000
vt -0.989364 1.193171 0.000000
vt -0.677254 0.237764 0.000000
vt -0.882539 1.274215 0.000000
vt -0.355463 -0.051978 0.000000
vt -0.371614 -0.101684 0.000000
vt -0.397746 -0.146946 0.000000
vt -0.432717 -0.185786 0.000000
vt -0.475000 -0.216506 0.000000
vt -0.522746 -0.237764 0.000000
vt -0.573868 -0.248630 0.000000
vt -0.802254 -0.146946 0.000000
vt -1.355721 -0.751347 0.000000
vt -0.828386 -0.101684 0.000000
vt -1.415585 -0.631363 0.000000
vt -1.464855 -0.506654 0.000000
vt -0.844537 -0.051978 0.000000
vt -1.503163 -0.378154 0.000000
vt -1.530222 -0.246824 0.000000
vt 0.318082 -1.845941 0.000000
vt -0.318082 -1.845941 0.000000
vt 0.302160 -1.930882 0.000000
vt -0.302160 -1.930882 0.000000
vt 0.296825 -2.017137 0.000000
vt -0.296825 -2.017137 0.000000
vt 0.296825 -2.434125 0.000000
vt -0.296825 -2.434125 0.000000
vt 0.000000 -2.730950 0.000000
vt -0.057908 -2.725247 0.000000
vt -0.113590 -2.708356 0.000000
vt -0.164907 -2.680926 0.000000
vt -0.209887 -2.644012 0.000000
vt -0.246801 -2.599032 0.000000
vt -0.274231 -2.547715 0.000000
vt -0.291122 -2.492033 0.000000
vt 0.057908 -2.725247 0.000000
vt 0.113590 -2.708356 0.000000
vt 0.164907 -2.680926 0.000000
vt 0.209887 -2.644012 0.000000
vt 0.246801 -2.599032 0.000000
vt 0.274231 -2.547715 0.000000
vt 0.291122 -2.492033 0.000000
vt 0.274600 0.277954 0.000000
vt -0.350000 0.277954 0.000000
vt 0.274600 0.221232 0.000000
vt -0.350000 0.208466 0.000000
vt 0.274600 0.164509 0.000000
vt -0.350000 0.138977 0.000000
vt 0.274600 0.107786 0.000000
vt -0.350000 0.069489 0.000000
vt 0.277651 0.052596 0.000000
vt -0.350000 0.000000 0.000000
vt 0.286767 -0.002124 0.000000
vt 0.301435 -0.055245 0.000000
vt -0.350000 -0.069489 0.000000
vt 0.321092 -0.106995 0.000000
vt -0.350000 -0.138977 0.000000
vt 0.344161 -0.155791 0.000000
vt -0.350000 -0.208466 0.000000
vt 0.368649 -0.200568 0.000000
vt 0.392930 -0.241194 0.000000
vt -0.350000 -0.277954 0.000000
vt 0.415773 -0.277954 0.000000
vt 0.000000 0.350000 0.000000
vt 0.304865 -0.494279 0.000000
vt 0.416988 0.350000 0.000000
vt 0.360600 -0.453303 0.000000
vt 0.416988 -0.415773 0.000000
vt 0.000000 -0.774600 0.000000
vt 0.094978 -0.680151 0.000000
vt 0.196910 -0.584377 0.000000
vt -0.491276 -0.074048 0.000000
vt 0.491276 -0.074048 0.000000
vt -0.496825 0.000000 0.000000
vt 0.496825 0.000000 0.000000
vt -0.491276 0.074048 0.000000
vt 0.491276 0.074048 0.000000
vt -0.474752 0.146442 0.000000
vt 0.474752 0.146442 0.000000
vt -0.447624 0.215564 0.000000
vt 0.447624 0.215564 0.000000
vt -0.410496 0.279871 0.000000
vt 0.410496 0.279871 0.000000
vt -0.364198 0.337927 0.000000
vt 0.364198 0.337927 0.000000
vt -0.309765 0.388433 0.000000
vt 0.309765 0.388433 0.000000
vt -0.248413 0.430263 0.000000
vt 0.248412 0.430263 0.000000
vt -0.181511 0.462481 0.000000
vt 0.181511 0.462481 0.000000
vt -0.110554 0.484369 0.000000
vt 0.110554 0.484369 0.000000
vt -0.037128 0.495436 0.000000
vt 0.037128 0.495436 0.000000
vt 0.474752 -0.146442 0.000000
vt -0.474752 -0.146442 0.000000
vt 0.447624 -0.215564 0.000000
vt -0.447624 -0.215564 0.000000
vt 0.410496 -0.279871 0.000000
vt -0.410496 -0.279871 0.000000
vt 0.364198 -0.337927 0.000000
vt -0.364198 -0.337927 0.000000
vt 0.309765 -0.388433 0.000000
vt -0.309765 -0.388433 0.000000
vt 0.248413 -0.430263 0.000000
vt -0.248413 -0.430263 0.000000
vt 0.181511 -0.462481 0.000000
vt -0.181511 -0.462481 0.000000
vt 0.110554 -0.484369 0.000000
vt -0.110554 -0.484369 0.000000
vt 0.037128 -0.495436 0.000000
vt -0.037128 -0.495436 0.000000
vt 0.250000 -0.733038 0.000000
vt 0.000000 -0.733038 0.000000
vt 0.250000 -0.785398 0.000000
vt -0.000000 -0.785398 0.000000
vt 0.250000 0.785398 0.000000
vt -0.000000 0.785398 0.000000
vt 0.250000 0.733038 0.000000
vt -0.000000 0.733038 0.000000
vt 0.000000 0.680678 0.000000
vt 0.250000 -0.680678 0.000000
vt 0.000000 -0.680678 0.000000
vt 0.250000 -0.628319 0.000000
vt 0.000000 -0.628319 0.000000
vt 0.250000 -0.575959 0.000000
vt 0.000000 -0.575959 0.000000
vt 0.250000 -0.523599 0.000000
vt 0.000000 -0.523599 0.000000
vt 0.250000 -0.471239 0.000000
vt 0.000000 -0.471239 0.000000
vt 0.250000 -0.418879 0.000000
vt 0.000000 -0.418879 0.000000
vt 0.250000 -0.366519 0.000000
vt 0.000000 -0.366519 0.000000
vt 0.250000 -0.314159 0.000000
vt 0.000000 -0.314159 0.000000
vt 0.250000 -0.261799 0.000000
vt 0.000000 -0.261799 0.000000
vt 0.250000 -0.209440 0.000000
vt 0.000000 -0.209440 0.000000
vt 0.250000 -0.157080 0.000000
vt 0.000000 -0.157080 0.000000
vt 0.250000 -0.104720 0.000000
vt 0.000000 -0.104720 0.000000
vt 0.250000 -0.052360 0.000000
vt 0.000000 -0.052360 0.000000
vt 0.250000 0.000000 0.000000
vt 0.000000 0.000000 0.000000
vt 0.250000 0.052360 0.000000
vt 0.000000 0.052360 0.000000
vt 0.250000 0.104720 0.000000
vt 0.000000 0.104720 0.000000
vt 0.250000 0.157080 0.000000
vt 0.000000 0.157080 0.000000
vt 0.250000 0.209440 0.000000
vt 0.000000 0.209440 0.000000
vt 0.250000 0.261799 0.000000
vt 0.000000 0.261799 0.000000
vt 0.250000 0.314159 0.000000
vt 0.000000 0.314159 0.000000
vt 0.250000 0.366519 0.000000
vt 0.000000 0.366519 0.000000
vt 0.250000 0.418879 0.000000
vt -0.000000 0.418879 0.000000
vt 0.250000 0.471239 0.000000
vt -0.000000 0.471239 0.000000
vt 0.250000 0.523599 0.000000
vt -0.000000 0.523599 0.000000
vt 0.250000 0.575959 0.000000
vt -0.000000 0.575959 0.000000
vt 0.250000 0.628319 0.000000
vt -0.000000 0.628319 0.000000
vt 0.250000 0.680678 0.000000
vt -0.726343 0.033854 0.000000
vt -0.844537 0.051978 0.000000
vt -0.730800 0.000000 0.000000
vt -0.850000 0.000000 0.000000
vt -0.844537 -0.051978 0.000000
vt -0.828386 0.101684 0.000000
vt -0.713276 0.065400 0.000000
vt -0.802254 0.146946 0.000000
vt -0.692490 0.092490 0.000000
vt -0.767283 0.185786 0.000000
vt -0.665400 0.113276 0.000000
vt -0.725000 0.216506 0.000000
vt -0.677254 0.237764 0.000000
vt -0.633854 0.126343 0.000000
vt -0.626132 0.248630 0.000000
vt -0.600000 0.130800 0.000000
vt -0.573868 0.248630 0.000000
vt -0.566146 0.126343 0.000000
vt -0.522746 0.237764 0.000000
vt -0.534600 0.113276 0.000000
vt -0.475000 0.216506 0.000000
vt -0.432717 0.185786 0.000000
vt -0.507510 0.092490 0.000000
vt -0.397746 0.146946 0.000000
vt -0.486724 0.065400 0.000000
vt -0.371614 0.101684 0.000000
vt -0.473657 0.033854 0.000000
vt -0.355463 0.051978 0.000000
vt -0.469200 0.000000 0.000000
vt -0.350000 0.000000 0.000000
vt -0.355463 -0.051978 0.000000
vt -0.473657 -0.033854 0.000000
vt -0.371614 -0.101684 0.000000
vt -0.486724 -0.065400 0.000000
vt -0.397746 -0.146946 0.000000
vt -0.507510 -0.092490 0.000000
vt -0.432717 -0.185786 0.000000
vt -0.534600 -0.113276 0.000000
vt -0.475000 -0.216506 0.000000
vt -0.522746 -0.237764 0.000000
vt -0.566146 -0.126343 0.000000
vt -0.573868 -0.248630 0.000000
vt -0.600000 -0.130800 0.000000
vt -0.626132 -0.248630 0.000000
vt -0.633854 -0.126343 0.000000
vt -0.677254 -0.237764 0.000000
vt -0.665400 -0.113276 0.000000
vt -0.725000 -0.216506 0.000000
vt -0.767283 -0.185786 0.000000
vt -0.692490 -0.092490 0.000000
vt -0.802254 -0.146946 0.000000
vt -0.713276 -0.065400 0.000000
vt -0.828386 -0.101684 0.000000
vt -0.726343 -0.033854 0.000000
vt 0.250000 -0.733038 0.000000
vt 0.000000 -0.733038 0.000000
vt 0.250000 -0.785398 0.000000
vt -0.000000 -0.785398 0.000000
vt 0.250000 0.785398 0.000000
vt -0.000000 0.785398 0.000000
vt 0.250000 0.733038 0.000000
vt -0.000000 0.733038 0.000000
vt 0.000000 0.680678 0.000000
vt 0.250000 -0.680678 0.000000
vt 0.000000 -0.680678 0.000000
vt 0.250000 -0.628319 0.000000
vt 0.000000 -0.628319 0.000000
vt 0.250000 -0.575959 0.000000
vt 0.000000 -0.575959 0.000000
vt 0.250000 -0.523599 0.000000
vt 0.000000 -0.523599 0.000000
vt 0.250000 -0.471239 0.000000
vt 0.000000 -0.471239 0.000000
vt 0.250000 -0.418879 0.000000
vt 0.000000 -0.418879 0.000000
vt 0.250000 -0.366519 0.000000
vt 0.000000 -0.366519 0.000000
vt 0.250000 -0.314159 0.000000
vt 0.000000 -0.314159 0.000000
vt 0.250000 -0.261799 0.000000
vt 0.000000 -0.261799 0.000000
vt 0.250000 -0.209440 0.000000
vt 0.000000 -0.209440 0.000000
vt 0.250000 -0.157080 0.000000
vt 0.000000 -0.157080 0.000000
vt 0.250000 -0.104720 0.000000
vt 0.000000 -0.104720 0.000000
vt 0.250000 -0.052360 0.000000
vt 0.000000 -0.052360 0.000000
vt 0.250000 0.000000 0.000000
vt 0.000000 0.000000 0.000000
vt 0.250000 0.052360 0.000000
vt 0.000000 0.052360 0.000000
vt 0.250000 0.104720 0.000000
vt 0.000000 0.104720 0.000000
vt 0.250000 0.157080 0.000000
vt 0.000000 0.157080 0.000000
vt 0.250000 0.209440 0.000000
vt 0.000000 0.209440 0.000000
vt 0.250000 0.261799 0.000000
vt 0.000000 0.261799 0.000000
vt 0.250000 0.314159 0.000000
vt 0.000000 0.314159 0.000000
vt 0.250000 0.366519 0.000000
vt 0.000000 0.366519 0.000000
vt 0.250000 0.418879 0.000000
vt -0.000000 0.418879 0.000000
vt 0.250000 0.471239 0.000000
vt -0.000000 0.471239 0.000000
vt 0.250000 0.523599 0.000000
vt -0.000000 0.523599 0.000000
vt 0.250000 0.575959 0.000000
vt -0.000000 0.575959 0.000000
vt 0.250000 0.628319 0.000000
vt -0.000000 0.628319 0.000000
vt 0.250000 0.680678 0.000000
vt 0.473657 0.033854 0.000000
vt 0.355463 0.051978 0.000000
vt 0.469200 -0.000000 0.000000
vt 0.350000 -0.000000 0.000000
vt 0.355463 -0.051978 0.000000
vt 0.371614 0.101684 0.000000
vt 0.486724 0.065400 0.000000
vt 0.397746 0.146946 0.000000
vt 0.507510 0.092490 0.000000
vt 0.432717 0.185786 0.000000
vt 0.534600 0.113276 0.000000
vt 0.475000 0.216506 0.000000
vt 0.522746 0.237764 0.000000
vt 0.566146 0.126343 0.000000
vt 0.573868 0.248630 0.000000
vt 0.600000 0.130800 0.000000
vt 0.626132 0.248630 0.000000
vt 0.633854 0.126343 0.000000
vt 0.677254 0.237764 0.000000
vt 0.665400 0.113276 0.000000
vt 0.725000 0.216506 0.000000
vt 0.767283 0.185786 0.000000
vt 0.692490 0.092490 0.000000
vt 0.802254 0.146946 0.000000
vt 0.713276 0.065400 0.000000
vt 0.828386 0.101684 0.000000
vt 0.726343 0.033854 0.000000
vt 0.844537 0.051978 0.000000
vt 0.730800 -0.000000 0.000000
vt 0.850000 -0.000000 0.000000
vt 0.844537 -0.051978 0.000000
vt 0.726343 -0.033854 0.000000
vt 0.828386 -0.101684 0.000000
vt 0.713276 -0.065400 0.000000
vt 0.802254 -0.146946 0.000000
vt 0.692490 -0.092490 0.000000
vt 0.767283 -0.185786 0.000000
vt 0.665400 -0.113276 0.000000
vt 0.725000 -0.216506 0.000000
vt 0.677254 -0.237764 0.000000
vt 0.633854 -0.126343 0.000000
vt 0.626132 -0.248630 0.000000
vt 0.600000 -0.130800 0.000000
vt 0.573868 -0.248630 0.000000
vt 0.566146 -0.126343 0.000000
vt 0.522746 -0.237764 0.000000
vt 0.534600 -0.113276 0.000000
vt 0.475000 -0.216506 0.000000
vt 0.432717 -0.185786 0.000000
vt 0.507510 -0.092490 0.000000
vt 0.397746 -0.146946 0.000000
vt 0.486724 -0.065400 0.000000
vt 0.371614 -0.101684 0.000000
vt 0.473657 -0.033854 0.000000
vt 0.250000 -0.733038 0.000000
vt 0.000000 -0.733038 0.000000
vt 0.250000 -0.785398 0.000000
vt 0.000000 -0.785398 0.000000
vt 0.250000 0.785398 0.000000
vt 0.000000 0.785398 0.000000
vt 0.250000 0.733038 0.000000
vt -0.000000 0.733038 0.000000
vt -0.000000 0.680678 0.000000
vt 0.250000 -0.680678 0.000000
vt 0.000000 -0.680678 0.000000
vt 0.250000 -0.628319 0.000000
vt 0.000000 -0.628319 0.000000
vt 0.250000 -0.575959 0.000000
vt 0.000000 -0.575959 0.000000
vt 0.250000 -0.523599 0.000000
vt 0.000000 -0.523599 0.000000
vt 0.250000 -0.471239 0.000000
vt 0.000000 -0.471239 0.000000
vt 0.250000 -0.418879 0.000000
vt 0.000000 -0.418879 0.000000
vt 0.250000 -0.366519 0.000000
vt 0.000000 -0.366519 0.000000
vt 0.250000 -0.314159 0.000000
vt 0.000000 -0.314159 0.000000
vt 0.250000 -0.261799 0.000000
vt 0.000000 -0.261799 0.000000
vt 0.250000 -0.209440 0.000000
vt 0.000000 -0.209440 0.000000
vt 0.250000 -0.157080 0.000000
vt 0.000000 -0.157080 0.000000
vt 0.250000 -0.104720 0.000000
vt 0.000000 -0.104720 0.000000
vt 0.250000 -0.052360 0.000000
vt 0.000000 -0.052360 0.000000
vt 0.250000 0.000000 0.000000
vt 0.000000 0.000000 0.000000
vt 0.250000 0.052360 0.000000
vt 0.000000 0.052360 0.000000
vt 0.250000 0.104720 0.000000
vt 0.000000 0.104720 0.000000
vt 0.250000 0.157080 0.000000
vt 0.000000 0.157080 0.000000
vt 0.250000 0.209440 0.000000
vt 0.000000 0.209440 0.000000
vt 0.250000 0.261799 0.000000
vt 0.000000 0.261799 0.000000
vt 0.250000 0.314159 0.000000
vt 0.000000 0.314159 0.000000
vt 0.250000 0.366519 0.000000
vt 0.000000 0.366519 0.000000
vt 0.250000 0.418879 0.000000
vt -0.000000 0.418879 0.000000
vt 0.250000 0.471239 0.000000
vt -0.000000 0.471239 0.000000
vt 0.250000 0.523599 0.000000
vt -0.000000 0.523599 0.000000
vt 0.250000 0.575959 0.000000
vt -0.000000 0.575959 0.000000
vt 0.250000 0.628319 0.000000
vt -0.000000 0.628319 0.000000
vt 0.250000 0.680678 0.000000
vt -0.126343 0.633854 0.000000
vt -0.244537 0.651978 0.000000
vt -0.130800 0.600000 0.000000
vt -0.250000 0.600000 0.000000
vt -0.244537 0.548022 0.000000
vt -0.228386 0.701684 0.000000
vt -0.113276 0.665400 0.000000
vt -0.202254 0.746946 0.000000
vt -0.092490 0.692490 0.000000
vt -0.167283 0.785786 0.000000
vt -0.065400 0.713276 0.000000
vt -0.125000 0.816506 0.000000
vt -0.077254 0.837764 0.000000
vt -0.033854 0.726343 0.000000
vt -0.026132 0.848630 0.000000
vt 0.000000 0.730800 0.000000
vt 0.026132 0.848630 0.000000
vt 0.033854 0.726343 0.000000
vt 0.077254 0.837764 0.000000
vt 0.065400 0.713276 0.000000
vt 0.125000 0.816506 0.000000
vt 0.167283 0.785786 0.000000
vt 0.092490 0.692490 0.000000
vt 0.202254 0.746946 0.000000
vt 0.113276 0.665400 0.000000
vt 0.228386 0.701684 0.000000
vt 0.126343 0.633854 0.000000
vt 0.244537 0.651978 0.000000
vt 0.130800 0.600000 0.000000
vt 0.250000 0.600000 0.000000
vt 0.244537 0.548022 0.000000
vt 0.126343 0.566146 0.000000
vt 0.228386 0.498316 0.000000
vt 0.113276 0.534600 0.000000
vt 0.202254 0.453054 0.000000
vt 0.092490 0.507510 0.000000
vt 0.167283 0.414214 0.000000
vt 0.065400 0.486724 0.000000
vt 0.125000 0.383494 0.000000
vt 0.077254 0.362236 0.000000
vt 0.033854 0.473657 0.000000
vt 0.026132 0.351370 0.000000
vt 0.000000 0.469200 0.000000
vt -0.026132 0.351370 0.000000
vt -0.033854 0.473657 0.000000
vt -0.077254 0.362236 0.000000
vt -0.065400 0.486724 0.000000
vt -0.125000 0.383494 0.000000
vt -0.167283 0.414214 0.000000
vt -0.092490 0.507510 0.000000
vt -0.202254 0.453054 0.000000
vt -0.113276 0.534600 0.000000
vt -0.228386 0.498316 0.000000
vt -0.126343 0.566146 0.000000
vt 0.250000 -0.733038 0.000000
vt 0.000000 -0.733038 0.000000
vt 0.250000 -0.785398 0.000000
vt 0.000000 -0.785398 0.000000
vt 0.250000 0.785398 0.000000
vt 0.000000 0.785398 0.000000
vt 0.250000 0.733038 0.000000
vt -0.000000 0.733038 0.000000
vt -0.000000 0.680678 0.000000
vt 0.250000 -0.680678 0.000000
vt 0.000000 -0.680678 0.000000
vt 0.250000 -0.628319 0.000000
vt 0.000000 -0.628319 0.000000
vt 0.250000 -0.575959 0.000000
vt 0.000000 -0.575959 0.000000
vt 0.250000 -0.523599 0.000000
vt 0.000000 -0.523599 0.000000
vt 0.250000 -0.471239 0.000000
vt 0.000000 -0.471239 0.000000
vt 0.250000 -0.418879 0.000000
vt 0.000000 -0.418879 0.000000
vt 0.250000 -0.366519 0.000000
vt 0.000000 -0.366519 0.000000
vt 0.250000 -0.314159 0.000000
vt 0.000000 -0.314159 0.000000
vt 0.250000 -0.261799 0.000000
vt 0.000000 -0.261799 0.000000
vt 0.250000 -0.209440 0.000000
vt 0.000000 -0.209440 0.000000
vt 0.250000 -0.157080 0.000000
vt 0.000000 -0.157080 0.000000
vt 0.250000 -0.104720 0.000000
vt 0.000000 -0.104720 0.000000
vt 0.250000 -0.052360 0.000000
vt 0.000000 -0.052360 0.000000
vt 0.250000 0.000000 0.000000
vt 0.000000 0.000000 0.000000
vt 0.250000 0.052360 0.000000
vt 0.000000 0.052360 0.000000
vt 0.250000 0.104720 0.000000
vt 0.000000 0.104720 0.000000
vt 0.250000 0.157080 0.000000
vt 0.000000 0.157080 0.000000
vt 0.250000 0.209440 0.000000
vt 0.000000 0.209440 0.000000
vt 0.250000 0.261799 0.000000
vt 0.000000 0.261799 0.000000
vt 0.250000 0.314159 0.000000
vt 0.000000 0.314159 0.000000
vt 0.250000 0.366519 0.000000
vt 0.000000 0.366519 0.000000
vt 0.250000 0.418879 0.000000
vt -0.000000 0.418879 0.000000
vt 0.250000 0.471239 0.000000
vt -0.000000 0.471239 0.000000
vt 0.250000 0.523599 0.000000
vt 0.000000 0.523599 0.000000
vt 0.250000 0.575959 0.000000
vt -0.000000 0.575959 0.000000
vt 0.250000 0.628319 0.000000
vt -0.000000 0.628319 0.000000
vt 0.250000 0.680678 0.000000
vt -0.126343 -0.566146 0.000000
vt -0.244537 -0.548022 0.000000
vt -0.130800 -0.600000 0.000000
vt -0.250000 -0.600000 0.000000
vt -0.244537 -0.651978 0.000000
vt -0.228386 -0.498316 0.000000
vt -0.113276 -0.534600 0.000000
vt -0.202254 -0.453054 0.000000
vt -0.092490 -0.507510 0.000000
vt -0.167283 -0.414214 0.000000
vt -0.065400 -0.486724 0.000000
vt -0.125000 -0.383494 0.000000
vt -0.077254 -0.362236 0.000000
vt -0.033854 -0.473657 0.000000
vt -0.026132 -0.351370 0.000000
vt -0.000000 -0.469200 0.000000
vt 0.026132 -0.351370 0.000000
vt 0.033854 -0.473657 0.000000
vt 0.077254 -0.362236 0.000000
vt 0.065400 -0.486724 0.000000
vt 0.125000 -0.383494 0.000000
vt 0.167283 -0.414214 0.000000
vt 0.092490 -0.507510 0.000000
vt 0.202254 -0.453054 0.000000
vt 0.113276 -0.534600 0.000000
vt 0.228386 -0.498316 0.000000
vt 0.126343 -0.566146 0.000000
vt 0.244537 -0.548022 0.000000
vt 0.130800 -0.600000 0.000000
vt 0.250000 -0.600000 0.000000
vt 0.244537 -0.651978 0.000000
vt 0.126343 -0.633854 0.000000
vt 0.228386 -0.701684 0.000000
vt 0.113276 -0.665400 0.000000
vt 0.202254 -0.746946 0.000000
vt 0.092490 -0.692490 0.000000
vt 0.167283 -0.785786 0.000000
vt 0.065400 -0.713276 0.000000
vt 0.125000 -0.816506 0.000000
vt 0.077254 -0.837764 0.000000
vt 0.033854 -0.726343 0.000000
vt 0.026132 -0.848630 0.000000
vt -0.000000 -0.730800 0.000000
vt -0.026132 -0.848630 0.000000
vt -0.033854 -0.726343 0.000000
vt -0.077254 -0.837764 0.000000
vt -0.065400 -0.713276 0.000000
vt -0.125000 -0.816506 0.000000
vt -0.167283 -0.785786 0.000000
vt -0.092490 -0.692490 0.000000
vt -0.202254 -0.746946 0.000000
vt -0.113276 -0.665400 0.000000
vt -0.228386 -0.701684 0.000000
vt -0.126343 -0.633854 0.000000
vt 0.000000 0.376677 0.000000
vt 0.300000 0.376677 0.000000
vt 0.000000 0.410920 0.000000
vt 0.300000 0.410920 0.000000
vt 0.000000 -0.410920 0.000000
vt 0.300000 -0.410920 0.000000
vt 0.000000 -0.376677 0.000000
vt 0.300000 -0.376677 0.000000
vt 0.000000 -0.342434 0.000000
vt 0.300000 -0.342434 0.000000
vt -0.000000 -0.308190 0.000000
vt 0.300000 -0.308190 0.000000
vt 0.000000 -0.273947 0.000000
vt 0.300000 -0.273947 0.000000
vt -0.000000 -0.239704 0.000000
vt 0.300000 -0.239704 0.000000
vt 0.000000 -0.205460 0.000000
vt 0.300000 -0.205460 0.000000
vt -0.000000 -0.171217 0.000000
vt 0.300000 -0.171217 0.000000
vt -0.000000 -0.136973 0.000000
vt 0.300000 -0.136973 0.000000
vt 0.000000 -0.102730 0.000000
vt 0.300000 -0.102730 0.000000
vt 0.000000 -0.068487 0.000000
vt 0.300000 -0.068487 0.000000
vt 0.000000 -0.034243 0.000000
vt 0.300000 -0.034243 0.000000
vt 0.000000 0.000000 0.000000
vt 0.300000 0.000000 0.000000
vt 0.000000 0.034243 0.000000
vt 0.300000 0.034243 0.000000
vt 0.000000 0.068487 0.000000
vt 0.300000 0.068487 0.000000
vt 0.000000 0.102730 0.000000
vt 0.300000 0.102730 0.000000
vt 0.000000 0.136973 0.000000
vt 0.300000 0.136973 0.000000
vt -0.000000 0.171217 0.000000
vt 0.300000 0.171217 0.000000
vt 0.000000 0.205460 0.000000
vt 0.300000 0.205460 0.000000
vt -0.000000 0.239704 0.000000
vt 0.300000 0.239704 0.000000
vt 0.000000 0.273947 0.000000
vt 0.300000 0.273947 0.000000
vt -0.000000 0.308190 0.000000
vt 0.300000 0.308190 0.000000
vt -0.000000 0.342434 0.000000
vt 0.300000 0.342434 0.000000
vt 0.000000 0.376677 0.000000
vt 0.300000 0.376677 0.000000
vt 0.000000 0.410920 0.000000
vt 0.300000 0.410920 0.000000
vt 0.000000 -0.410920 0.000000
vt 0.300000 -0.410920 0.000000
vt 0.000000 -0.376677 0.000000
vt 0.300000 -0.376677 0.000000
vt 0.000000 -0.342434 0.000000
vt 0.300000 -0.342434 0.000000
vt -0.000000 -0.308190 0.000000
vt 0.300000 -0.308190 0.000000
vt -0.000000 -0.273947 0.000000
vt 0.300000 -0.273947 0.000000
vt -0.000000 -0.239704 0.000000
vt 0.300000 -0.239704 0.000000
vt 0.000000 -0.205460 0.000000
vt 0.300000 -0.205460 0.000000
vt -0.000000 -0.171217 0.000000
vt 0.300000 -0.171217 0.000000
vt -0.000000 -0.136973 0.000000
vt 0.300000 -0.136973 0.000000
vt 0.000000 -0.102730 0.000000
vt 0.300000 -0.102730 0.000000
vt 0.000000 -0.068487 0.000000
vt 0.300000 -0.068487 0.000000
vt 0.000000 -0.034243 0.000000
vt 0.300000 -0.034243 0.000000
vt 0.000000 0.000000 0.000000
vt 0.300000 0.000000 0.000000
vt 0.000000 0.034243 0.000000
vt 0.300000 0.034243 0.000000
vt 0.000000 0.068487 0.000000
vt 0.300000 0.068487 0.000000
vt 0.000000 0.102730 0.000000
vt 0.300000 0.102730 0.000000
vt 0.000000 0.136973 0.000000
vt 0.300000 0.136973 0.000000
vt 0.000000 0.171217 0.000000
vt 0.300000 0.171217 0.000000
vt 0.000000 0.205460 0.000000
vt 0.300000 0.205460 0.000000
vt -0.000000 0.239704 0.000000
vt 0.300000 0.239704 0.000000
vt 0.000000 0.273947 0.000000
vt 0.300000 0.273947 0.000000
vt -0.000000 0.308190 0.000000
vt 0.300000 0.308190 0.000000
vt -0.000000 0.342434 0.000000
vt 0.300000 0.342434 0.000000
vt 0.000000 0.376677 0.000000
vt 0.300000 0.376677 0.000000
vt 0.000000 0.410920 0.000000
vt 0.300000 0.410920 0.000000
vt 0.000000 -0.410920 0.000000
vt 0.300000 -0.410920 0.000000
vt -0.000000 -0.376677 0.000000
vt 0.300000 -0.376677 0.000000
vt -0.000000 -0.342434 0.000000
vt 0.300000 -0.342434 0.000000
vt 0.000000 -0.308190 0.000000
vt 0.300000 -0.308190 0.000000
vt 0.000000 -0.273947 0.000000
vt 0.300000 -0.273947 0.000000
vt 0.000000 -0.239704 0.000000
vt 0.300000 -0.239704 0.000000
vt 0.000000 -0.205460 0.000000
vt 0.300000 -0.205460 0.000000
vt 0.000000 -0.171217 0.000000
vt 0.300000 -0.171217 0.000000
vt 0.000000 -0.136973 0.000000
vt 0.300000 -0.136973 0.000000
vt 0.000000 -0.102730 0.000000
vt 0.300000 -0.102730 0.000000
vt 0.000000 -0.068487 0.000000
vt 0.300000 -0.068487 0.000000
vt -0.000000 -0.034243 0.000000
vt 0.300000 -0.034243 0.000000
vt 0.000000 0.000000 0.000000
vt 0.300000 0.000000 0.000000
vt 0.000000 0.034243 0.000000
vt 0.300000 0.034243 0.000000
vt 0.000000 0.068487 0.000000
vt 0.300000 0.068487 0.000000
vt -0.000000 0.102730 0.000000
vt 0.300000 0.102730 0.000000
vt 0.000000 0.136973 0.000000
vt 0.300000 0.136973 0.000000
vt 0.000000 0.171217 0.000000
vt 0.300000 0.171217 0.000000
vt 0.000000 0.205460 0.000000
vt 0.300000 0.205460 0.000000
vt -0.000000 0.239704 0.000000
vt 0.300000 0.239704 0.000000
vt 0.000000 0.273947 0.000000
vt 0.300000 0.273947 0.000000
vt 0.000000 0.308190 0.000000
vt 0.300000 0.308190 0.000000
vt 0.000000 0.342434 0.000000
vt 0.300000 0.342434 0.000000
vt 0.000000 0.376677 0.000000
vt 0.300000 0.376677 0.000000
vt 0.000000 0.410920 0.000000
vt 0.300000 0.410920 0.000000
vt 0.000000 -0.410920 0.000000
vt 0.300000 -0.410920 0.000000
vt -0.000000 -0.376677 0.000000
vt 0.300000 -0.376677 0.000000
vt 0.000000 -0.342434 0.000000
vt 0.300000 -0.342434 0.000000
vt 0.000000 -0.308190 0.000000
vt 0.300000 -0.308190 0.000000
vt 0.000000 -0.273947 0.000000
vt 0.300000 -0.273947 0.000000
vt 0.000000 -0.239704 0.000000
vt 0.300000 -0.239704 0.000000
vt 0.000000 -0.205460 0.000000
vt 0.300000 -0.205460 0.000000
vt 0.000000 -0.171217 0.000000
vt 0.300000 -0.171217 0.000000
vt 0.000000 -0.136973 0.000000
vt 0.300000 -0.136973 0.000000
vt 0.000000 -0.102730 0.000000
vt 0.300000 -0.102730 0.000000
vt 0.000000 -0.068487 0.000000
vt 0.300000 -0.068487 0.000000
vt -0.000000 -0.034243 0.000000
vt 0.300000 -0.034243 0.000000
vt 0.000000 0.000000 0.000000
vt 0.300000 0.000000 0.000000
vt -0.000000 0.034243 0.000000
vt 0.300000 0.034243 0.000000
vt -0.000000 0.068487 0.000000
vt 0.300000 0.068487 0.000000
vt -0.000000 0.102730 0.000000
vt 0.300000 0.102730 0.000000
vt 0.000000 0.136973 0.000000
vt 0.300000 0.136973 0.000000
vt 0.000000 0.171217 0.000000
vt 0.300000 0.171217 0.000000
vt 0.000000 0.205460 0.000000
vt 0.300000 0.205460 0.000000
vt -0.000000 0.239704 0.000000
vt 0.300000 0.239704 0.000000
vt 0.000000 0.273947 0.000000
vt 0.300000 0.273947 0.000000
vt 0.000000 0.308190 0.000000
vt 0.300000 0.308190 0.000000
vt 0.000000 0.342434 0.000000
vt 0.300000 0.342434 0.000000
vt -0.000000 2.495219 0.000000
vt 0.274600 2.544145 0.000000
vt 0.000000 2.593071 0.000000
vt 0.000000 -2.593071 0.000000
vt 0.274600 -2.641996 0.000000
vt 0.274600 -2.544145 0.000000
vt 0.000000 -2.495219 0.000000
vt 0.274600 -2.446293 0.000000
vt 0.000000 -2.397367 0.000000
vt 0.274600 -2.348441 0.000000
vt 0.000000 -2.299515 0.000000
vt 0.274600 -2.250590 0.000000
vt 0.000000 -2.201664 0.000000
vt 0.274600 -2.152738 0.000000
vt 0.000000 -2.103812 0.000000
vt 0.274600 -2.054886 0.000000
vt 0.000000 -2.005960 0.000000
vt 0.274600 -1.957034 0.000000
vt 0.000000 -1.908109 0.000000
vt 0.274600 -1.859183 0.000000
vt 0.000000 -1.810257 0.000000
vt 0.274600 -1.761331 0.000000
vt 0.000000 -1.712405 0.000000
vt 0.274600 -1.663479 0.000000
vt 0.000000 -1.614553 0.000000
vt 0.274600 -1.565628 0.000000
vt 0.000000 -1.516702 0.000000
vt 0.274600 -1.467776 0.000000
vt 0.000000 -1.418850 0.000000
vt 0.274600 -1.369924 0.000000
vt 0.000000 -1.320998 0.000000
vt 0.274600 -1.272072 0.000000
vt 0.000000 -1.223146 0.000000
vt 0.274600 -1.174221 0.000000
vt 0.000000 -1.125295 0.000000
vt 0.274600 -1.076369 0.000000
vt 0.000000 -1.027443 0.000000
vt 0.274600 -0.978517 0.000000
vt -0.000000 -0.929591 0.000000
vt 0.274600 -0.880665 0.000000
vt 0.000000 -0.831740 0.000000
vt 0.274600 -0.782814 0.000000
vt 0.000000 -0.733888 0.000000
vt 0.274600 -0.684962 0.000000
vt 0.000000 -0.636036 0.000000
vt 0.274600 -0.587110 0.000000
vt 0.000000 -0.538184 0.000000
vt 0.274600 -0.489259 0.000000
vt -0.000000 -0.440333 0.000000
vt 0.274600 -0.391407 0.000000
vt 0.000000 -0.342481 0.000000
vt 0.274600 -0.293555 0.000000
vt 0.000000 -0.244629 0.000000
vt 0.274600 -0.195703 0.000000
vt 0.000000 -0.146778 0.000000
vt 0.274600 -0.097852 0.000000
vt 0.000000 -0.048926 0.000000
vt 0.274600 0.000000 0.000000
vt 0.000000 0.048926 0.000000
vt 0.274600 0.097852 0.000000
vt 0.000000 0.146778 0.000000
vt 0.274600 0.195703 0.000000
vt 0.000000 0.244629 0.000000
vt 0.274600 0.293555 0.000000
vt 0.000000 0.342481 0.000000
vt 0.274600 0.391407 0.000000
vt 0.000000 0.440333 0.000000
vt 0.274600 0.489259 0.000000
vt 0.000000 0.538184 0.000000
vt 0.274600 0.587110 0.000000
vt 0.000000 0.636036 0.000000
vt 0.274600 0.684962 0.000000
vt 0.000000 0.733888 0.000000
vt 0.274600 0.782814 0.000000
vt 0.000000 0.831740 0.000000
vt 0.274600 0.880665 0.000000
vt 0.000000 0.929591 0.000000
vt 0.274600 0.978517 0.000000
vt 0.000000 1.027443 0.000000
vt 0.274600 1.076369 0.000000
vt 0.000000 1.125295 0.000000
vt 0.274600 1.174221 0.000000
vt 0.000000 1.223146 0.000000
vt 0.274600 1.272072 0.000000
vt -0.000000 1.320998 0.000000
vt 0.274600 1.369924 0.000000
vt -0.000000 1.418850 0.000000
vt 0.274600 1.467776 0.000000
vt -0.000000 1.516702 0.000000
vt 0.274600 1.565628 0.000000
vt -0.000000 1.614553 0.000000
vt 0.274600 1.663479 0.000000
vt -0.000000 1.712405 0.000000
vt 0.274600 1.761331 0.000000
vt -0.000000 1.810257 0.000000
vt 0.274600 1.859183 0.000000
vt -0.000000 1.908109 0.000000
vt 0.274600 1.957034 0.000000
vt -0.000000 2.005960 0.000000
vt 0.274600 2.054886 0.000000
vt -0.000000 2.103812 0.000000
vt 0.274600 2.152738 0.000000
vt -0.000000 2.201664 0.000000
vt 0.274600 2.250590 0.000000
vt -0.000000 2.299515 0.000000
vt 0.274600 2.348441 0.000000
vt -0.000000 2.397367 0.000000
vt 0.274600 2.446293 0.000000
vt -0.274600 3.552107 0.000000
vt 0.350000 3.552107 0.000000
vt -0.274600 3.694367 0.000000
vt 0.350000 3.694367 0.000000
vt -0.274600 3.836627 0.000000
vt 0.350000 3.836627 0.000000
vt -0.274600 3.978887 0.000000
vt 0.350000 3.978887 0.000000
vt -0.274600 4.121147 0.000000
vt 0.350000 4.121147 0.000000
vt -0.274600 4.263406 0.000000
vt 0.350000 4.263406 0.000000
vt -0.274600 4.405666 0.000000
vt 0.350000 4.405666 0.000000
vt -0.274600 4.547926 0.000000
vt 0.350000 4.547926 0.000000
vt -0.274600 4.690186 0.000000
vt 0.350000 4.690186 0.000000
vt -0.274600 4.832446 0.000000
vt 0.350000 4.832446 0.000000
vt -0.274600 4.974705 0.000000
vt 0.350000 4.974705 0.000000
vt -0.274600 5.116965 0.000000
vt 0.350000 5.116965 0.000000
vt -0.274600 5.259225 0.000000
vt 0.350000 5.259225 0.000000
vt -0.274600 5.401485 0.000000
vt 0.350000 5.401485 0.000000
vt -0.274600 5.543745 0.000000
vt 0.350000 5.543745 0.000000
vt -0.274600 5.686004 0.000000
vt 0.350000 5.686004 0.000000
vt -0.274600 5.828264 0.000000
vt 0.350000 5.828264 0.000000
vt -0.274600 5.970524 0.000000
vt 0.350000 5.970524 0.000000
vt -0.274600 6.112784 0.000000
vt 0.350000 6.112784 0.000000
vt -0.274600 6.255044 0.000000
vt 0.350000 6.255044 0.000000
vt -0.274600 6.397303 0.000000
vt 0.350000 6.397303 0.000000
vt -0.274600 6.539563 0.000000
vt 0.350000 6.539563 0.000000
vt -0.274600 6.681823 0.000000
vt 0.350000 6.681823 0.000000
vt -0.274600 6.824083 0.000000
vt 0.350000 6.824083 0.000000
vt -0.274600 6.966343 0.000000
vt 0.350000 6.966343 0.000000
vt -0.274600 7.108602 0.000000
vt 0.350000 7.108602 0.000000
vt -0.274600 7.250862 0.000000
vt 0.350000 7.250862 0.000000
vt -0.274600 7.393122 0.000000
vt 0.350000 7.393122 0.000000
vt -0.274600 7.535382 0.000000
vt 0.350000 7.535382 0.000000
vt -0.274600 7.677642 0.000000
vt 0.350000 7.677642 0.000000
vt -0.274600 7.819901 0.000000
vt 0.350000 7.819901 0.000000
vt -0.274600 7.962161 0.000000
vt 0.350000 7.962161 0.000000
vt -0.274600 8.104421 0.000000
vt 0.350000 8.104421 0.000000
vt -0.274600 8.246681 0.000000
vt 0.350000 8.246681 0.000000
vt -0.274600 8.388941 0.000000
vt 0.350000 8.388941 0.000000
vt -0.274600 8.531200 0.000000
vt 0.350000 8.531200 0.000000
vt -0.274600 8.673460 0.000000
vt 0.350000 8.673460 0.000000
vt -0.274600 8.815720 0.000000
vt 0.350000 8.815720 0.000000
vt -0.274600 8.957980 0.000000
vt 0.350000 8.957980 0.000000
vt -0.274600 9.100239 0.000000
vt 0.350000 9.100239 0.000000
vt -0.274600 9.242499 0.000000
vt 0.350000 9.242499 0.000000
vt -0.274600 9.384759 0.000000
vt 0.350000 9.384759 0.000000
vt -0.274600 9.527019 0.000000
vt 0.350000 9.527019 0.000000
vt -0.274600 9.669279 0.000000
vt 0.350000 9.669279 0.000000
vt -0.274600 9.811538 0.000000
vt 0.350000 9.811538 0.000000
vt -0.274600 9.953798 0.000000
vt 0.350000 9.953798 0.000000
vt -0.274600 10.096058 0.000000
vt 0.350000 10.096058 0.000000
vt -0.274600 10.238318 0.000000
vt 0.350000 10.238318 0.000000
vt -0.274600 10.380578 0.000000
vt 0.350000 10.380578 0.000000
vt -0.274600 10.522837 0.000000
vt 0.350000 10.522837 0.000000
vt -0.274600 10.665097 0.000000
vt 0.350000 10.665097 0.000000
vt -0.274600 10.807357 0.000000
vt 0.350000 10.807357 0.000000
vt -0.274600 10.949617 0.000000
vt 0.350000 10.949617 0.000000
vt -0.274600 11.091877 0.000000
vt 0.350000 11.091877 0.000000
vt -0.274600 11.234136 0.000000
vt 0.350000 11.234136 0.000000
vt -0.274600 11.376396 0.000000
vt 0.350000 11.376396 0.000000
vt -0.274600 11.518656 0.000000
vt 0.350000 11.518656 0.000000
vt -0.274600 11.660916 0.000000
vt 0.350000 11.660916 0.000000
vt -0.274600 11.803176 0.000000
vt 0.350000 11.803176 0.000000
vt -0.274600 11.945435 0.000000
vt 0.350000 11.945435 0.000000
vt -0.274600 12.087695 0.000000
vt 0.350000 12.087695 0.000000
vt -0.274600 12.229955 0.000000
vt 0.350000 12.229955 0.000000
vt -0.274600 12.372215 0.000000
vt 0.350000 12.372215 0.000000
vt -0.274600 12.514475 0.000000
vt 0.350000 12.514475 0.000000
vt -0.274600 12.656734 0.000000
vt 0.350000 12.656734 0.000000
vt -0.274600 12.798994 0.000000
vt 0.350000 12.798994 0.000000
vt -0.274600 12.941254 0.000000
vt 0.350000 12.941254 0.000000
vt -0.819607 0.097623 0.000000
vt -1.749397 0.045952 0.000000
vt -0.825400 -0.000000 0.000000
vt -1.747351 -0.096254 0.000000
vt -0.819607 -0.097623 0.000000
vt -1.733765 -0.237824 0.000000
vt -1.708727 -0.377823 0.000000
vt -0.802308 0.193875 0.000000
vt -1.718888 0.328516 0.000000
vt -1.739888 0.187855 0.000000
vt -1.686536 0.467008 0.000000
vt -0.773746 0.287406 0.000000
vt -1.643044 0.602416 0.000000
vt -1.588701 0.733845 0.000000
vt -0.734323 0.376902 0.000000
vt -1.523865 0.860427 0.000000
vt -0.684591 0.461107 0.000000
vt -1.448965 0.981326 0.000000
vt -1.364495 1.095744 0.000000
vt -0.625250 0.538839 0.000000
vt -1.271012 1.202925 0.000000
vt -0.557131 0.609008 0.000000
vt -1.169135 1.302161 0.000000
vt -1.059537 1.392797 0.000000
vt -0.481191 0.670627 0.000000
vt -0.942940 1.474233 0.000000
vt -0.398497 0.722832 0.000000
vt -0.820116 1.545933 0.000000
vt -0.691875 1.607423 0.000000
vt -0.310208 0.764890 0.000000
vt -0.559064 1.658296 0.000000
vt -0.217565 0.796210 0.000000
vt -0.422562 1.698217 0.000000
vt -0.121867 0.816354 0.000000
vt -0.283268 1.726922 0.000000
vt -0.142103 1.744221 0.000000
vt -0.024459 0.825038 0.000000
vt -0.000000 1.750000 0.000000
vt 0.073292 0.822140 0.000000
vt 0.142103 1.744221 0.000000
vt 0.283268 1.726922 0.000000
vt 0.170015 0.807701 0.000000
vt 0.422562 1.698217 0.000000
vt 0.264351 0.781923 0.000000
vt 0.559064 1.658296 0.000000
vt 0.691875 1.607423 0.000000
vt 0.354976 0.745169 0.000000
vt 0.820116 1.545933 0.000000
vt 0.440618 0.697955 0.000000
vt 0.942940 1.474233 0.000000
vt 1.059537 1.392797 0.000000
vt 0.520075 0.640943 0.000000
vt 1.169135 1.302161 0.000000
vt 0.592230 0.574933 0.000000
vt 1.271012 1.202925 0.000000
vt 1.364495 1.095744 0.000000
vt 0.656073 0.500853 0.000000
vt 1.448965 0.981326 0.000000
vt 0.710705 0.419742 0.000000
vt 1.523865 0.860427 0.000000
vt 0.755361 0.332738 0.000000
vt 1.588701 0.733845 0.000000
vt 1.643044 0.602416 0.000000
vt 0.789413 0.241064 0.000000
vt 1.686536 0.467008 0.000000
vt 0.812384 0.146005 0.000000
vt 1.718888 0.328516 0.000000
vt 1.739888 0.187855 0.000000
vt 0.823950 0.048897 0.000000
vt 1.749397 0.045952 0.000000
vt 0.823950 -0.048897 0.000000
vt 1.747351 -0.096254 0.000000
vt 1.733765 -0.237824 0.000000
vt 0.812384 -0.146005 0.000000
vt 1.708727 -0.377823 0.000000
vt 0.789413 -0.241064 0.000000
vt 1.672405 -0.515327 0.000000
vt 1.625036 -0.649428 0.000000
vt 0.755361 -0.332738 0.000000
vt 1.566935 -0.779239 0.000000
vt 0.710705 -0.419742 0.000000
vt 1.498485 -0.903904 0.000000
vt 1.420138 -1.022599 0.000000
vt 0.656073 -0.500853 0.000000
vt 1.332411 -1.134539 0.000000
vt 0.592230 -0.574933 0.000000
vt 1.235885 -1.238987 0.000000
vt 1.131195 -1.335252 0.000000
vt 0.520075 -0.640943 0.000000
vt 1.019035 -1.422697 0.000000
vt 0.440618 -0.697955 0.000000
vt 0.900144 -1.500747 0.000000
vt 0.775308 -1.568884 0.000000
vt 0.354976 -0.745169 0.000000
vt 0.725989 -1.596842 0.000000
vt 0.264351 -0.781923 0.000000
vt 0.680152 -1.630202 0.000000
vt 0.628525 -1.660422 0.000000
vt 0.631823 -1.663113 0.000000
vt 0.493116 -1.705544 0.000000
vt 0.170015 -0.807701 0.000000
vt 0.354520 -1.739644 0.000000
vt 0.213633 -1.762500 0.000000
vt 0.073292 -0.822140 0.000000
vt 0.071365 -1.773965 0.000000
vt -0.024459 -0.825038 0.000000
vt -0.071365 -1.773965 0.000000
vt -0.213633 -1.762500 0.000000
vt -0.121867 -0.816354 0.000000
vt -0.354520 -1.739644 0.000000
vt -0.493116 -1.705544 0.000000
vt -0.628525 -1.660422 0.000000
vt -0.680152 -1.630202 0.000000
vt -0.631823 -1.663113 0.000000
vt -0.635110 -1.665818 0.000000
vt -0.638386 -1.668538 0.000000
vt -0.217565 -0.796210 0.000000
vt -1.420138 -1.022599 0.000000
vt -1.332411 -1.134539 0.000000
vt -1.235885 -1.238987 0.000000
vt -0.310208 -0.764890 0.000000
vt -0.398497 -0.722832 0.000000
vt -0.481191 -0.670627 0.000000
vt -0.557131 -0.609008 0.000000
vt -0.625250 -0.538839 0.000000
vt -0.684591 -0.461107 0.000000
vt -1.498485 -0.903904 0.000000
vt -0.734323 -0.376902 0.000000
vt -1.566935 -0.779239 0.000000
vt -1.625036 -0.649428 0.000000
vt -0.773746 -0.287406 0.000000
vt -1.672405 -0.515327 0.000000
vt -0.802308 -0.193875 0.000000
vt -0.900144 -1.500747 0.000000
vt -0.775308 -1.568884 0.000000
vt -0.725989 -1.596842 0.000000
vt 0.635110 -1.665818 0.000000
vt 0.638386 -1.668538 0.000000
vt -1.131195 -1.335252 0.000000
vt -1.019035 -1.422697 0.000000
vn 0 0 -0.1
vn 0 0 -0.1
vn 0 0 -0.1
vn 0 0 -0.1
vn 0 0 -0.1
vn 0 0 -0.1
vn 0 0 -0.1
vn 0 0 -0.1
vn 0 0 -0.1
vn 0 0 -0.1
vn 0 0 -0.1
vn 0 0 -0.1
vn 0 0 -0.1
vn 0 0 -0.1
vn 0 0 -0.1
vn 0 0 -0.1
vn 0 0 -0.1
vn 0 0 -0.1
vn 0 0 -0.1
vn 0 0 -0.1
vn 0 0 -0.1
vn 0 0 -0.1
vn 0 0 -0.1
vn 0 0 -0.1
vn 0 0 -0.1
vn 0 0 -0.1
vn 0 0 -0.1
vn 0 0 -0.1
vn 0 0 -0.1
vn 0 0 -0.1
vn 0 0 -0.1
vn 0 0 -0.1
vn 0 0 -0.1
vn 0 0 -0.1
vn 0 0 -0.1
vn 0 0 -0.1
vn 0 0 -0.1
vn 0 0 -0.1
vn 0 0 -0.1
vn 0 0 -0.1
vn 0 0 -0.1
vn 0 0 -0.1
vn 0 0 -0.1
vn 0 0 -0.1
vn 0 0 -0.1
vn 0 0 -0.1
vn 0 0 -0.1
vn 0 0 -0.1
vn 0 0 -0.1
vn 0 0 -0.1
vn 0 0 -0.1
vn 0 0 -0.1
vn 0 0 -0.1
vn 0 0 -0.1
vn 0 0 -0.1
vn 0 0 -0.1
vn 0 0 -0.1
vn 0 0 -0.1
vn 0 0 -0.1
vn 0 0 -0.1
vn 0 0 -0.1
vn 0 0 -0.1
vn 0 0 -0.1
vn 0 0 -0.1
vn 0 0 -0.1
vn 0 0 -0.1
vn 0 0 -0.1
vn 0 0 -0.1
vn 0 0 -0.1
vn 0 0 -0.1
vn 0 0 -0.1
vn 0 0 -0.1
vn 0 0 -0.1
vn 0 0 -0.1
vn 0 0 -0.1
vn 0 0 -0.1
vn 0 0 -0.1
vn 0 0 -0.1
vn 0 0 -0.1
vn 0 0 -0.1
vn 0 0 -0.1
vn 0 0 -0.1
vn 0 0 -0.1
vn 0 0 -0.1
vn 0 0 -0.1
vn 0 0 -0.1
vn 0 0 -0.1
vn 0 0 -0.1
vn 0 0 -0.1
vn 0 0 -0.1
vn 0 0 -0.1
vn 0 0 -0.1
vn 0 0 -0.1
vn 0 0 -0.1
vn 0 0 -0.1
vn 0 0 -0.1
vn 0 0 -0.1
vn 0 0 -0.1
vn 0 0 -0.1
vn 0 0 -0.1
vn 0 0 -0.1
vn 0 0 -0.1
vn 0 0 -0.1
vn 0 0 -0.1
vn 0 0 -0.1
vn 0 0 -0.1
vn 0 0 -0.1
vn 0 0 -0.1
vn 0 0 -0.1
vn 0 0 -0.1
vn 0 0 -0.1
vn 0 0 -0.1
vn 0 0 -0.1
vn 0 0 -0.1
vn 0 0 -0.1
vn 0 0 -0.1
vn 0 0 -0.1
vn 0 0 -0.1
vn 0 0 -0.1
vn 0 0 -0.1
vn 0 0 -0.1
vn 0 0 -0.1
vn 0 0 -0.1
vn 0 0 -0.1
vn 0 0 -0.1
vn 0 0 -0.1
vn 0 0 -0.1
vn 0 0 -0.1
vn 0 0 -0.1
vn 0 0 -0.1
vn 0 0 -0.1
vn 0 0 -0.1
vn 0 0 -0.1
vn 0 0 -0.1
vn 0 0 -0.1
vn 0 0 -0.1
vn 0 0 -0.1
vn 0 0 -0.1
vn 0 0 -0.1
vn 0 0 -0.1
vn 0 0 -0.1
vn 0 0 -0.1
vn 0 0 -0.1
vn 0 0 -0.1
vn 0 0 -0.1
vn 0 0 -0.1
vn 0 0 -0.1
vn 0 0 -0.1
vn 0 0 -0.1
vn -0.035402 -0.093524 0
vn -0.032966 -0.09441 0
vn -0.027775 -0.096065 0
vn -0.030715 -0.095166 0
vn -0.026671 -0.096378 0
vn -0.022781 -0.097371 0
vn -0.019968 -0.097986 0
vn -0.019025 -0.098174 0
vn -0.015415 -0.098805 0
vn -0.012033 -0.099273 0
vn -0.011705 -0.099313 0
vn -0.007689 -0.099704 0
vn -0.00402 -0.099919 0
vn -0.003411 -0.099942 0
vn -0.001195 -0.099993 0
vn 0.000995 -0.099995 0
vn 0.00402 -0.099919 0
vn 0.005374 -0.099856 0
vn 0.007629 -0.099709 0
vn 0.00997 -0.099502 0
vn 0.012033 -0.099273 0
vn 0.014805 -0.098898 0
vn 0.019968 -0.097986 0
vn 0.019806 -0.098019 0
vn 0.024985 -0.096828 0
vn 0.027775 -0.096065 0
vn 0.030201 -0.095331 0
vn 0.032812 -0.094464 0
vn 0.035402 -0.093524 0
vn 0 0 -0.1
vn -0.005075 -0.006595 -0.099653
vn 0 0 -0.1
vn 0 0 -0.1
vn -0.00689 -0.008284 -0.099418
vn 0 0 -0.1
vn -0.009571 -0.013238 -0.098657
vn -0.013776 -0.016397 -0.09768
vn -0.01616 -0.023078 -0.095949
vn -0.018122 -0.021571 -0.095949
vn -0.020636 -0.023972 -0.094866
vn -0.016382 -0.026406 -0.095049
vn -0.023827 -0.034029 -0.090963
vn -0.026719 -0.031809 -0.090963
vn -0.034771 -0.0414 -0.084125
vn -0.034444 -0.03642 -0.086529
vn -0.041095 -0.040633 -0.081609
vn -0.042113 -0.050149 -0.075575
vn -0.046306 -0.046306 -0.075575
vn -0.048598 -0.057878 -0.065486
vn -0.05344 -0.05344 -0.065486
vn -0.054092 -0.06443 -0.054064
vn -0.059486 -0.059486 -0.054064
vn -0.058484 -0.06967 -0.041542
vn -0.064321 -0.064321 -0.041542
vn -0.061685 -0.073493 -0.028173
vn -0.067846 -0.067846 -0.028173
vn -0.063629 -0.075821 -0.014231
vn -0.069991 -0.069991 -0.014231
vn -0.073305 -0.068017 0
vn -0.075823 -0.063626 -0.014231
vn -0.082624 -0.056332 0
vn -0.081081 -0.056774 -0.014231
vn -0.085721 -0.049491 -0.014231
vn -0.083095 -0.047975 -0.028173
vn -0.08696 -0.04055 -0.028173
vn -0.082441 -0.038443 -0.041542
vn -0.085974 -0.034075 -0.038045
vn -0.070572 -0.043305 -0.056074
vn -0.020771 -0.035976 -0.090963
vn -0.019793 -0.039057 -0.089904
vn -0.027032 -0.046821 -0.084125
vn -0.022848 -0.048999 -0.084125
vn -0.027676 -0.059351 -0.075575
vn -0.022398 -0.061537 -0.075575
vn -0.025848 -0.071017 -0.065486
vn -0.01956 -0.073 -0.065486
vn -0.021773 -0.081259 -0.054064
vn -0.014608 -0.082847 -0.054064
vn -0.015796 -0.089581 -0.041542
vn -0.007928 -0.090617 -0.041542
vn -0.008363 -0.095584 -0.028173
vn 0 -0.095949 -0.028173
vn 0 -0.098982 -0.014231
vn 0.008627 -0.098605 -0.014231
vn 0.007473 -0.09972 0
vn 0.017188 -0.097478 -0.014231
vn 0.022252 -0.097493 0
vn 0.025618 -0.095609 -0.014231
vn 0.033854 -0.093013 -0.014231
vn 0.024834 -0.09268 -0.028173
vn 0.032817 -0.090163 -0.028173
vn 0.023543 -0.087864 -0.041542
vn 0.031111 -0.085477 -0.041542
vn 0.021773 -0.081259 -0.054064
vn 0.028773 -0.079052 -0.054064
vn 0.01956 -0.073 -0.065486
vn 0.025848 -0.071017 -0.065486
vn 0.016949 -0.063255 -0.075575
vn 0.022398 -0.061537 -0.075575
vn 0.017427 -0.056268 -0.08081
vn 0.019705 -0.048956 -0.084941
vn -0.01947 -0.050239 -0.084243
vn -0.015695 -0.059192 -0.079057
vn -0.016949 -0.063255 -0.075575
vn -0.013123 -0.074427 -0.065486
vn -0.007332 -0.083805 -0.054064
vn 0 -0.090963 -0.041542
vn 0.008363 -0.095584 -0.028173
vn -0.012764 -0.062563 -0.07696
vn -0.011372 -0.064491 -0.075575
vn -0.006587 -0.075287 -0.065486
vn 0 -0.084125 -0.054064
vn 0.007928 -0.090617 -0.041542
vn 0.016661 -0.094492 -0.028173
vn -0.009389 -0.06507 -0.075351
vn -0.001811 -0.067536 -0.073726
vn 0 -0.075575 -0.065486
vn 0.007332 -0.083805 -0.054064
vn 0.015796 -0.089581 -0.041542
vn 0.002174 -0.067492 -0.073757
vn 0.006587 -0.075287 -0.065486
vn 0.014608 -0.082847 -0.054064
vn 0.006111 -0.066579 -0.074363
vn 0.013123 -0.074427 -0.065486
vn 0.011372 -0.064491 -0.075575
vn 0.012849 -0.062496 -0.077001
vn 0.019983 -0.040889 -0.089044
vn 0.022848 -0.048999 -0.084125
vn 0.027676 -0.059351 -0.075575
vn 0.031939 -0.068494 -0.065486
vn 0.035553 -0.076243 -0.054064
vn 0.038443 -0.082441 -0.041542
vn 0.04055 -0.08696 -0.028173
vn 0.041832 -0.089708 -0.014231
vn 0.036534 -0.093087 0
vn 0.018274 -0.031872 -0.093007
vn 0.020771 -0.035976 -0.090963
vn 0.027032 -0.046821 -0.084125
vn 0.032743 -0.056713 -0.075575
vn 0.037787 -0.06545 -0.065486
vn 0.042063 -0.072855 -0.054064
vn 0.045482 -0.078776 -0.041542
vn 0.047975 -0.083095 -0.028173
vn 0.049491 -0.085721 -0.014231
vn 0.05 -0.086603 0
vn 0.023827 -0.034029 -0.090963
vn 0.014522 -0.022174 -0.096423
vn 0.01616 -0.023078 -0.095949
vn 0.008739 -0.011931 -0.0989
vn 0.01411 -0.01678 -0.097567
vn 0.007053 -0.00848 -0.09939
vn 0.004789 -0.006202 -0.099693
vn 0 0 -0.1
vn 0 0 -0.1
vn 0 0 -0.1
vn 0 0 -0.1
vn 0.018109 -0.021582 -0.095949
vn 0.021111 -0.02447 -0.094634
vn 0.026702 -0.031823 -0.090963
vn 0.034752 -0.041415 -0.084125
vn 0.03101 -0.044287 -0.084125
vn 0.042094 -0.050165 -0.075575
vn 0.037561 -0.053643 -0.075575
vn 0.048579 -0.057894 -0.065486
vn 0.043348 -0.061907 -0.065486
vn 0.054075 -0.064444 -0.054064
vn 0.048252 -0.068911 -0.054064
vn 0.05847 -0.069682 -0.041542
vn 0.052174 -0.074513 -0.041542
vn 0.061675 -0.073501 -0.028173
vn 0.055034 -0.078597 -0.028173
vn 0.063624 -0.075825 -0.014231
vn 0.056774 -0.081081 -0.014231
vn 0.062349 -0.078183 0
vn 0.028158 -0.031311 -0.090702
vn 0.035067 -0.036868 -0.086088
vn 0.041642 -0.040919 -0.081189
vn 0.046306 -0.046306 -0.075575
vn 0.05344 -0.05344 -0.065486
vn 0.053342 -0.04477 -0.071765
vn 0.057889 -0.048585 -0.065486
vn 0.061997 -0.044998 -0.064276
vn 0.064439 -0.05408 -0.054064
vn 0.068911 -0.048252 -0.054064
vn 0.069678 -0.058475 -0.041542
vn 0.074513 -0.052174 -0.041542
vn 0.073499 -0.061678 -0.028173
vn 0.078597 -0.055034 -0.028173
vn 0.075823 -0.063626 -0.014231
vn 0.081081 -0.056774 -0.014231
vn 0.073305 -0.068017 0
vn 0.082624 -0.056332 0
vn 0.085721 -0.049491 -0.014231
vn 0.090097 -0.043388 0
vn 0.089708 -0.041832 -0.014231
vn 0.093013 -0.033854 -0.014231
vn 0.08696 -0.04055 -0.028173
vn 0.090163 -0.032817 -0.028173
vn 0.085974 -0.034075 -0.038045
vn 0.096453 -0.018439 -0.01889
vn 0.047761 -0.043498 -0.076334
vn 0.070572 -0.043305 -0.056074
vn 0.082441 -0.038443 -0.041542
vn 0.078776 -0.045482 -0.041542
vn 0.083095 -0.047975 -0.028173
vn 0.1 0 0
vn 0.097478 -0.017188 -0.014231
vn 0.095609 -0.025618 -0.014231
vn 0.098883 -0.014904 0
vn 0.095557 -0.029476 0
vn 0.069991 -0.069991 -0.014231
vn -0.007473 -0.09972 0
vn -0.008627 -0.098605 -0.014231
vn -0.016661 -0.094492 -0.028173
vn -0.023543 -0.087864 -0.041542
vn -0.028773 -0.079052 -0.054064
vn -0.031939 -0.068494 -0.065486
vn -0.032743 -0.056713 -0.075575
vn -0.03101 -0.044287 -0.084125
vn -0.022252 -0.097493 0
vn -0.017188 -0.097478 -0.014231
vn -0.024834 -0.09268 -0.028173
vn -0.031111 -0.085477 -0.041542
vn -0.035553 -0.076243 -0.054064
vn -0.037787 -0.06545 -0.065486
vn -0.037561 -0.053643 -0.075575
vn -0.025618 -0.095609 -0.014231
vn -0.036534 -0.093087 0
vn -0.033854 -0.093013 -0.014231
vn -0.041832 -0.089708 -0.014231
vn -0.04055 -0.08696 -0.028173
vn -0.047975 -0.083095 -0.028173
vn -0.045482 -0.078776 -0.041542
vn -0.052174 -0.074513 -0.041542
vn -0.048252 -0.068911 -0.054064
vn -0.05 -0.086603 0
vn -0.049491 -0.085721 -0.014231
vn -0.055034 -0.078597 -0.028173
vn -0.056774 -0.081081 -0.014231
vn -0.062349 -0.078183 0
vn -0.090097 -0.043388 0
vn -0.089708 -0.041832 -0.014231
vn -0.090163 -0.032817 -0.028173
vn -0.096453 -0.018439 -0.01889
vn -0.095609 -0.025618 -0.014231
vn -0.097478 -0.017188 -0.014231
vn -0.098883 -0.014904 0
vn -0.1 0 0
vn -0.095557 -0.029476 0
vn -0.093013 -0.033854 -0.014231
vn -0.061997 -0.044998 -0.064276
vn -0.068911 -0.048252 -0.054064
vn -0.078776 -0.045482 -0.041542
vn -0.053342 -0.04477 -0.071765
vn -0.057889 -0.048585 -0.065486
vn -0.064439 -0.05408 -0.054064
vn -0.069678 -0.058475 -0.041542
vn -0.074513 -0.052174 -0.041542
vn -0.073499 -0.061678 -0.028173
vn -0.078597 -0.055034 -0.028173
vn -0.047443 -0.043395 -0.07659
vn -0.027575 -0.030787 -0.091059
vn -0.043348 -0.061907 -0.065486
vn -0.042063 -0.072855 -0.054064
vn -0.038443 -0.082441 -0.041542
vn -0.032817 -0.090163 -0.028173
vn 0.059486 -0.059486 -0.054064
vn 0.064321 -0.064321 -0.041542
vn 0.067846 -0.067846 -0.028173
vn 0.098883 -0.014904 0
vn 0.099707 -0.007655 0
vn 0.1 0 0
vn 0.099707 0.007655 0
vn 0.098883 0.014904 0
vn 0.09737 0.022785 0
vn 0.095557 0.029476 0
vn 0.09275 0.037382 0
vn 0.090097 0.043388 0
vn 0.085957 0.051102 0
vn 0.082624 0.056332 0
vn 0.077149 0.063624 0
vn 0.073305 0.068017 0
vn 0.066533 0.074655 0
vn 0.062349 0.078183 0
vn 0.054357 0.083937 0
vn 0.05 0.086603 0
vn 0.040907 0.09125 0
vn 0.036534 0.093087 0
vn 0.026498 0.096425 0
vn 0.022252 0.097493 0
vn 0.011468 0.09934 0
vn 0.007473 0.09972 0
vn -0.00383 0.099927 0
vn -0.007473 0.09972 0
vn -0.019039 0.098171 0
vn -0.022252 0.097493 0
vn -0.033802 0.094114 0
vn -0.036534 0.093087 0
vn -0.047772 0.087851 0
vn -0.05 0.086603 0
vn -0.060623 0.079529 0
vn -0.062349 0.078183 0
vn -0.072052 0.069343 0
vn -0.073305 0.068017 0
vn -0.081793 0.057532 0
vn -0.082624 0.056332 0
vn -0.089617 0.044372 0
vn -0.090097 0.043388 0
vn -0.09534 0.030172 0
vn -0.095557 0.029476 0
vn -0.098828 0.015265 0
vn -0.098883 0.014904 0
vn -0.1 0 0
vn -0.1 0 0
vn -0.098883 -0.014904 0
vn -0.098828 -0.015265 0
vn -0.095557 -0.029476 0
vn -0.09534 -0.030172 0
vn -0.090097 -0.043388 0
vn -0.089617 -0.044372 0
vn -0.082624 -0.056332 0
vn -0.081793 -0.057532 0
vn -0.073305 -0.068017 0
vn -0.072052 -0.069343 0
vn -0.062349 -0.078183 0
vn -0.060623 -0.079529 0
vn -0.05 -0.086603 0
vn -0.047772 -0.087851 0
vn -0.036534 -0.093087 0
vn -0.033802 -0.094114 0
vn -0.022252 -0.097493 0
vn -0.019039 -0.098171 0
vn -0.007473 -0.09972 0
vn -0.00383 -0.099927 0
vn 0.007473 -0.09972 0
vn 0.011468 -0.09934 0
vn 0.022252 -0.097493 0
vn 0.026498 -0.096425 0
vn 0.036534 -0.093087 0
vn 0.040907 -0.09125 0
vn 0.05 -0.086603 0
vn 0.054357 -0.083937 0
vn 0.062349 -0.078183 0
vn 0.066533 -0.074655 0
vn 0.073305 -0.068017 0
vn 0.077149 -0.063624 0
vn 0.082624 -0.056332 0
vn 0.085957 -0.051102 0
vn 0.090097 -0.043388 0
vn 0.09275 -0.037382 0
vn 0.095557 -0.029476 0
vn 0.09737 -0.022785 0
vn -0.1 0 0
vn -0.098883 0.014904 0
vn -0.1 0 0
vn -0.098828 0.015265 0
vn -0.1 0 0
vn -0.098828 0.015265 0
vn -0.1 0 0
vn -0.098828 0.015265 0
vn -0.098828 -0.015265 0
vn -0.098828 -0.015265 0
vn -0.09534 -0.030172 0
vn -0.09534 -0.030172 0
vn -0.089617 -0.044372 0
vn -0.09534 -0.030172 0
vn -0.089617 -0.044372 0
vn -0.081793 -0.057532 0
vn -0.089617 -0.044372 0
vn -0.081793 -0.057532 0
vn -0.072052 -0.069343 0
vn -0.081793 -0.057532 0
vn -0.072052 -0.069343 0
vn -0.060623 -0.079529 0
vn -0.072052 -0.069343 0
vn -0.060623 -0.079529 0
vn -0.047772 -0.087851 0
vn -0.060623 -0.079529 0
vn -0.047772 -0.087851 0
vn -0.033802 -0.094114 0
vn -0.047772 -0.087851 0
vn -0.033802 -0.094114 0
vn -0.019039 -0.098171 0
vn -0.033802 -0.094114 0
vn -0.019039 -0.098171 0
vn -0.00383 -0.099927 0
vn -0.019039 -0.098171 0
vn -0.00383 -0.099927 0
vn 0.011468 -0.09934 0
vn -0.00383 -0.099927 0
vn 0.011468 -0.09934 0
vn 0.026498 -0.096425 0
vn 0.011468 -0.09934 0
vn 0.026498 -0.096425 0
vn 0.040907 -0.09125 0
vn 0.026498 -0.096425 0
vn 0.040907 -0.09125 0
vn 0.054357 -0.083937 0
vn 0.040907 -0.09125 0
vn 0.054357 -0.083937 0
vn 0.054357 -0.083937 0
vn 0.066533 -0.074655 0
vn 0.066533 -0.074655 0
vn 0.077149 -0.063624 0
vn 0.077149 -0.063624 0
vn 0.085957 -0.051102 0
vn 0.085957 -0.051102 0
vn 0.09275 -0.037382 0
vn 0.09275 -0.037382 0
vn 0.09737 -0.022785 0
vn 0.09737 -0.022785 0
vn 0.099707 -0.007655 0
vn 0.099707 -0.007655 0
vn 0.099707 0.007655 0
vn 0.099707 0.007655 0
vn 0.1 0 0
vn 0.098883 0.014904 0
vn 0.09737 0.022785 0
vn 0.095557 0.029476 0
vn 0.09275 0.037382 0
vn 0.090097 0.043388 0
vn 0.085957 0.051102 0
vn 0.082624 0.056332 0
vn 0.077149 0.063624 0
vn 0.073305 0.068017 0
vn 0.066533 0.074655 0
vn 0.062349 0.078183 0
vn 0.054357 0.083937 0
vn 0.05 0.086603 0
vn 0.040907 0.09125 0
vn 0.036534 0.093087 0
vn 0.026498 0.096425 0
vn 0.022252 0.097493 0
vn 0.011468 0.09934 0
vn 0.007473 0.09972 0
vn -0.00383 0.099927 0
vn -0.007473 0.09972 0
vn -0.019039 0.098171 0
vn -0.022252 0.097493 0
vn -0.033802 0.094114 0
vn -0.036534 0.093087 0
vn -0.047772 0.087851 0
vn -0.05 0.086603 0
vn -0.060623 0.079529 0
vn -0.062349 0.078183 0
vn -0.072052 0.069343 0
vn -0.073305 0.068017 0
vn -0.081793 0.057532 0
vn -0.082624 0.056332 0
vn -0.089617 0.044372 0
vn -0.090097 0.043388 0
vn -0.09534 0.030172 0
vn -0.095557 0.029476 0
vn -0.098828 -0.015265 0
vn 0.099707 -0.007655 0
vn 0.099707 0.007655 0
vn 0.09737 0.022785 0
vn 0.09275 0.037382 0
vn 0.085957 0.051102 0
vn 0.077149 0.063624 0
vn 0.066533 0.074655 0
vn 0.054357 0.083937 0
vn 0.040907 0.09125 0
vn 0.026498 0.096425 0
vn 0.011468 0.09934 0
vn -0.00383 0.099927 0
vn -0.019039 0.098171 0
vn -0.033802 0.094114 0
vn -0.047772 0.087851 0
vn -0.060623 0.079529 0
vn -0.072052 0.069343 0
vn -0.081793 0.057532 0
vn -0.089617 0.044372 0
vn -0.09534 0.030172 0
vn 0.09737 0.022785 0
vn 0.09275 0.037382 0
vn 0.085957 0.051102 0
vn 0.077149 0.063624 0
vn 0.066533 0.074655 0
vn 0.054357 0.083937 0
vn 0.040907 0.09125 0
vn 0.026498 0.096425 0
vn 0.011468 0.09934 0
vn -0.00383 0.099927 0
vn -0.019039 0.098171 0
vn -0.033802 0.094114 0
vn -0.047772 0.087851 0
vn -0.060623 0.079529 0
vn -0.072052 0.069343 0
vn -0.081793 0.057532 0
vn -0.089617 0.044372 0
vn -0.09534 0.030172 0
vn 0.09737 -0.022785 0
vn 0.09275 -0.037382 0
vn 0.085957 -0.051102 0
vn 0.077149 -0.063624 0
vn 0.066533 -0.074655 0
vn -0.099036 0.013853 0
vn -0.1 0 0
vn -0.096891 0.010817 0.022252
vn -0.097493 0 0.022252
vn -0.090097 0 0.043388
vn -0.089541 0.009996 0.043388
vn -0.078183 0 0.062349
vn -0.0777 0.008675 0.062349
vn -0.062349 0 0.078183
vn -0.061964 0.006918 0.078183
vn -0.043388 0 0.090097
vn -0.04312 0.004814 0.090097
vn -0.022252 0 0.097493
vn -0.022115 0.002469 0.097493
vn 0 0 0.1
vn 0 0 0.1
vn -0.021704 0.004907 0.097493
vn 0 0 0.1
vn -0.021026 0.007285 0.097493
vn 0 0 0.1
vn -0.020088 0.009573 0.097493
vn 0 0 0.1
vn -0.018901 0.011743 0.097493
vn 0 0 0.1
vn -0.017482 0.013767 0.097493
vn 0 0 0.1
vn -0.015846 0.015622 0.097493
vn 0 0 0.1
vn -0.014015 0.017284 0.097493
vn 0 0 0.1
vn -0.012011 0.018732 0.097493
vn 0 0 0.1
vn -0.009858 0.019949 0.097493
vn -0.019222 0.038898 0.090097
vn -0.02342 0.036525 0.090097
vn -0.027328 0.033701 0.090097
vn -0.030898 0.030461 0.090097
vn -0.034087 0.026844 0.090097
vn -0.036855 0.022897 0.090097
vn -0.039168 0.018666 0.090097
vn -0.040997 0.014205 0.090097
vn -0.04232 0.009569 0.090097
vn -0.027623 0.055896 0.078183
vn -0.033654 0.052486 0.078183
vn -0.03927 0.048428 0.078183
vn -0.0444 0.043772 0.078183
vn -0.048983 0.038575 0.078183
vn -0.052961 0.032903 0.078183
vn -0.056284 0.026823 0.078183
vn -0.058913 0.020413 0.078183
vn -0.060814 0.01375 0.078183
vn -0.034638 0.070092 0.062349
vn -0.042201 0.065816 0.062349
vn -0.049243 0.060727 0.062349
vn -0.055676 0.054888 0.062349
vn -0.061423 0.048372 0.062349
vn -0.06641 0.041258 0.062349
vn -0.070578 0.033635 0.062349
vn -0.073874 0.025597 0.062349
vn -0.076258 0.017242 0.062349
vn -0.039916 0.080772 0.043388
vn -0.048631 0.075845 0.043388
vn -0.056746 0.069981 0.043388
vn -0.064161 0.063253 0.043388
vn -0.070782 0.055743 0.043388
vn -0.07653 0.047545 0.043388
vn -0.081333 0.038761 0.043388
vn -0.085131 0.029497 0.043388
vn -0.087879 0.01987 0.043388
vn -0.043193 0.087403 0.022252
vn -0.052623 0.082071 0.022252
vn -0.061405 0.075725 0.022252
vn -0.069427 0.068445 0.022252
vn -0.076593 0.060319 0.022252
vn -0.082812 0.051448 0.022252
vn -0.088009 0.041942 0.022252
vn -0.09212 0.031919 0.022252
vn -0.095092 0.021501 0.022252
vn -0.044303 0.089651 0
vn -0.056295 0.082649 0
vn -0.067202 0.074053 0
vn -0.076813 0.06403 0
vn -0.084942 0.052772 0
vn -0.091434 0.040496 0
vn -0.096162 0.027439 0
vn 0 0 0.1
vn 0 0 0.1
vn 0.011446 0.019083 0.097493
vn 0.009858 0.019949 0.097493
vn 0.019222 0.038898 0.090097
vn 0.022318 0.037209 0.090097
vn 0.027623 0.055896 0.078183
vn 0.03207 0.053469 0.078183
vn 0.034638 0.070092 0.062349
vn 0.040215 0.067047 0.062349
vn 0.039916 0.080772 0.043388
vn 0.046343 0.077264 0.043388
vn 0.043193 0.087403 0.022252
vn 0.050147 0.083607 0.022252
vn 0.044303 0.089651 0
vn 0.051437 0.085757 0
vn 0.056771 0.079259 0.022252
vn 0.058231 0.081297 0
vn 0.063019 0.074387 0.022252
vn 0.06464 0.0763 0
vn 0.068851 0.069024 0.022252
vn 0.070622 0.070799 0
vn 0.074229 0.063205 0.022252
vn 0.076138 0.064831 0
vn 0.079116 0.056969 0.022252
vn 0.081151 0.058434 0
vn 0.083481 0.050357 0.022252
vn 0.085628 0.051652 0
vn 0.087294 0.043412 0.022252
vn 0.089539 0.044528 0
vn 0.090531 0.03618 0.022252
vn 0.092859 0.03711 0
vn 0.09317 0.028709 0.022252
vn 0.095566 0.029447 0
vn 0.095193 0.021049 0.022252
vn 0.097642 0.02159 0
vn 0.096588 0.013249 0.022252
vn 0.099072 0.01359 0
vn 0.097345 0.005362 0.022252
vn 0.099849 0.0055 0
vn 0.097459 -0.00256 0.022252
vn 0.099966 -0.002626 0
vn 0.096929 -0.010465 0.022252
vn 0.099422 -0.010735 0
vn 0.09576 -0.018302 0.022252
vn 0.098222 -0.018772 0
vn 0.093957 -0.026017 0.022252
vn 0.096373 -0.026686 0
vn 0.091534 -0.033561 0.022252
vn 0.093888 -0.034424 0
vn 0.088507 -0.040883 0.022252
vn 0.090783 -0.041934 0
vn 0.084895 -0.047935 0.022252
vn 0.087078 -0.049167 0
vn 0.080722 -0.05467 0.022252
vn 0.082798 -0.056076 0
vn 0.076016 -0.061044 0.022252
vn 0.077971 -0.062614 0
vn 0.070808 -0.067015 0.022252
vn 0.072629 -0.068739 0
vn 0.065133 -0.072544 0.022252
vn 0.066808 -0.074409 0
vn 0.059027 -0.077593 0.022252
vn 0.060545 -0.079588 0
vn 0.052531 -0.08213 0.022252
vn 0.053882 -0.084242 0
vn 0.045689 -0.086124 0.022252
vn 0.046864 -0.088339 0
vn 0.038544 -0.08955 0.022252
vn 0.039536 -0.091853 0
vn 0.031146 -0.092384 0.022252
vn 0.031947 -0.09476 0
vn 0.023541 -0.094608 0.022252
vn 0.024146 -0.097041 0
vn 0.015781 -0.096207 0.022252
vn 0.016187 -0.098681 0
vn 0.007917 -0.097171 0.022252
vn 0.00812 -0.09967 0
vn 0 -0.097493 0.022252
vn 0 -0.1 0
vn -0.007917 -0.097171 0.022252
vn -0.00812 -0.09967 0
vn -0.015781 -0.096207 0.022252
vn -0.016187 -0.098681 0
vn -0.023541 -0.094608 0.022252
vn -0.024146 -0.097041 0
vn -0.031146 -0.092384 0.022252
vn -0.031947 -0.09476 0
vn -0.038544 -0.08955 0.022252
vn -0.039536 -0.091853 0
vn -0.045689 -0.086124 0.022252
vn -0.046864 -0.088339 0
vn -0.052531 -0.08213 0.022252
vn -0.053882 -0.084242 0
vn -0.059027 -0.077593 0.022252
vn -0.060545 -0.079588 0
vn -0.065133 -0.072544 0.022252
vn -0.066808 -0.074409 0
vn -0.070808 -0.067015 0.022252
vn -0.072629 -0.068739 0
vn -0.076016 -0.061044 0.022252
vn -0.077971 -0.062614 0
vn -0.080722 -0.05467 0.022252
vn -0.082798 -0.056076 0
vn -0.084895 -0.047935 0.022252
vn -0.087078 -0.049167 0
vn -0.088507 -0.040883 0.022252
vn -0.090783 -0.041934 0
vn -0.091534 -0.033561 0.022252
vn -0.093888 -0.034424 0
vn -0.093957 -0.026017 0.022252
vn -0.096373 -0.026686 0
vn -0.09576 -0.018302 0.022252
vn -0.098222 -0.018772 0
vn -0.096929 -0.010465 0.022252
vn -0.099422 -0.010735 0
vn -0.097459 -0.00256 0.022252
vn -0.099966 -0.002626 0
vn -0.097345 0.005362 0.022252
vn -0.099849 0.0055 0
vn -0.096588 0.013249 0.022252
vn -0.099072 0.01359 0
vn -0.095193 0.021049 0.022252
vn -0.097642 0.02159 0
vn -0.09317 0.028709 0.022252
vn -0.095566 0.029447 0
vn -0.090531 0.03618 0.022252
vn -0.092859 0.03711 0
vn -0.087294 0.043412 0.022252
vn -0.089539 0.044528 0
vn -0.083481 0.050357 0.022252
vn -0.085628 0.051652 0
vn -0.079116 0.056969 0.022252
vn -0.081151 0.058434 0
vn -0.074229 0.063205 0.022252
vn -0.076138 0.064831 0
vn -0.068851 0.069024 0.022252
vn -0.070622 0.070799 0
vn -0.063019 0.074387 0.022252
vn -0.06464 0.0763 0
vn -0.056771 0.079259 0.022252
vn -0.058231 0.081297 0
vn -0.050147 0.083607 0.022252
vn -0.051437 0.085757 0
vn -0.046343 0.077264 0.043388
vn -0.052464 0.073246 0.043388
vn -0.058238 0.068744 0.043388
vn -0.063628 0.063788 0.043388
vn -0.068598 0.058411 0.043388
vn -0.073114 0.052647 0.043388
vn -0.077148 0.046537 0.043388
vn -0.080672 0.040118 0.043388
vn -0.083663 0.033435 0.043388
vn -0.086102 0.026531 0.043388
vn -0.087972 0.019452 0.043388
vn -0.089261 0.012244 0.043388
vn -0.089961 0.004956 0.043388
vn -0.090066 -0.002366 0.043388
vn -0.089576 -0.009671 0.043388
vn -0.088495 -0.016913 0.043388
vn -0.08683 -0.024043 0.043388
vn -0.08459 -0.031015 0.043388
vn -0.081793 -0.037781 0.043388
vn -0.078455 -0.044298 0.043388
vn -0.074598 -0.050523 0.043388
vn -0.07025 -0.056413 0.043388
vn -0.065437 -0.061931 0.043388
vn -0.060192 -0.06704 0.043388
vn -0.054549 -0.071707 0.043388
vn -0.048546 -0.075899 0.043388
vn -0.042223 -0.079591 0.043388
vn -0.03562 -0.082756 0.043388
vn -0.028783 -0.085376 0.043388
vn -0.021755 -0.087431 0.043388
vn -0.014584 -0.088909 0.043388
vn -0.007316 -0.089799 0.043388
vn 0 -0.090097 0.043388
vn 0.007316 -0.089799 0.043388
vn 0.014584 -0.088909 0.043388
vn 0.021755 -0.087431 0.043388
vn 0.028783 -0.085376 0.043388
vn 0.03562 -0.082756 0.043388
vn 0.042223 -0.079591 0.043388
vn 0.048546 -0.075899 0.043388
vn 0.054549 -0.071707 0.043388
vn 0.060192 -0.06704 0.043388
vn 0.065437 -0.061931 0.043388
vn 0.07025 -0.056413 0.043388
vn 0.074598 -0.050523 0.043388
vn 0.078455 -0.044298 0.043388
vn 0.081793 -0.037781 0.043388
vn 0.08459 -0.031015 0.043388
vn 0.08683 -0.024043 0.043388
vn 0.088495 -0.016913 0.043388
vn 0.089576 -0.009671 0.043388
vn 0.090066 -0.002366 0.043388
vn 0.089961 0.004956 0.043388
vn 0.089261 0.012244 0.043388
vn 0.087972 0.019452 0.043388
vn 0.086102 0.026531 0.043388
vn 0.083663 0.033435 0.043388
vn 0.080672 0.040118 0.043388
vn 0.077148 0.046537 0.043388
vn 0.073114 0.052647 0.043388
vn 0.068598 0.058411 0.043388
vn 0.063628 0.063788 0.043388
vn 0.058238 0.068744 0.043388
vn 0.052464 0.073246 0.043388
vn -0.040215 0.067047 0.062349
vn -0.045526 0.063561 0.062349
vn -0.050537 0.059654 0.062349
vn -0.055214 0.055353 0.062349
vn -0.059527 0.050687 0.062349
vn -0.063446 0.045686 0.062349
vn -0.066946 0.040383 0.062349
vn -0.070005 0.034813 0.062349
vn -0.0726 0.029014 0.062349
vn -0.074716 0.023023 0.062349
vn -0.076339 0.01688 0.062349
vn -0.077458 0.010625 0.062349
vn -0.078065 0.0043 0.062349
vn -0.078156 -0.002053 0.062349
vn -0.077731 -0.008393 0.062349
vn -0.076793 -0.014677 0.062349
vn -0.075348 -0.020864 0.062349
vn -0.073405 -0.026914 0.062349
vn -0.070977 -0.032785 0.062349
vn -0.06808 -0.03844 0.062349
vn -0.064734 -0.043842 0.062349
vn -0.06096 -0.048954 0.062349
vn -0.056784 -0.053742 0.062349
vn -0.052232 -0.058175 0.062349
vn -0.047336 -0.062225 0.062349
vn -0.042127 -0.065863 0.062349
vn -0.03664 -0.069066 0.062349
vn -0.03091 -0.071813 0.062349
vn -0.024977 -0.074086 0.062349
vn -0.018878 -0.07587 0.062349
vn -0.012655 -0.077152 0.062349
vn -0.006349 -0.077925 0.062349
vn 0 -0.078183 0.062349
vn 0.006349 -0.077925 0.062349
vn 0.012655 -0.077152 0.062349
vn 0.018878 -0.07587 0.062349
vn 0.024977 -0.074086 0.062349
vn 0.03091 -0.071813 0.062349
vn 0.03664 -0.069066 0.062349
vn 0.042127 -0.065863 0.062349
vn 0.047336 -0.062225 0.062349
vn 0.052232 -0.058175 0.062349
vn 0.056784 -0.053742 0.062349
vn 0.06096 -0.048954 0.062349
vn 0.064734 -0.043842 0.062349
vn 0.06808 -0.03844 0.062349
vn 0.070977 -0.032785 0.062349
vn 0.073405 -0.026914 0.062349
vn 0.075348 -0.020864 0.062349
vn 0.076793 -0.014677 0.062349
vn 0.077731 -0.008393 0.062349
vn 0.078156 -0.002053 0.062349
vn 0.078065 0.0043 0.062349
vn 0.077458 0.010625 0.062349
vn 0.076339 0.01688 0.062349
vn 0.074716 0.023023 0.062349
vn 0.0726 0.029014 0.062349
vn 0.070005 0.034813 0.062349
vn 0.066946 0.040383 0.062349
vn 0.063446 0.045686 0.062349
vn 0.059527 0.050687 0.062349
vn 0.055214 0.055353 0.062349
vn 0.050537 0.059654 0.062349
vn 0.045526 0.063561 0.062349
vn -0.03207 0.053469 0.078183
vn -0.036306 0.050688 0.078183
vn -0.040302 0.047572 0.078183
vn -0.044032 0.044143 0.078183
vn -0.047471 0.040421 0.078183
vn -0.050597 0.036433 0.078183
vn -0.053388 0.032204 0.078183
vn -0.055827 0.027763 0.078183
vn -0.057897 0.023138 0.078183
vn -0.059584 0.01836 0.078183
vn -0.060879 0.013461 0.078183
vn -0.061771 0.008473 0.078183
vn -0.062255 0.003429 0.078183
vn -0.062327 -0.001637 0.078183
vn -0.061989 -0.006693 0.078183
vn -0.061241 -0.011704 0.078183
vn -0.060088 -0.016639 0.078183
vn -0.058538 -0.021463 0.078183
vn -0.056602 -0.026145 0.078183
vn -0.054292 -0.030655 0.078183
vn -0.051624 -0.034963 0.078183
vn -0.048614 -0.039039 0.078183
vn -0.045284 -0.042858 0.078183
vn -0.041654 -0.046393 0.078183
vn -0.037749 -0.049623 0.078183
vn -0.033595 -0.052524 0.078183
vn -0.029219 -0.055078 0.078183
vn -0.02465 -0.057269 0.078183
vn -0.019918 -0.059082 0.078183
vn -0.015055 -0.060504 0.078183
vn -0.010092 -0.061527 0.078183
vn -0.005063 -0.062143 0.078183
vn 0 -0.062349 0.078183
vn 0.005063 -0.062143 0.078183
vn 0.010092 -0.061527 0.078183
vn 0.015055 -0.060504 0.078183
vn 0.019918 -0.059082 0.078183
vn 0.02465 -0.057269 0.078183
vn 0.029219 -0.055078 0.078183
vn 0.033595 -0.052524 0.078183
vn 0.037749 -0.049623 0.078183
vn 0.041654 -0.046393 0.078183
vn 0.045284 -0.042858 0.078183
vn 0.048614 -0.039039 0.078183
vn 0.051624 -0.034963 0.078183
vn 0.054292 -0.030655 0.078183
vn 0.056602 -0.026145 0.078183
vn 0.058538 -0.021463 0.078183
vn 0.060088 -0.016639 0.078183
vn 0.061241 -0.011704 0.078183
vn 0.061989 -0.006693 0.078183
vn 0.062327 -0.001637 0.078183
vn 0.062255 0.003429 0.078183
vn 0.061771 0.008473 0.078183
vn 0.060879 0.013461 0.078183
vn 0.059584 0.01836 0.078183
vn 0.057897 0.023138 0.078183
vn 0.055827 0.027763 0.078183
vn 0.053388 0.032204 0.078183
vn 0.050597 0.036433 0.078183
vn 0.047471 0.040421 0.078183
vn 0.044032 0.044143 0.078183
vn 0.040302 0.047572 0.078183
vn 0.036306 0.050688 0.078183
vn -0.022318 0.037209 0.090097
vn -0.025265 0.035273 0.090097
vn -0.028046 0.033105 0.090097
vn -0.030642 0.030719 0.090097
vn -0.033035 0.028129 0.090097
vn -0.03521 0.025354 0.090097
vn -0.037152 0.022411 0.090097
vn -0.03885 0.01932 0.090097
vn -0.04029 0.016101 0.090097
vn -0.041465 0.012777 0.090097
vn -0.042365 0.009368 0.090097
vn -0.042986 0.005896 0.090097
vn -0.043323 0.002386 0.090097
vn -0.043373 -0.001139 0.090097
vn -0.043138 -0.004658 0.090097
vn -0.042617 -0.008145 0.090097
vn -0.041815 -0.011579 0.090097
vn -0.040737 -0.014936 0.090097
vn -0.039389 -0.018194 0.090097
vn -0.037782 -0.021333 0.090097
vn -0.035925 -0.02433 0.090097
vn -0.03383 -0.027167 0.090097
vn -0.031513 -0.029825 0.090097
vn -0.028987 -0.032285 0.090097
vn -0.026269 -0.034532 0.090097
vn -0.023379 -0.036551 0.090097
vn -0.020333 -0.038329 0.090097
vn -0.017154 -0.039853 0.090097
vn -0.013861 -0.041115 0.090097
vn -0.010477 -0.042105 0.090097
vn -0.007023 -0.042816 0.090097
vn -0.003523 -0.043245 0.090097
vn 0 -0.043388 0.090097
vn 0.003523 -0.043245 0.090097
vn 0.007023 -0.042816 0.090097
vn 0.010477 -0.042105 0.090097
vn 0.013861 -0.041115 0.090097
vn 0.017154 -0.039853 0.090097
vn 0.020333 -0.038329 0.090097
vn 0.023379 -0.036551 0.090097
vn 0.026269 -0.034532 0.090097
vn 0.028987 -0.032285 0.090097
vn 0.031513 -0.029825 0.090097
vn 0.03383 -0.027167 0.090097
vn 0.035925 -0.02433 0.090097
vn 0.037782 -0.021333 0.090097
vn 0.039389 -0.018194 0.090097
vn 0.040737 -0.014936 0.090097
vn 0.041815 -0.011579 0.090097
vn 0.042617 -0.008145 0.090097
vn 0.043138 -0.004658 0.090097
vn 0.043373 -0.001139 0.090097
vn 0.043323 0.002386 0.090097
vn 0.042986 0.005896 0.090097
vn 0.042365 0.009368 0.090097
vn 0.041465 0.012777 0.090097
vn 0.04029 0.016101 0.090097
vn 0.03885 0.01932 0.090097
vn 0.037152 0.022411 0.090097
vn 0.03521 0.025354 0.090097
vn 0.033035 0.028129 0.090097
vn 0.030642 0.030719 0.090097
vn 0.028046 0.033105 0.090097
vn 0.025265 0.035273 0.090097
vn -0.011446 0.019083 0.097493
vn -0.012958 0.01809 0.097493
vn -0.014384 0.016978 0.097493
vn -0.015715 0.015754 0.097493
vn -0.016942 0.014426 0.097493
vn -0.018058 0.013003 0.097493
vn -0.019054 0.011494 0.097493
vn -0.019924 0.009908 0.097493
vn -0.020663 0.008258 0.097493
vn -0.021265 0.006553 0.097493
vn -0.021727 0.004804 0.097493
vn -0.022046 0.003024 0.097493
vn -0.022218 0.001224 0.097493
vn -0.022244 -0.000584 0.097493
vn -0.022124 -0.002389 0.097493
vn -0.021856 -0.004177 0.097493
vn -0.021445 -0.005938 0.097493
vn -0.020892 -0.00766 0.097493
vn -0.020201 -0.009331 0.097493
vn -0.019377 -0.010941 0.097493
vn -0.018424 -0.012478 0.097493
vn -0.01735 -0.013933 0.097493
vn -0.016162 -0.015296 0.097493
vn -0.014866 -0.016558 0.097493
vn -0.013473 -0.01771 0.097493
vn -0.01199 -0.018746 0.097493
vn -0.010428 -0.019657 0.097493
vn -0.008798 -0.020439 0.097493
vn -0.007109 -0.021086 0.097493
vn -0.005373 -0.021594 0.097493
vn -0.003602 -0.021959 0.097493
vn -0.001807 -0.022179 0.097493
vn 0 -0.022252 0.097493
vn 0.001807 -0.022179 0.097493
vn 0.003602 -0.021959 0.097493
vn 0.005373 -0.021594 0.097493
vn 0.007109 -0.021086 0.097493
vn 0.008798 -0.020439 0.097493
vn 0.010428 -0.019657 0.097493
vn 0.01199 -0.018746 0.097493
vn 0.013473 -0.01771 0.097493
vn 0.014866 -0.016558 0.097493
vn 0.016162 -0.015296 0.097493
vn 0.01735 -0.013933 0.097493
vn 0.018424 -0.012478 0.097493
vn 0.019377 -0.010941 0.097493
vn 0.020201 -0.009331 0.097493
vn 0.020892 -0.00766 0.097493
vn 0.021445 -0.005938 0.097493
vn 0.021856 -0.004177 0.097493
vn 0.022124 -0.002389 0.097493
vn 0.022244 -0.000584 0.097493
vn 0.022218 0.001224 0.097493
vn 0.022046 0.003024 0.097493
vn 0.021727 0.004804 0.097493
vn 0.021265 0.006553 0.097493
vn 0.020663 0.008258 0.097493
vn 0.019924 0.009908 0.097493
vn 0.019054 0.011494 0.097493
vn 0.018058 0.013003 0.097493
vn 0.016942 0.014426 0.097493
vn 0.015715 0.015754 0.097493
vn 0.014384 0.016978 0.097493
vn 0.012958 0.01809 0.097493
vn 0 0 0.1
vn 0 0 0.1
vn 0 0 0.1
vn 0 0 0.1
vn 0 0 0.1
vn 0 0 0.1
vn 0 0 0.1
vn 0 0 0.1
vn 0 0 0.1
vn 0 0 0.1
vn 0 0 0.1
vn 0 0 0.1
vn 0 0 0.1
vn 0 0 0.1
vn 0 0 0.1
vn 0 0 0.1
vn 0 0 0.1
vn 0 0 0.1
vn 0 0 0.1
vn 0 0 0.1
vn 0 0 0.1
vn 0 0 0.1
vn 0 0 0.1
vn 0 0 0.1
vn 0 0 0.1
vn 0 0 0.1
vn 0 0 0.1
vn 0 0 0.1
vn 0 0 0.1
vn 0 0 0.1
vn 0 0 0.1
vn 0 0 0.1
vn 0 0 0.1
vn 0 0 0.1
vn 0 0 0.1
vn 0 0 0.1
vn 0 0 0.1
vn 0 0 0.1
vn 0 0 0.1
vn 0 0 0.1
vn 0 0 0.1
vn 0 0 0.1
vn 0 0 0.1
vn 0 0 0.1
vn 0 0 0.1
vn 0 0 0.1
vn 0 0 0.1
vn 0 0 0.1
vn 0 0 0.1
vn 0 0 0.1
vn 0 0 0.1
vn 0 0 0.1
vn 0 0 0.1
vn 0 0 0.1
vn 0 0 0.1
vn 0 0 0.1
vn 0 0 0.1
vn 0 0 0.1
vn 0 0 0.1
vn 0 0 0.1
vn 0 0 0.1
vn 0 0 0.1
vn 0.022115 0.002469 0.097493
vn 0.022252 0 0.097493
vn 0.043388 0 0.090097
vn 0.04312 0.004814 0.090097
vn 0.062349 0 0.078183
vn 0.061964 0.006918 0.078183
vn 0.078183 0 0.062349
vn 0.0777 0.008675 0.062349
vn 0.090097 0 0.043388
vn 0.089541 0.009996 0.043388
vn 0.097493 0 0.022252
vn 0.096891 0.010817 0.022252
vn 0.1 0 0
vn 0.099036 0.013853 0
vn 0.095092 0.021501 0.022252
vn 0.096162 0.027439 0
vn 0.09212 0.031919 0.022252
vn 0.091434 0.040496 0
vn 0.088009 0.041942 0.022252
vn 0.084942 0.052772 0
vn 0.082812 0.051448 0.022252
vn 0.076593 0.060319 0.022252
vn 0.070782 0.055743 0.043388
vn 0.064161 0.063253 0.043388
vn 0.055676 0.054888 0.062349
vn 0.049243 0.060727 0.062349
vn 0.03927 0.048428 0.078183
vn 0.033654 0.052486 0.078183
vn 0.02342 0.036525 0.090097
vn 0.076813 0.06403 0
vn 0.069427 0.068445 0.022252
vn 0.056746 0.069981 0.043388
vn 0.042201 0.065816 0.062349
vn 0.067202 0.074053 0
vn 0.061405 0.075725 0.022252
vn 0.048631 0.075845 0.043388
vn 0.056295 0.082649 0
vn 0.052623 0.082071 0.022252
vn 0.012011 0.018732 0.097493
vn 0 0 0.1
vn 0.014015 0.017284 0.097493
vn 0 0 0.1
vn 0.015846 0.015622 0.097493
vn 0 0 0.1
vn 0.017482 0.013767 0.097493
vn 0 0 0.1
vn 0.018901 0.011743 0.097493
vn 0 0 0.1
vn 0.020088 0.009573 0.097493
vn 0 0 0.1
vn 0.021026 0.007285 0.097493
vn 0 0 0.1
vn 0.021704 0.004907 0.097493
vn 0.087879 0.01987 0.043388
vn 0.085131 0.029497 0.043388
vn 0.081333 0.038761 0.043388
vn 0.07653 0.047545 0.043388
vn 0.076258 0.017242 0.062349
vn 0.073874 0.025597 0.062349
vn 0.070578 0.033635 0.062349
vn 0.06641 0.041258 0.062349
vn 0.061423 0.048372 0.062349
vn 0.060814 0.01375 0.078183
vn 0.058913 0.020413 0.078183
vn 0.056284 0.026823 0.078183
vn 0.052961 0.032903 0.078183
vn 0.048983 0.038575 0.078183
vn 0.0444 0.043772 0.078183
vn 0.04232 0.009569 0.090097
vn 0.040997 0.014205 0.090097
vn 0.039168 0.018666 0.090097
vn 0.036855 0.022897 0.090097
vn 0.034087 0.026844 0.090097
vn 0.030898 0.030461 0.090097
vn 0.027328 0.033701 0.090097
vn 0 0 0.1
vn 0.022252 0 0.097493
vn 0.043388 0 0.090097
vn 0.062349 0 0.078183
vn 0.078183 0 0.062349
vn 0.090097 0 0.043388
vn 0.097493 0 0.022252
vn 0 0 0.1
vn 0 0 0.1
vn -0.022004 0.003317 0.097493
vn -0.022252 0 0.097493
vn -0.043388 0 0.090097
vn -0.042904 0.006467 0.090097
vn -0.062349 0 0.078183
vn -0.061653 0.009293 0.078183
vn -0.078183 0 0.062349
vn -0.07731 0.011653 0.062349
vn -0.090097 0 0.043388
vn -0.089091 0.013428 0.043388
vn -0.097493 0 0.022252
vn -0.096404 0.014531 0.022252
vn -0.093161 0.028737 0.022252
vn -0.087838 0.042301 0.022252
vn -0.080552 0.05492 0.022252
vn -0.071467 0.066312 0.022252
vn -0.060786 0.076223 0.022252
vn -0.048746 0.084431 0.022252
vn -0.035618 0.090753 0.022252
vn -0.021694 0.095048 0.022252
vn -0.007286 0.09722 0.022252
vn 0.007286 0.09722 0.022252
vn 0.021694 0.095048 0.022252
vn 0.035618 0.090753 0.022252
vn 0.048746 0.084431 0.022252
vn 0.060786 0.076223 0.022252
vn 0.071467 0.066312 0.022252
vn 0.080552 0.05492 0.022252
vn 0.087838 0.042301 0.022252
vn 0.093161 0.028737 0.022252
vn 0.096404 0.014531 0.022252
vn 0.089091 0.013428 0.043388
vn 0.086094 0.026557 0.043388
vn 0.081174 0.039092 0.043388
vn 0.074442 0.050753 0.043388
vn 0.066046 0.061281 0.043388
vn 0.056174 0.070441 0.043388
vn 0.045048 0.078026 0.043388
vn 0.032916 0.083869 0.043388
vn 0.020048 0.087838 0.043388
vn 0.006733 0.089845 0.043388
vn -0.006733 0.089845 0.043388
vn -0.020048 0.087838 0.043388
vn -0.032916 0.083869 0.043388
vn -0.045048 0.078026 0.043388
vn -0.056174 0.070441 0.043388
vn -0.066046 0.061281 0.043388
vn -0.074442 0.050753 0.043388
vn -0.081174 0.039092 0.043388
vn -0.086094 0.026557 0.043388
vn 0.07731 0.011653 0.062349
vn 0.07471 0.023045 0.062349
vn 0.070441 0.033922 0.062349
vn 0.064598 0.044042 0.062349
vn 0.057312 0.053178 0.062349
vn 0.048746 0.061126 0.062349
vn 0.039092 0.067709 0.062349
vn 0.028564 0.072779 0.062349
vn 0.017397 0.076223 0.062349
vn 0.005843 0.077965 0.062349
vn -0.005843 0.077965 0.062349
vn -0.017397 0.076223 0.062349
vn -0.028564 0.072779 0.062349
vn -0.039092 0.067709 0.062349
vn -0.048746 0.061126 0.062349
vn -0.057312 0.053178 0.062349
vn -0.064598 0.044042 0.062349
vn -0.070441 0.033922 0.062349
vn -0.07471 0.023045 0.062349
vn 0.061653 0.009293 0.078183
vn 0.059579 0.018378 0.078183
vn 0.056174 0.027052 0.078183
vn 0.051515 0.035122 0.078183
vn 0.045705 0.042408 0.078183
vn 0.038874 0.048746 0.078183
vn 0.031174 0.053996 0.078183
vn 0.022779 0.058039 0.078183
vn 0.013874 0.060786 0.078183
vn 0.004659 0.062175 0.078183
vn -0.004659 0.062175 0.078183
vn -0.013874 0.060786 0.078183
vn -0.022779 0.058039 0.078183
vn -0.031174 0.053996 0.078183
vn -0.038874 0.048746 0.078183
vn -0.045705 0.042408 0.078183
vn -0.051515 0.035122 0.078183
vn -0.056174 0.027052 0.078183
vn -0.059579 0.018378 0.078183
vn 0.042904 0.006467 0.090097
vn 0.041461 0.012789 0.090097
vn 0.039092 0.018826 0.090097
vn 0.035849 0.024442 0.090097
vn 0.031806 0.029512 0.090097
vn 0.027052 0.033922 0.090097
vn 0.021694 0.037575 0.090097
vn 0.015852 0.040389 0.090097
vn 0.009655 0.042301 0.090097
vn 0.003242 0.043267 0.090097
vn -0.003242 0.043267 0.090097
vn -0.009655 0.042301 0.090097
vn -0.015852 0.040389 0.090097
vn -0.021694 0.037575 0.090097
vn -0.027052 0.033922 0.090097
vn -0.031806 0.029512 0.090097
vn -0.035849 0.024442 0.090097
vn -0.039092 0.018826 0.090097
vn -0.041461 0.012789 0.090097
vn 0.022004 0.003317 0.097493
vn 0.021263 0.006559 0.097493
vn 0.020048 0.009655 0.097493
vn 0.018386 0.012535 0.097493
vn 0.016312 0.015135 0.097493
vn 0.013874 0.017397 0.097493
vn 0.011126 0.019271 0.097493
vn 0.00813 0.020714 0.097493
vn 0.004952 0.021694 0.097493
vn 0.001663 0.02219 0.097493
vn -0.001663 0.02219 0.097493
vn -0.004952 0.021694 0.097493
vn -0.00813 0.020714 0.097493
vn -0.011126 0.019271 0.097493
vn -0.013874 0.017397 0.097493
vn -0.016312 0.015135 0.097493
vn -0.018386 0.012535 0.097493
vn -0.020048 0.009655 0.097493
vn -0.021263 0.006559 0.097493
vn 0 0 0.1
vn 0 0 0.1
vn 0 0 0.1
vn 0 0 0.1
vn 0 0 0.1
vn 0 0 0.1
vn 0 0 0.1
vn 0 0 0.1
vn 0 0 0.1
vn 0 0 0.1
vn 0 0 0.1
vn 0 0 0.1
vn 0 0 0.1
vn 0 0 0.1
vn -0.1 0 0
vn -0.1 0 0
vn -0.1 0 0
vn -0.1 0 0
vn -0.1 0 0
vn -0.1 0 0
vn -0.099698 0.007765 0
vn -0.098688 0.016144 0
vn -0.096817 0.025031 0
vn -0.093926 0.03432 0
vn -0.089934 0.043724 0
vn -0.084895 0.052847 0
vn -0.078775 0.061599 0
vn -0.071688 0.06972 0
vn -0.063335 0.077387 0
vn -0.054167 0.084059 0
vn -0.044303 0.089651 0
vn 0 0 0.1
vn 0 0 0.1
vn 0 0 0.1
vn 0 0 0.1
vn 0 0 0.1
vn 0 0 0.1
vn 0 0 0.1
vn 0 0 0.1
vn 0 0 0.1
vn 0 0 0.1
vn 0 0 0.1
vn 0 0 0.1
vn 0 0 0.1
vn 0 0 0.1
vn 0 0 0.1
vn 0 0 0.1
vn 0 0 0.1
vn 0 0 0.1
vn 0 0 0.1
vn 0 0 0.1
vn 0 0 0.1
vn 0 0 0.1
vn 0 0 0.1
vn 0 0 0.1
vn 0 0 0.1
vn 0 0 0.1
vn 0 0 0.1
vn 0 0 0.1
vn 0 0 0.1
vn 0 0 0.1
vn 0 0 0.1
vn 0 0 0.1
vn 0 0 0.1
vn 0 0 0.1
vn 0 0 0.1
vn 0 0 0.1
vn 0 0 0.1
vn 0 0 0.1
vn 0 0 0.1
vn 0 0 0.1
vn 0 0 0.1
vn 0 0 0.1
vn 0 0 0.1
vn 0 0 0.1
vn 0 0 0.1
vn 0 0 0.1
vn 0 0 0.1
vn 0 0 0.1
vn 0 0 0.1
vn 0 0 0.1
vn 0 0 0.1
vn 0 0 0.1
vn 0 0 0.1
vn 0 0 0.1
vn 0 0 0.1
vn 0 0 0.1
vn 0 0 0.1
vn 0 0 0.1
vn 0 0 0.1
vn 0 0 0.1
vn 0 0 0.1
vn 0 0 0.1
vn 0 0 0.1
vn 0 0 0.1
vn 0 0 0.1
vn 0 0 0.1
vn 0 0 0.1
vn 0 0 0.1
vn 0 0 0.1
vn 0 0 0.1
vn 0 0 0.1
vn 0 0 0.1
vn 0 0 0.1
vn 0 0 0.1
vn 0 0 0.1
vn 0 0 0.1
vn 0 0 0.1
vn 0 0 0.1
vn 0 0 0.1
vn 0 0 0.1
vn 0 0 0.1
vn 0 0 0.1
vn 0 0 0.1
vn 0 0 0.1
vn 0 0 0.1
vn 0 0 0.1
vn 0 0 0.1
vn 0 0 0.1
vn 0 0 0.1
vn 0 0 0.1
vn 0 0 0.1
vn 0 0 0.1
vn 0 0 0.1
vn 0 0 0.1
vn 0 0 0.1
vn 0 0 0.1
vn 0 0 0.1
vn 0 0 0.1
vn 0 0 0.1
vn 0 0 0.1
vn 0 0 0.1
vn 0 0 0.1
vn 0 0 0.1
vn 0 0 0.1
vn 0 0 0.1
vn 0 0 0.1
vn 0 0 0.1
vn 0 0 0.1
vn 0 0 0.1
vn 0 0 0.1
vn 0 0 0.1
vn 0 0 0.1
vn 0 0 0.1
vn 0 0 0.1
vn 0 0 0.1
vn 0 0 0.1
vn 0 0 0.1
vn 0 0 0.1
vn 0 0 0.1
vn 0 0 0.1
vn 0.044303 0.089651 0
vn 0.054167 0.084059 0
vn 0.063335 0.077387 0
vn 0.071688 0.06972 0
vn 0.078932 0.061399 0
vn 0.085166 0.05241 0
vn 0.090243 0.043084 0
vn 0.094211 0.03353 0
vn 0.09703 0.02419 0
vn 0.098805 0.015415 0
vn 0.09973 0.007345 0
vn 0.1 0 0
vn 0.1 0 0
vn 0.1 0 0
vn 0.1 0 0
vn 0.1 0 0
vn 0.1 0 0
vn 0 0 -0.1
vn 0 0 -0.1
vn 0 0 -0.1
vn 0 0 -0.1
vn 0 0 -0.1
vn 0 0 -0.1
vn 0 0 -0.1
vn 0 0 -0.1
vn 0 0 -0.1
vn 0 0 -0.1
vn 0 0 -0.1
vn 0 0 -0.1
vn 0 0 -0.1
vn 0 0 -0.1
vn 0 0 -0.1
vn 0 0 -0.1
vn 0 0 -0.1
vn 0 0 -0.1
vn 0 0 -0.1
vn 0 0 -0.1
vn 0 0 -0.1
vn 0 0 -0.1
vn 0 0 -0.1
vn 0 0 -0.1
vn 0 0 -0.1
vn 0 0 -0.1
vn 0 0 -0.1
vn 0 0 -0.1
vn 0 0 -0.1
vn 0 0 -0.1
vn 0 0 -0.1
vn 0 0 -0.1
vn 0 0 -0.1
vn 0 0 -0.1
vn 0 0 -0.1
vn 0 0 -0.1
vn 0 0 -0.1
vn 0 0 -0.1
vn 0 0 -0.1
vn 0 0 -0.1
vn 0 0 -0.1
vn 0 0 -0.1
vn 0.097815 0.020791 0
vn 0.097815 0.020791 0
vn 0.1 0 0
vn 0.1 0 0
vn 0.097815 -0.020791 0
vn 0.097815 -0.020791 0
vn 0.091355 -0.040674 0
vn 0.091355 0.040674 0
vn 0.091355 0.040674 0
vn 0.080902 0.058779 0
vn 0.080902 0.058779 0
vn 0.066913 0.074314 0
vn 0.066913 0.074314 0
vn 0.05 0.086603 0
vn 0.05 0.086603 0
vn 0.030902 0.095106 0
vn 0.030902 0.095106 0
vn 0.010453 0.099452 0
vn 0.010453 0.099452 0
vn -0.010453 0.099452 0
vn -0.010453 0.099452 0
vn -0.030902 0.095106 0
vn -0.030902 0.095106 0
vn -0.05 0.086603 0
vn -0.05 0.086603 0
vn -0.066913 0.074314 0
vn -0.066913 0.074314 0
vn -0.080902 0.058779 0
vn -0.080902 0.058779 0
vn -0.091355 0.040674 0
vn -0.091355 0.040674 0
vn -0.097815 0.020791 0
vn -0.097815 0.020791 0
vn -0.1 0 0
vn -0.1 0 0
vn -0.097815 -0.020791 0
vn -0.097815 -0.020791 0
vn -0.091355 -0.040674 0
vn -0.091355 -0.040674 0
vn -0.080902 -0.058779 0
vn -0.080902 -0.058779 0
vn -0.066913 -0.074314 0
vn -0.066913 -0.074314 0
vn -0.05 -0.086603 0
vn -0.05 -0.086603 0
vn -0.030902 -0.095106 0
vn -0.030902 -0.095106 0
vn -0.010453 -0.099452 0
vn -0.010453 -0.099452 0
vn 0.010453 -0.099452 0
vn 0.010453 -0.099452 0
vn 0.030902 -0.095106 0
vn 0.030902 -0.095106 0
vn 0.05 -0.086603 0
vn 0.05 -0.086603 0
vn 0.066913 -0.074314 0
vn 0.066913 -0.074314 0
vn 0.080902 -0.058779 0
vn 0.080902 -0.058779 0
vn 0.091355 -0.040674 0
vn 0 0 0.1
vn 0 0 0.1
vn 0 0 0.1
vn 0 0 0.1
vn 0 0 0.1
vn 0 0 0.1
vn 0 0 0.1
vn 0 0 0.1
vn 0 0 0.1
vn 0 0 0.1
vn 0 0 0.1
vn 0 0 0.1
vn 0 0 0.1
vn 0 0 0.1
vn 0 0 0.1
vn 0 0 0.1
vn 0 0 0.1
vn 0 0 0.1
vn 0 0 0.1
vn 0 0 0.1
vn 0 0 0.1
vn 0 0 0.1
vn 0 0 0.1
vn 0 0 0.1
vn 0 0 0.1
vn 0 0 0.1
vn 0 0 0.1
vn 0 0 0.1
vn 0 0 0.1
vn 0 0 0.1
vn 0 0 0.1
vn 0 0 0.1
vn 0 0 0.1
vn 0 0 0.1
vn 0 0 0.1
vn 0 0 0.1
vn 0 0 0.1
vn 0 0 0.1
vn 0 0 0.1
vn 0 0 0.1
vn 0 0 0.1
vn 0 0 0.1
vn 0 0 0.1
vn 0 0 0.1
vn 0 0 0.1
vn 0 0 0.1
vn 0 0 0.1
vn 0 0 0.1
vn 0 0 0.1
vn 0 0 0.1
vn 0 0 0.1
vn 0 0 0.1
vn 0 0 0.1
vn 0 0 0.1
vn 0.097815 0.020791 0
vn 0.097815 0.020791 0
vn 0.1 0 0
vn 0.1 0 0
vn 0.097815 -0.020791 0
vn 0.097815 -0.020791 0
vn 0.091355 -0.040674 0
vn 0.091355 0.040674 0
vn 0.091355 0.040674 0
vn 0.080902 0.058779 0
vn 0.080902 0.058779 0
vn 0.066913 0.074314 0
vn 0.066913 0.074314 0
vn 0.05 0.086603 0
vn 0.05 0.086603 0
vn 0.030902 0.095106 0
vn 0.030902 0.095106 0
vn 0.010453 0.099452 0
vn 0.010453 0.099452 0
vn -0.010453 0.099452 0
vn -0.010453 0.099452 0
vn -0.030902 0.095106 0
vn -0.030902 0.095106 0
vn -0.05 0.086603 0
vn -0.05 0.086603 0
vn -0.066913 0.074314 0
vn -0.066913 0.074314 0
vn -0.080902 0.058779 0
vn -0.080902 0.058779 0
vn -0.091355 0.040674 0
vn -0.091355 0.040674 0
vn -0.097815 0.020791 0
vn -0.097815 0.020791 0
vn -0.1 0 0
vn -0.1 0 0
vn -0.097815 -0.020791 0
vn -0.097815 -0.020791 0
vn -0.091355 -0.040674 0
vn -0.091355 -0.040674 0
vn -0.080902 -0.058779 0
vn -0.080902 -0.058779 0
vn -0.066913 -0.074314 0
vn -0.066913 -0.074314 0
vn -0.05 -0.086603 0
vn -0.05 -0.086603 0
vn -0.030902 -0.095106 0
vn -0.030902 -0.095106 0
vn -0.010453 -0.099452 0
vn -0.010453 -0.099452 0
vn 0.010453 -0.099452 0
vn 0.010453 -0.099452 0
vn 0.030902 -0.095106 0
vn 0.030902 -0.095106 0
vn 0.05 -0.086603 0
vn 0.05 -0.086603 0
vn 0.066913 -0.074314 0
vn 0.066913 -0.074314 0
vn 0.080902 -0.058779 0
vn 0.080902 -0.058779 0
vn 0.091355 -0.040674 0
vn 0 0 0.1
vn 0 0 0.1
vn 0 0 0.1
vn 0 0 0.1
vn 0 0 0.1
vn 0 0 0.1
vn 0 0 0.1
vn 0 0 0.1
vn 0 0 0.1
vn 0 0 0.1
vn 0 0 0.1
vn 0 0 0.1
vn 0 0 0.1
vn 0 0 0.1
vn 0 0 0.1
vn 0 0 0.1
vn 0 0 0.1
vn 0 0 0.1
vn 0 0 0.1
vn 0 0 0.1
vn 0 0 0.1
vn 0 0 0.1
vn 0 0 0.1
vn 0 0 0.1
vn 0 0 0.1
vn 0 0 0.1
vn 0 0 0.1
vn 0 0 0.1
vn 0 0 0.1
vn 0 0 0.1
vn 0 0 0.1
vn 0 0 0.1
vn 0 0 0.1
vn 0 0 0.1
vn 0 0 0.1
vn 0 0 0.1
vn 0 0 0.1
vn 0 0 0.1
vn 0 0 0.1
vn 0 0 0.1
vn 0 0 0.1
vn 0 0 0.1
vn 0 0 0.1
vn 0 0 0.1
vn 0 0 0.1
vn 0 0 0.1
vn 0 0 0.1
vn 0 0 0.1
vn 0 0 0.1
vn 0 0 0.1
vn 0 0 0.1
vn 0 0 0.1
vn 0 0 0.1
vn 0 0 0.1
vn 0.097815 0.020791 0
vn 0.097815 0.020791 0
vn 0.1 0 0
vn 0.1 0 0
vn 0.097815 -0.020791 0
vn 0.097815 -0.020791 0
vn 0.091355 -0.040674 0
vn 0.091355 0.040674 0
vn 0.091355 0.040674 0
vn 0.080902 0.058779 0
vn 0.080902 0.058779 0
vn 0.066913 0.074314 0
vn 0.066913 0.074314 0
vn 0.05 0.086603 0
vn 0.05 0.086603 0
vn 0.030902 0.095106 0
vn 0.030902 0.095106 0
vn 0.010453 0.099452 0
vn 0.010453 0.099452 0
vn -0.010453 0.099452 0
vn -0.010453 0.099452 0
vn -0.030902 0.095106 0
vn -0.030902 0.095106 0
vn -0.05 0.086603 0
vn -0.05 0.086603 0
vn -0.066913 0.074314 0
vn -0.066913 0.074314 0
vn -0.080902 0.058779 0
vn -0.080902 0.058779 0
vn -0.091355 0.040674 0
vn -0.091355 0.040674 0
vn -0.097815 0.020791 0
vn -0.097815 0.020791 0
vn -0.1 0 0
vn -0.1 0 0
vn -0.097815 -0.020791 0
vn -0.097815 -0.020791 0
vn -0.091355 -0.040674 0
vn -0.091355 -0.040674 0
vn -0.080902 -0.058779 0
vn -0.080902 -0.058779 0
vn -0.066913 -0.074314 0
vn -0.066913 -0.074314 0
vn -0.05 -0.086603 0
vn -0.05 -0.086603 0
vn -0.030902 -0.095106 0
vn -0.030902 -0.095106 0
vn -0.010453 -0.099452 0
vn -0.010453 -0.099452 0
vn 0.010453 -0.099452 0
vn 0.010453 -0.099452 0
vn 0.030902 -0.095106 0
vn 0.030902 -0.095106 0
vn 0.05 -0.086603 0
vn 0.05 -0.086603 0
vn 0.066913 -0.074314 0
vn 0.066913 -0.074314 0
vn 0.080902 -0.058779 0
vn 0.080902 -0.058779 0
vn 0.091355 -0.040674 0
vn 0 0 0.1
vn 0 0 0.1
vn 0 0 0.1
vn 0 0 0.1
vn 0 0 0.1
vn 0 0 0.1
vn 0 0 0.1
vn 0 0 0.1
vn 0 0 0.1
vn 0 0 0.1
vn 0 0 0.1
vn 0 0 0.1
vn 0 0 0.1
vn 0 0 0.1
vn 0 0 0.1
vn 0 0 0.1
vn 0 0 0.1
vn 0 0 0.1
vn 0 0 0.1
vn 0 0 0.1
vn 0 0 0.1
vn 0 0 0.1
vn 0 0 0.1
vn 0 0 0.1
vn 0 0 0.1
vn 0 0 0.1
vn 0 0 0.1
vn 0 0 0.1
vn 0 0 0.1
vn 0 0 0.1
vn 0 0 0.1
vn 0 0 0.1
vn 0 0 0.1
vn 0 0 0.1
vn 0 0 0.1
vn 0 0 0.1
vn 0 0 0.1
vn 0 0 0.1
vn 0 0 0.1
vn 0 0 0.1
vn 0 0 0.1
vn 0 0 0.1
vn 0 0 0.1
vn 0 0 0.1
vn 0 0 0.1
vn 0 0 0.1
vn 0 0 0.1
vn 0 0 0.1
vn 0 0 0.1
vn 0 0 0.1
vn 0 0 0.1
vn 0 0 0.1
vn 0 0 0.1
vn 0 0 0.1
vn 0.097815 0.020791 0
vn 0.097815 0.020791 0
vn 0.1 0 0
vn 0.1 0 0
vn 0.097815 -0.020791 0
vn 0.097815 -0.020791 0
vn 0.091355 -0.040674 0
vn 0.091355 0.040674 0
vn 0.091355 0.040674 0
vn 0.080902 0.058779 0
vn 0.080902 0.058779 0
vn 0.066913 0.074314 0
vn 0.066913 0.074314 0
vn 0.05 0.086603 0
vn 0.05 0.086603 0
vn 0.030902 0.095106 0
vn 0.030902 0.095106 0
vn 0.010453 0.099452 0
vn 0.010453 0.099452 0
vn -0.010453 0.099452 0
vn -0.010453 0.099452 0
vn -0.030902 0.095106 0
vn -0.030902 0.095106 0
vn -0.05 0.086603 0
vn -0.05 0.086603 0
vn -0.066913 0.074314 0
vn -0.066913 0.074314 0
vn -0.080902 0.058779 0
vn -0.080902 0.058779 0
vn -0.091355 0.040674 0
vn -0.091355 0.040674 0
vn -0.097815 0.020791 0
vn -0.097815 0.020791 0
vn -0.1 0 0
vn -0.1 0 0
vn -0.097815 -0.020791 0
vn -0.097815 -0.020791 0
vn -0.091355 -0.040674 0
vn -0.091355 -0.040674 0
vn -0.080902 -0.058779 0
vn -0.080902 -0.058779 0
vn -0.066913 -0.074314 0
vn -0.066913 -0.074314 0
vn -0.05 -0.086603 0
vn -0.05 -0.086603 0
vn -0.030902 -0.095106 0
vn -0.030902 -0.095106 0
vn -0.010453 -0.099452 0
vn -0.010453 -0.099452 0
vn 0.010453 -0.099452 0
vn 0.010453 -0.099452 0
vn 0.030902 -0.095106 0
vn 0.030902 -0.095106 0
vn 0.05 -0.086603 0
vn 0.05 -0.086603 0
vn 0.066913 -0.074314 0
vn 0.066913 -0.074314 0
vn 0.080902 -0.058779 0
vn 0.080902 -0.058779 0
vn 0.091355 -0.040674 0
vn 0 0 0.1
vn 0 0 0.1
vn 0 0 0.1
vn 0 0 0.1
vn 0 0 0.1
vn 0 0 0.1
vn 0 0 0.1
vn 0 0 0.1
vn 0 0 0.1
vn 0 0 0.1
vn 0 0 0.1
vn 0 0 0.1
vn 0 0 0.1
vn 0 0 0.1
vn 0 0 0.1
vn 0 0 0.1
vn 0 0 0.1
vn 0 0 0.1
vn 0 0 0.1
vn 0 0 0.1
vn 0 0 0.1
vn 0 0 0.1
vn 0 0 0.1
vn 0 0 0.1
vn 0 0 0.1
vn 0 0 0.1
vn 0 0 0.1
vn 0 0 0.1
vn 0 0 0.1
vn 0 0 0.1
vn 0 0 0.1
vn 0 0 0.1
vn 0 0 0.1
vn 0 0 0.1
vn 0 0 0.1
vn 0 0 0.1
vn 0 0 0.1
vn 0 0 0.1
vn 0 0 0.1
vn 0 0 0.1
vn 0 0 0.1
vn 0 0 0.1
vn 0 0 0.1
vn 0 0 0.1
vn 0 0 0.1
vn 0 0 0.1
vn 0 0 0.1
vn 0 0 0.1
vn 0 0 0.1
vn 0 0 0.1
vn 0 0 0.1
vn 0 0 0.1
vn 0 0 0.1
vn 0 0 0.1
vn 0.096593 0.025882 0
vn 0.096593 0.025882 0
vn 0.1 0 0
vn 0.1 0 0
vn 0.096593 -0.025882 0
vn 0.096593 -0.025882 0
vn 0.086603 -0.05 0
vn 0.086603 -0.05 0
vn 0.070711 -0.070711 0
vn 0.070711 -0.070711 0
vn 0.05 -0.086603 0
vn 0.05 -0.086603 0
vn 0.025882 -0.096593 0
vn 0.025882 -0.096593 0
vn 0 -0.1 0
vn 0 -0.1 0
vn -0.025882 -0.096593 0
vn -0.025882 -0.096593 0
vn -0.05 -0.086603 0
vn -0.05 -0.086603 0
vn -0.070711 -0.070711 0
vn -0.070711 -0.070711 0
vn -0.086603 -0.05 0
vn -0.086603 -0.05 0
vn -0.096593 -0.025882 0
vn -0.096593 -0.025882 0
vn -0.1 0 0
vn -0.1 0 0
vn -0.096593 0.025882 0
vn -0.096593 0.025882 0
vn -0.086603 0.05 0
vn -0.086603 0.05 0
vn -0.070711 0.070711 0
vn -0.070711 0.070711 0
vn -0.05 0.086603 0
vn -0.05 0.086603 0
vn -0.025882 0.096593 0
vn -0.025882 0.096593 0
vn 0 0.1 0
vn 0 0.1 0
vn 0.025882 0.096593 0
vn 0.025882 0.096593 0
vn 0.05 0.086603 0
vn 0.05 0.086603 0
vn 0.070711 0.070711 0
vn 0.070711 0.070711 0
vn 0.086603 0.05 0
vn 0.086603 0.05 0
vn 0.096593 0.025882 0
vn 0.096593 0.025882 0
vn 0.1 0 0
vn 0.1 0 0
vn 0.096593 -0.025882 0
vn 0.096593 -0.025882 0
vn 0.086603 -0.05 0
vn 0.086603 -0.05 0
vn 0.070711 -0.070711 0
vn 0.070711 -0.070711 0
vn 0.05 -0.086603 0
vn 0.05 -0.086603 0
vn 0.025882 -0.096593 0
vn 0.025882 -0.096593 0
vn 0 -0.1 0
vn 0 -0.1 0
vn -0.025882 -0.096593 0
vn -0.025882 -0.096593 0
vn -0.05 -0.086603 0
vn -0.05 -0.086603 0
vn -0.070711 -0.070711 0
vn -0.070711 -0.070711 0
vn -0.086603 -0.05 0
vn -0.086603 -0.05 0
vn -0.096593 -0.025882 0
vn -0.096593 -0.025882 0
vn -0.1 0 0
vn -0.1 0 0
vn -0.096593 0.025882 0
vn -0.096593 0.025882 0
vn -0.086603 0.05 0
vn -0.086603 0.05 0
vn -0.070711 0.070711 0
vn -0.070711 0.070711 0
vn -0.05 0.086603 0
vn -0.05 0.086603 0
vn -0.025882 0.096593 0
vn -0.025882 0.096593 0
vn 0 0.1 0
vn 0 0.1 0
vn 0.025882 0.096593 0
vn 0.025882 0.096593 0
vn 0.05 0.086603 0
vn 0.05 0.086603 0
vn 0.070711 0.070711 0
vn 0.070711 0.070711 0
vn 0.086603 0.05 0
vn 0.086603 0.05 0
vn 0.096593 0.025882 0
vn 0.096593 0.025882 0
vn 0.1 0 0
vn 0.1 0 0
vn 0.096593 -0.025882 0
vn 0.096593 -0.025882 0
vn 0.086603 -0.05 0
vn 0.086603 -0.05 0
vn 0.070711 -0.070711 0
vn 0.070711 -0.070711 0
vn 0.05 -0.086603 0
vn 0.05 -0.086603 0
vn 0.025882 -0.096593 0
vn 0.025882 -0.096593 0
vn 0 -0.1 0
vn 0 -0.1 0
vn -0.025882 -0.096593 0
vn -0.025882 -0.096593 0
vn -0.05 -0.086603 0
vn -0.05 -0.086603 0
vn -0.070711 -0.070711 0
vn -0.070711 -0.070711 0
vn -0.086603 -0.05 0
vn -0.086603 -0.05 0
vn -0.096593 -0.025882 0
vn -0.096593 -0.025882 0
vn -0.1 0 0
vn -0.1 0 0
vn -0.096593 0.025882 0
vn -0.096593 0.025882 0
vn -0.086603 0.05 0
vn -0.086603 0.05 0
vn -0.070711 0.070711 0
vn -0.070711 0.070711 0
vn -0.05 0.086603 0
vn -0.05 0.086603 0
vn -0.025882 0.096593 0
vn -0.025882 0.096593 0
vn 0 0.1 0
vn 0 0.1 0
vn 0.025882 0.096593 0
vn 0.025882 0.096593 0
vn 0.05 0.086603 0
vn 0.05 0.086603 0
vn 0.070711 0.070711 0
vn 0.070711 0.070711 0
vn 0.086603 0.05 0
vn 0.086603 0.05 0
vn 0.096593 0.025882 0
vn 0.096593 0.025882 0
vn 0.1 0 0
vn 0.1 0 0
vn 0.096593 -0.025882 0
vn 0.096593 -0.025882 0
vn 0.086603 -0.05 0
vn 0.086603 -0.05 0
vn 0.070711 -0.070711 0
vn 0.070711 -0.070711 0
vn 0.05 -0.086603 0
vn 0.05 -0.086603 0
vn 0.025882 -0.096593 0
vn 0.025882 -0.096593 0
vn 0 -0.1 0
vn 0 -0.1 0
vn -0.025882 -0.096593 0
vn -0.025882 -0.096593 0
vn -0.05 -0.086603 0
vn -0.05 -0.086603 0
vn -0.070711 -0.070711 0
vn -0.070711 -0.070711 0
vn -0.086603 -0.05 0
vn -0.086603 -0.05 0
vn -0.096593 -0.025882 0
vn -0.096593 -0.025882 0
vn -0.1 0 0
vn -0.1 0 0
vn -0.096593 0.025882 0
vn -0.096593 0.025882 0
vn -0.086603 0.05 0
vn -0.086603 0.05 0
vn -0.070711 0.070711 0
vn -0.070711 0.070711 0
vn -0.05 0.086603 0
vn -0.05 0.086603 0
vn -0.025882 0.096593 0
vn -0.025882 0.096593 0
vn 0 0.1 0
vn 0 0.1 0
vn 0.025882 0.096593 0
vn 0.025882 0.096593 0
vn 0.05 0.086603 0
vn 0.05 0.086603 0
vn 0.070711 0.070711 0
vn 0.070711 0.070711 0
vn 0.086603 0.05 0
vn 0.086603 0.05 0
vn 0.099298 -0.011827 0
vn 0.099824 -0.005924 0
vn 0.1 0 0
vn 0.099824 0.005924 0
vn 0.099298 0.011827 0
vn 0.098423 0.017689 0
vn 0.097202 0.023489 0
vn 0.09564 0.029206 0
vn 0.093742 0.03482 0
vn 0.091515 0.040312 0
vn 0.088966 0.045663 0
vn 0.086104 0.050853 0
vn 0.082941 0.055865 0
vn 0.079485 0.06068 0
vn 0.075751 0.065282 0
vn 0.071751 0.069655 0
vn 0.067498 0.073783 0
vn 0.063009 0.077652 0
vn 0.058298 0.081249 0
vn 0.053382 0.08456 0
vn 0.048279 0.087573 0
vn 0.043007 0.09028 0
vn 0.037583 0.092669 0
vn 0.032027 0.094733 0
vn 0.026359 0.096464 0
vn 0.020598 0.097856 0
vn 0.014765 0.098904 0
vn 0.00888 0.099605 0
vn 0.002963 0.099956 0
vn -0.002963 0.099956 0
vn -0.00888 0.099605 0
vn -0.014765 0.098904 0
vn -0.020598 0.097856 0
vn -0.026359 0.096464 0
vn -0.032027 0.094733 0
vn -0.037583 0.092669 0
vn -0.043007 0.09028 0
vn -0.048279 0.087573 0
vn -0.053382 0.08456 0
vn -0.058298 0.081249 0
vn -0.063009 0.077652 0
vn -0.067498 0.073783 0
vn -0.071751 0.069655 0
vn -0.075751 0.065282 0
vn -0.079485 0.06068 0
vn -0.082941 0.055865 0
vn -0.086104 0.050853 0
vn -0.088966 0.045663 0
vn -0.091515 0.040312 0
vn -0.093742 0.03482 0
vn -0.09564 0.029206 0
vn -0.097202 0.023489 0
vn -0.098423 0.017689 0
vn -0.099298 0.011827 0
vn -0.099824 0.005924 0
vn -0.1 0 0
vn -0.099824 -0.005924 0
vn -0.099298 -0.011827 0
vn -0.098423 -0.017689 0
vn -0.097202 -0.023489 0
vn -0.09564 -0.029206 0
vn -0.093742 -0.03482 0
vn -0.091515 -0.040312 0
vn -0.088966 -0.045663 0
vn -0.086104 -0.050853 0
vn -0.082941 -0.055865 0
vn -0.079485 -0.06068 0
vn -0.075751 -0.065282 0
vn -0.071751 -0.069655 0
vn -0.067498 -0.073783 0
vn -0.063009 -0.077652 0
vn -0.058298 -0.081249 0
vn -0.053382 -0.08456 0
vn -0.048279 -0.087573 0
vn -0.043007 -0.09028 0
vn -0.037583 -0.092669 0
vn -0.032027 -0.094733 0
vn -0.026359 -0.096464 0
vn -0.020598 -0.097856 0
vn -0.014765 -0.098904 0
vn -0.00888 -0.099605 0
vn -0.002963 -0.099956 0
vn 0.002963 -0.099956 0
vn 0.00888 -0.099605 0
vn 0.014765 -0.098904 0
vn 0.020598 -0.097856 0
vn 0.026359 -0.096464 0
vn 0.032027 -0.094733 0
vn 0.037583 -0.092669 0
vn 0.043007 -0.09028 0
vn 0.048279 -0.087573 0
vn 0.053382 -0.08456 0
vn 0.058298 -0.081249 0
vn 0.063009 -0.077652 0
vn 0.067498 -0.073783 0
vn 0.071751 -0.069655 0
vn 0.075751 -0.065282 0
vn 0.079485 -0.06068 0
vn 0.082941 -0.055865 0
vn 0.086104 -0.050853 0
vn 0.088966 -0.045663 0
vn 0.091515 -0.040312 0
vn 0.093742 -0.03482 0
vn 0.09564 -0.029206 0
vn 0.097202 -0.023489 0
vn 0.098423 -0.017689 0
vn -0.051437 0.085757 0
vn -0.058231 0.081297 0
vn -0.06464 0.0763 0
vn -0.070622 0.070799 0
vn -0.076138 0.064831 0
vn -0.081151 0.058434 0
vn -0.085628 0.051652 0
vn -0.089539 0.044528 0
vn -0.092859 0.03711 0
vn -0.095566 0.029447 0
vn -0.097642 0.02159 0
vn -0.099072 0.01359 0
vn -0.099849 0.0055 0
vn -0.099966 -0.002626 0
vn -0.099422 -0.010735 0
vn -0.098222 -0.018772 0
vn -0.096373 -0.026686 0
vn -0.093888 -0.034424 0
vn -0.090783 -0.041934 0
vn -0.087078 -0.049167 0
vn -0.082798 -0.056076 0
vn -0.077971 -0.062614 0
vn -0.072629 -0.068739 0
vn -0.066808 -0.074409 0
vn -0.060545 -0.079588 0
vn -0.053882 -0.084242 0
vn -0.046864 -0.088339 0
vn -0.039536 -0.091853 0
vn -0.031947 -0.09476 0
vn -0.024146 -0.097041 0
vn -0.016187 -0.098681 0
vn -0.00812 -0.09967 0
vn 0 -0.1 0
vn 0.00812 -0.09967 0
vn 0.016187 -0.098681 0
vn 0.024146 -0.097041 0
vn 0.031947 -0.09476 0
vn 0.039536 -0.091853 0
vn 0.046864 -0.088339 0
vn 0.053882 -0.084242 0
vn 0.060545 -0.079588 0
vn 0.066808 -0.074409 0
vn 0.072629 -0.068739 0
vn 0.077971 -0.062614 0
vn 0.082798 -0.056076 0
vn 0.087078 -0.049167 0
vn 0.090783 -0.041934 0
vn 0.093888 -0.034424 0
vn 0.096373 -0.026686 0
vn 0.098222 -0.018772 0
vn 0.099422 -0.010735 0
vn 0.099966 -0.002626 0
vn 0.099849 0.0055 0
vn 0.099072 0.01359 0
vn 0.097642 0.02159 0
vn 0.095566 0.029447 0
vn 0.092859 0.03711 0
vn 0.089539 0.044528 0
vn 0.085628 0.051652 0
vn 0.081151 0.058434 0
vn 0.076138 0.064831 0
vn 0.070622 0.070799 0
vn 0.06464 0.0763 0
vn 0.058231 0.081297 0
vn 0.051437 0.085757 0
vn 0 0 -0.1
vn 0 0 -0.1
vn 0 0 -0.1
vn 0 0 -0.1
vn 0 0 -0.1
vn 0 0 -0.1
vn 0 0 -0.1
vn 0 0 -0.1
vn 0 0 -0.1
vn 0 0 -0.1
vn 0 0 -0.1
vn 0 0 -0.1
vn 0 0 -0.1
vn 0 0 -0.1
vn 0 0 -0.1
vn 0 0 -0.1
vn 0 0 -0.1
vn 0 0 -0.1
vn 0 0 -0.1
vn 0 0 -0.1
vn 0 0 -0.1
vn 0 0 -0.1
vn 0 0 -0.1
vn 0 0 -0.1
vn 0 0 -0.1
vn 0 0 -0.1
vn 0 0 -0.1
vn 0 0 -0.1
vn 0 0 -0.1
vn 0 0 -0.1
vn 0 0 -0.1
vn 0 0 -0.1
vn 0 0 -0.1
vn 0 0 -0.1
vn 0 0 -0.1
vn 0 0 -0.1
vn 0 0 -0.1
vn 0 0 -0.1
vn 0 0 -0.1
vn 0 0 -0.1
vn 0 0 -0.1
vn 0 0 -0.1
vn 0 0 -0.1
vn 0 0 -0.1
vn 0 0 -0.1
vn 0 0 -0.1
vn 0 0 -0.1
vn 0 0 -0.1
vn 0 0 -0.1
vn 0 0 -0.1
vn 0 0 -0.1
vn 0 0 -0.1
vn 0 0 -0.1
vn 0 0 -0.1
vn 0 0 -0.1
vn 0 0 -0.1
vn 0 0 -0.1
vn 0 0 -0.1
vn 0 0 -0.1
vn 0 0 -0.1
vn 0 0 -0.1
vn 0 0 -0.1
vn 0 0 -0.1
vn 0 0 -0.1
vn 0 0 -0.1
vn 0 0 -0.1
vn 0 0 -0.1
vn 0 0 -0.1
vn 0 0 -0.1
vn 0 0 -0.1
vn 0 0 -0.1
vn 0 0 -0.1
vn 0 0 -0.1
vn 0 0 -0.1
vn 0 0 -0.1
vn 0 0 -0.1
vn 0 0 -0.1
vn 0 0 -0.1
vn 0 0 -0.1
vn 0 0 -0.1
vn 0 0 -0.1
vn 0 0 -0.1
vn 0 0 -0.1
vn 0 0 -0.1
vn 0 0 -0.1
vn 0 0 -0.1
vn 0 0 -0.1
vn 0 0 -0.1
vn 0 0 -0.1
vn 0 0 -0.1
vn 0 0 -0.1
vn 0 0 -0.1
vn 0 0 -0.1
vn 0 0 -0.1
vn 0 0 -0.1
vn 0 0 -0.1
vn 0 0 -0.1
vn 0 0 -0.1
vn 0 0 -0.1
vn 0 0 -0.1
vn 0 0 -0.1
vn 0 0 -0.1
vn 0 0 -0.1
vn 0 0 -0.1
vn 0 0 -0.1
vn 0 0 -0.1
vn 0 0 -0.1
vn 0 0 -0.1
vn 0 0 -0.1
vn 0 0 -0.1
vn 0 0 -0.1
vn 0 0 -0.1
vn 0 0 -0.1
vn 0 0 -0.1
vn 0 0 -0.1
vn 0 0 -0.1
vn 0 0 -0.1
vn 0 0 -0.1
vn 0 0 -0.1
vn 0 0 -0.1
vn 0 0 -0.1
vn 0 0 -0.1
vn 0 0 -0.1
vn 0 0 -0.1
vn 0 0 -0.1
vn 0 0 -0.1
vn 0 0 -0.1
vn 0 0 -0.1
vn 0 0 -0.1
vn 0 0 -0.1
vn 0 0 -0.1
vn 0 0 -0.1
f 1/3/3 106/2/2 2/1/1
f 107/4/4 106/2/2 1/3/3
f 24/5/5 107/4/4 1/3/3
f 108/6/6 107/4/4 24/5/5
f 23/7/7 108/6/6 24/5/5
f 22/8/8 108/6/6 23/7/7
f 109/9/9 108/6/6 22/8/8
f 21/10/10 109/9/9 22/8/8
f 20/11/11 109/9/9 21/10/10
f 110/12/12 109/9/9 20/11/11
f 19/13/13 110/12/12 20/11/11
f 111/14/14 110/12/12 19/13/13
f 18/15/15 111/14/14 19/13/13
f 17/16/16 111/14/14 18/15/15
f 112/17/17 111/14/14 17/16/16
f 16/18/18 112/17/17 17/16/16
f 15/19/19 112/17/17 16/18/18
f 113/20/20 112/17/17 15/19/19
f 14/21/21 113/20/20 15/19/19
f 114/22/22 113/20/20 14/21/21
f 13/23/23 114/22/22 14/21/21
f 115/24/24 114/22/22 13/23/23
f 12/25/25 115/24/24 13/23/23
f 116/26/26 115/24/24 12/25/25
f 11/27/27 116/26/26 12/25/25
f 117/28/28 116/26/26 11/27/27
f 93/29/29 117/28/28 11/27/27
f 118/30/30 117/28/28 93/29/29
f 92/31/31 118/30/30 93/29/29
f 119/32/32 118/30/30 92/31/31
f 91/33/33 119/32/32 92/31/31
f 120/34/34 119/32/32 91/33/33
f 90/35/35 120/34/34 91/33/33
f 121/36/36 120/34/34 90/35/35
f 89/37/37 121/36/36 90/35/35
f 122/38/38 121/36/36 89/37/37
f 88/39/39 122/38/38 89/37/37
f 87/40/40 122/38/38 88/39/39
f 123/41/41 122/38/38 87/40/40
f 86/42/42 123/41/41 87/40/40
f 85/43/43 123/41/41 86/42/42
f 124/44/44 123/41/41 85/43/43
f 84/45/45 124/44/44 85/43/43
f 83/46/46 124/44/44 84/45/45
f 125/47/47 124/44/44 83/46/46
f 82/48/48 125/47/47 83/46/46
f 81/49/49 125/47/47 82/48/48
f 126/50/50 125/47/47 81/49/49
f 80/51/51 126/50/50 81/49/49
f 127/52/52 126/50/50 80/51/51
f 79/53/53 127/52/52 80/51/51
f 128/54/54 127/52/52 79/53/53
f 78/55/55 128/54/54 79/53/53
f 129/56/56 128/54/54 78/55/55
f 77/57/57 129/56/56 78/55/55
f 130/58/58 129/56/56 77/57/57
f 39/59/59 130/58/58 77/57/57
f 131/60/60 130/58/58 39/59/59
f 38/61/61 131/60/60 39/59/59
f 132/62/62 131/60/60 38/61/61
f 37/63/63 132/62/62 38/61/61
f 133/64/64 132/62/62 37/63/63
f 36/65/65 133/64/64 37/63/63
f 134/66/66 133/64/64 36/65/65
f 35/67/67 134/66/66 36/65/65
f 135/68/68 134/66/66 35/67/67
f 34/69/69 135/68/68 35/67/67
f 33/70/70 135/68/68 34/69/69
f 136/71/71 135/68/68 33/70/70
f 32/72/72 136/71/71 33/70/70
f 31/73/73 136/71/71 32/72/72
f 137/74/74 136/71/71 31/73/73
f 30/75/75 137/74/74 31/73/73
f 138/76/76 137/74/74 30/75/75
f 29/77/77 138/76/76 30/75/75
f 28/78/78 138/76/76 29/77/77
f 139/79/79 138/76/76 28/78/78
f 27/80/80 139/79/79 28/78/78
f 26/81/81 139/79/79 27/80/80
f 140/82/82 139/79/79 26/81/81
f 25/83/83 140/82/82 26/81/81
f 141/84/84 140/82/82 25/83/83
f 48/85/85 141/84/84 25/83/83
f 142/86/86 141/84/84 48/85/85
f 47/87/87 142/86/86 48/85/85
f 143/88/88 142/86/86 47/87/87
f 57/89/89 143/88/88 47/87/87
f 144/90/90 143/88/88 57/89/89
f 56/91/91 144/90/90 57/89/89
f 145/92/92 144/90/90 56/91/91
f 146/93/93 145/92/92 56/91/91
f 105/94/94 2/1/1 106/2/2
f 3/95/95 2/1/1 105/94/94
f 104/96/96 3/95/95 105/94/94
f 65/97/97 3/95/95 104/96/96
f 103/98/98 65/97/97 104/96/96
f 66/99/99 65/97/97 103/98/98
f 102/100/100 66/99/99 103/98/98
f 101/101/101 66/99/99 102/100/100
f 67/102/102 66/99/99 101/101/101
f 100/103/103 67/102/102 101/101/101
f 68/104/104 67/102/102 100/103/103
f 69/105/105 68/104/104 100/103/103
f 64/106/106 3/95/95 65/97/97
f 4/107/107 3/95/95 64/106/106
f 63/108/108 4/107/107 64/106/106
f 5/109/109 4/107/107 63/108/108
f 62/110/110 5/109/109 63/108/108
f 6/111/111 5/109/109 62/110/110
f 61/112/112 6/111/111 62/110/110
f 7/113/113 6/111/111 61/112/112
f 43/114/114 7/113/113 61/112/112
f 73/115/115 7/113/113 43/114/114
f 42/116/116 73/115/115 43/114/114
f 74/117/117 73/115/115 42/116/116
f 41/118/118 74/117/117 42/116/116
f 75/119/119 74/117/117 41/118/118
f 40/120/120 75/119/119 41/118/118
f 76/121/121 75/119/119 40/120/120
f 39/59/59 76/121/121 40/120/120
f 77/57/57 76/121/121 39/59/59
f 73/115/115 8/122/122 7/113/113
f 96/123/123 8/122/122 73/115/115
f 9/124/124 8/122/122 96/123/123
f 95/125/125 9/124/124 96/123/123
f 10/126/126 9/124/124 95/125/125
f 94/127/127 10/126/126 95/125/125
f 11/27/27 10/126/126 94/127/127
f 93/29/29 11/27/27 94/127/127
f 61/112/112 44/128/128 43/114/114
f 60/129/129 44/128/128 61/112/112
f 45/130/130 44/128/128 60/129/129
f 59/131/131 45/130/130 60/129/129
f 46/132/132 45/130/130 59/131/131
f 58/133/133 46/132/132 59/131/131
f 47/87/87 46/132/132 58/133/133
f 57/89/89 47/87/87 58/133/133
f 97/136/136 49/135/135 72/134/134
f 50/137/137 49/135/135 97/136/136
f 149/138/138 50/137/137 97/136/136
f 51/139/139 50/137/137 149/138/138
f 52/140/140 51/139/139 149/138/138
f 148/141/141 52/140/140 149/138/138
f 53/142/142 52/140/140 148/141/141
f 147/143/143 53/142/142 148/141/141
f 54/144/144 53/142/142 147/143/143
f 55/145/145 54/144/144 147/143/143
f 146/93/93 55/145/145 147/143/143
f 56/91/91 55/145/145 146/93/93
f 99/146/146 69/105/105 100/103/103
f 70/147/147 69/105/105 99/146/146
f 98/148/148 70/147/147 99/146/146
f 71/149/149 70/147/147 98/148/148
f 72/134/134 71/149/149 98/148/148
f 97/136/136 72/134/134 98/148/148
f 178/152/152 151/151/151 150/150/150
f 152/153/153 151/151/151 178/152/152
f 153/154/154 152/153/153 178/152/152
f 178/152/152 154/155/155 153/154/154
f 177/156/156 154/155/155 178/152/152
f 155/157/157 154/155/155 177/156/156
f 156/158/158 155/157/157 177/156/156
f 176/159/159 156/158/158 177/156/156
f 157/160/160 156/158/158 176/159/159
f 158/161/161 157/160/160 176/159/159
f 175/162/162 158/161/161 176/159/159
f 159/163/163 158/161/161 175/162/162
f 160/164/164 159/163/163 175/162/162
f 175/162/162 161/165/165 160/164/164
f 174/166/166 161/165/165 175/162/162
f 162/167/167 161/165/165 174/166/166
f 163/168/168 162/167/167 174/166/166
f 174/166/166 164/169/169 163/168/168
f 173/170/170 164/169/169 174/166/166
f 165/171/171 164/169/169 173/170/170
f 172/172/172 165/171/171 173/170/170
f 166/173/173 165/171/171 172/172/172
f 167/174/174 166/173/173 172/172/172
f 171/175/175 167/174/174 172/172/172
f 168/176/176 167/174/174 171/175/175
f 169/177/177 168/176/176 171/175/175
f 171/175/175 170/178/178 169/177/177
f 230/181/181 169/180/180 170/179/179
f 229/182/182 169/180/180 230/181/181
f 227/183/183 169/180/180 229/182/182
f 228/184/184 227/183/183 229/182/182
f 227/183/183 168/185/185 169/180/180
f 226/186/186 168/185/185 227/183/183
f 250/187/187 168/185/185 226/186/186
f 252/188/188 250/187/187 226/186/186
f 225/189/189 250/187/187 252/188/188
f 226/186/186 225/189/189 252/188/188
f 250/187/187 167/190/190 168/185/185
f 253/191/191 167/190/190 250/187/187
f 251/192/192 253/191/191 250/187/187
f 249/193/193 253/191/191 251/192/192
f 223/194/194 249/193/193 251/192/192
f 222/195/195 249/193/193 223/194/194
f 248/196/196 249/193/193 222/195/195
f 380/197/197 248/196/196 222/195/195
f 247/198/198 248/196/196 380/197/197
f 381/199/199 247/198/198 380/197/197
f 246/200/200 247/198/198 381/199/199
f 382/201/201 246/200/200 381/199/199
f 245/202/202 246/200/200 382/201/201
f 383/203/203 245/202/202 382/201/201
f 244/204/204 245/202/202 383/203/203
f 384/205/205 244/204/204 383/203/203
f 240/206/206 244/204/204 384/205/205
f 385/207/207 240/206/206 384/205/205
f 210/208/208 240/206/206 385/207/207
f 241/209/209 210/208/208 385/207/207
f 211/210/210 210/208/208 241/209/209
f 392/211/211 211/210/210 241/209/209
f 386/212/212 211/210/210 392/211/211
f 387/213/213 386/212/212 392/211/211
f 393/214/214 386/212/212 387/213/213
f 394/215/215 393/214/214 387/213/213
f 217/216/216 393/214/214 394/215/215
f 218/217/217 217/216/216 394/215/215
f 261/218/218 167/190/190 253/191/191
f 166/219/219 167/190/190 261/218/218
f 262/220/220 166/219/219 261/218/218
f 269/221/221 166/219/219 262/220/220
f 270/222/222 269/221/221 262/220/220
f 238/223/223 269/221/221 270/222/222
f 276/224/224 238/223/223 270/222/222
f 284/225/225 238/223/223 276/224/224
f 283/226/226 284/225/225 276/224/224
f 288/227/227 284/225/225 283/226/226
f 289/228/228 288/227/227 283/226/226
f 294/229/229 288/227/227 289/228/228
f 295/230/230 294/229/229 289/228/228
f 299/231/231 294/229/229 295/230/230
f 300/232/232 299/231/231 295/230/230
f 305/233/233 299/231/231 300/232/232
f 204/234/234 305/233/233 300/232/232
f 236/235/235 305/233/233 204/234/234
f 203/236/236 236/235/235 204/234/234
f 316/237/237 236/235/235 203/236/236
f 235/238/238 316/237/237 203/236/236
f 315/239/239 316/237/237 235/238/238
f 321/240/240 315/239/239 235/238/238
f 314/241/241 315/239/239 321/240/240
f 320/242/242 314/241/241 321/240/240
f 313/243/243 314/241/241 320/242/242
f 319/244/244 313/243/243 320/242/242
f 312/245/245 313/243/243 319/244/244
f 318/246/246 312/245/245 319/244/244
f 311/247/247 312/245/245 318/246/246
f 317/248/248 311/247/247 318/246/246
f 157/249/249 311/247/247 317/248/248
f 156/250/250 157/249/249 317/248/248
f 269/221/221 165/251/251 166/219/219
f 164/252/252 165/251/251 269/221/221
f 238/223/223 164/252/252 269/221/221
f 285/253/253 164/252/252 238/223/223
f 284/225/225 285/253/253 238/223/223
f 287/254/254 285/253/253 284/225/225
f 288/227/227 287/254/254 284/225/225
f 293/255/255 287/254/254 288/227/227
f 294/229/229 293/255/255 288/227/227
f 298/256/256 293/255/255 294/229/229
f 299/231/231 298/256/256 294/229/229
f 304/257/257 298/256/256 299/231/231
f 305/233/233 304/257/257 299/231/231
f 236/235/235 304/257/257 305/233/233
f 285/253/253 163/258/258 164/252/252
f 286/259/259 163/258/258 285/253/253
f 287/254/254 286/259/259 285/253/253
f 292/260/260 286/259/259 287/254/254
f 293/255/255 292/260/260 287/254/254
f 297/261/261 292/260/260 293/255/255
f 298/256/256 297/261/261 293/255/255
f 303/262/262 297/261/261 298/256/256
f 304/257/257 303/262/262 298/256/256
f 310/263/263 303/262/262 304/257/257
f 236/235/235 310/263/263 304/257/257
f 316/237/237 310/263/263 236/235/235
f 286/259/259 162/264/264 163/258/258
f 292/260/260 162/264/264 286/259/259
f 292/260/260 161/265/265 162/264/264
f 296/266/266 161/265/265 292/260/260
f 297/261/261 296/266/266 292/260/260
f 302/267/267 296/266/266 297/261/261
f 303/262/262 302/267/267 297/261/261
f 309/268/268 302/267/267 303/262/262
f 310/263/263 309/268/268 303/262/262
f 315/239/239 309/268/268 310/263/263
f 316/237/237 315/239/239 310/263/263
f 296/266/266 160/269/269 161/265/265
f 301/270/270 160/269/269 296/266/266
f 302/267/267 301/270/270 296/266/266
f 308/271/271 301/270/270 302/267/267
f 309/268/268 308/271/271 302/267/267
f 314/241/241 308/271/271 309/268/268
f 315/239/239 314/241/241 309/268/268
f 301/270/270 159/272/272 160/269/269
f 307/273/273 159/272/272 301/270/270
f 308/271/271 307/273/273 301/270/270
f 313/243/243 307/273/273 308/271/271
f 314/241/241 313/243/243 308/271/271
f 306/274/274 159/272/272 307/273/273
f 158/275/275 159/272/272 306/274/274
f 311/247/247 158/275/275 306/274/274
f 157/249/249 158/275/275 311/247/247
f 156/250/250 322/277/277 155/276/276
f 323/278/278 322/277/277 156/250/250
f 317/248/248 323/278/278 156/250/250
f 324/279/279 323/278/278 317/248/248
f 318/246/246 324/279/279 317/248/248
f 325/280/280 324/279/279 318/246/246
f 319/244/244 325/280/280 318/246/246
f 326/281/281 325/280/280 319/244/244
f 320/242/242 326/281/281 319/244/244
f 327/282/282 326/281/281 320/242/242
f 321/240/240 327/282/282 320/242/242
f 328/283/283 327/282/282 321/240/240
f 235/238/238 328/283/283 321/240/240
f 202/284/284 328/283/283 235/238/238
f 203/236/236 202/284/284 235/238/238
f 155/276/276 329/286/286 154/285/285
f 330/287/287 329/286/286 155/276/276
f 322/277/277 330/287/287 155/276/276
f 331/288/288 330/287/287 322/277/277
f 323/278/278 331/288/288 322/277/277
f 332/289/289 331/288/288 323/278/278
f 324/279/279 332/289/289 323/278/278
f 333/290/290 332/289/289 324/279/279
f 325/280/280 333/290/290 324/279/279
f 334/291/291 333/290/290 325/280/280
f 326/281/281 334/291/291 325/280/280
f 335/292/292 334/291/291 326/281/281
f 327/282/282 335/292/292 326/281/281
f 336/293/293 335/292/292 327/282/282
f 328/283/283 336/293/293 327/282/282
f 201/294/294 336/293/293 328/283/283
f 202/284/284 201/294/294 328/283/283
f 338/295/295 154/285/285 329/286/286
f 153/296/296 154/285/285 338/295/295
f 337/297/297 153/296/296 338/295/295
f 152/298/298 153/296/296 337/297/297
f 183/299/299 152/298/298 337/297/297
f 182/300/300 152/298/298 183/299/299
f 151/301/301 152/298/298 182/300/300
f 179/302/302 151/301/301 182/300/300
f 150/303/303 151/301/301 179/302/302
f 182/300/300 180/304/304 179/302/302
f 181/305/305 180/304/304 182/300/300
f 354/306/306 183/299/299 337/297/297
f 184/307/307 183/299/299 354/306/306
f 337/297/297 184/307/307 354/306/306
f 346/308/308 184/307/307 337/297/297
f 338/295/295 346/308/308 337/297/297
f 347/309/309 346/308/308 338/295/295
f 339/310/310 347/309/309 338/295/295
f 348/311/311 347/309/309 339/310/310
f 340/312/312 348/311/311 339/310/310
f 349/313/313 348/311/311 340/312/312
f 341/314/314 349/313/313 340/312/312
f 350/315/315 349/313/313 341/314/314
f 342/316/316 350/315/315 341/314/314
f 351/317/317 350/315/315 342/316/316
f 343/318/318 351/317/317 342/316/316
f 352/319/319 351/317/317 343/318/318
f 344/320/320 352/319/319 343/318/318
f 353/321/321 352/319/319 344/320/320
f 345/322/322 353/321/321 344/320/320
f 200/323/323 353/321/321 345/322/322
f 201/294/294 200/323/323 345/322/322
f 346/308/308 185/324/324 184/307/307
f 186/325/325 185/324/324 346/308/308
f 347/309/309 186/325/325 346/308/308
f 187/326/326 186/325/325 347/309/309
f 348/311/311 187/326/326 347/309/309
f 355/327/327 187/326/326 348/311/311
f 356/328/328 355/327/327 348/311/311
f 189/329/329 355/327/327 356/328/328
f 360/330/330 189/329/329 356/328/328
f 190/331/331 189/329/329 360/330/330
f 361/332/332 190/331/331 360/330/330
f 365/333/333 190/331/331 361/332/332
f 362/334/334 365/333/333 361/332/332
f 366/335/335 365/333/333 362/334/334
f 363/336/336 366/335/335 362/334/334
f 367/337/337 366/335/335 363/336/336
f 364/338/338 367/337/337 363/336/336
f 233/339/339 367/337/337 364/338/338
f 199/340/340 233/339/339 364/338/338
f 198/341/341 233/339/339 199/340/340
f 370/342/342 233/339/339 198/341/341
f 197/343/343 370/342/342 198/341/341
f 372/344/344 370/342/342 197/343/343
f 232/345/345 372/344/344 197/343/343
f 373/346/346 372/344/344 232/345/345
f 374/347/347 373/346/346 232/345/345
f 192/348/348 373/346/346 374/347/347
f 193/349/349 192/348/348 374/347/347
f 355/327/327 188/350/350 187/326/326
f 189/329/329 188/350/350 355/327/327
f 365/333/333 191/351/351 190/331/331
f 371/352/352 191/351/351 365/333/333
f 368/353/353 371/352/352 365/333/333
f 373/346/346 371/352/352 368/353/353
f 369/354/354 373/346/346 368/353/353
f 372/344/344 373/346/346 369/354/354
f 370/342/342 372/344/344 369/354/354
f 371/352/352 192/348/348 191/351/351
f 373/346/346 192/348/348 371/352/352
f 193/349/349 231/356/356 194/355/355
f 375/357/357 231/356/356 193/349/349
f 374/347/347 375/357/357 193/349/349
f 232/345/345 375/357/357 374/347/347
f 231/356/356 195/358/358 194/355/355
f 196/359/359 195/358/358 231/356/356
f 375/357/357 196/359/359 231/356/356
f 232/345/345 196/359/359 375/357/357
f 232/345/345 197/343/343 196/359/359
f 234/360/360 199/340/340 364/338/338
f 200/323/323 199/340/340 234/360/360
f 353/321/321 200/323/323 234/360/360
f 300/232/232 205/361/361 204/234/234
f 237/362/362 205/361/361 300/232/232
f 295/230/230 237/362/362 300/232/232
f 290/363/363 237/362/362 295/230/230
f 289/228/228 290/363/363 295/230/230
f 282/364/364 290/363/363 289/228/228
f 283/226/226 282/364/364 289/228/228
f 277/365/365 282/364/364 283/226/226
f 276/224/224 277/365/365 283/226/226
f 271/366/366 277/365/365 276/224/224
f 270/222/222 271/366/366 276/224/224
f 263/367/367 271/366/366 270/222/222
f 262/220/220 263/367/367 270/222/222
f 254/368/368 263/367/367 262/220/220
f 253/191/191 254/368/368 262/220/220
f 249/193/193 254/368/368 253/191/191
f 237/362/362 206/369/369 205/361/361
f 291/370/370 206/369/369 237/362/362
f 290/363/363 291/370/370 237/362/362
f 281/371/371 291/370/370 290/363/363
f 282/364/364 281/371/371 290/363/363
f 278/372/372 281/371/371 282/364/364
f 277/365/365 278/372/372 282/364/364
f 272/373/373 278/372/372 277/365/365
f 271/366/366 272/373/373 277/365/365
f 264/374/374 272/373/373 271/366/366
f 263/367/367 264/374/374 271/366/366
f 255/375/375 264/374/374 263/367/367
f 254/368/368 255/375/375 263/367/367
f 248/196/196 255/375/375 254/368/368
f 249/193/193 248/196/196 254/368/368
f 239/376/376 206/369/369 291/370/370
f 207/377/377 206/369/369 239/376/376
f 280/378/378 207/377/377 239/376/376
f 275/379/379 207/377/377 280/378/378
f 274/380/380 275/379/379 280/378/378
f 267/381/381 275/379/379 274/380/380
f 266/382/382 267/381/381 274/380/380
f 258/383/383 267/381/381 266/382/382
f 257/384/384 258/383/383 266/382/382
f 245/202/202 258/383/383 257/384/384
f 246/200/200 245/202/202 257/384/384
f 275/379/379 208/385/385 207/377/377
f 268/386/386 208/385/385 275/379/379
f 267/381/381 268/386/386 275/379/379
f 259/387/387 268/386/386 267/381/381
f 258/383/383 259/387/387 267/381/381
f 244/204/204 259/387/387 258/383/383
f 245/202/202 244/204/204 258/383/383
f 260/388/388 208/385/385 268/386/386
f 209/389/389 208/385/385 260/388/388
f 240/206/206 209/389/389 260/388/388
f 210/208/208 209/389/389 240/206/206
f 386/212/212 212/390/390 211/210/210
f 242/391/391 212/390/390 386/212/212
f 393/214/214 242/391/391 386/212/212
f 395/392/392 242/391/391 393/214/214
f 217/216/216 395/392/392 393/214/214
f 216/393/393 395/392/392 217/216/216
f 243/394/394 395/392/392 216/393/393
f 397/395/395 243/394/394 216/393/393
f 214/396/396 243/394/394 397/395/395
f 215/397/397 214/396/396 397/395/395
f 242/391/391 213/398/398 212/390/390
f 396/399/399 213/398/398 242/391/391
f 395/392/392 396/399/399 242/391/391
f 243/394/394 396/399/399 395/392/392
f 243/394/394 213/398/398 396/399/399
f 214/396/396 213/398/398 243/394/394
f 397/395/395 216/393/393 215/397/397
f 218/217/217 389/401/401 219/400/400
f 388/402/402 389/401/401 218/217/217
f 394/215/215 388/402/402 218/217/217
f 387/213/213 388/402/402 394/215/215
f 219/400/400 379/404/404 220/403/403
f 378/405/405 379/404/404 219/400/400
f 389/401/401 378/405/405 219/400/400
f 377/406/406 378/405/405 389/401/401
f 390/407/407 377/406/406 389/401/401
f 376/408/408 377/406/406 390/407/407
f 391/409/409 376/408/408 390/407/407
f 241/209/209 376/408/408 391/409/409
f 392/211/211 241/209/209 391/409/409
f 381/199/199 220/403/403 379/404/404
f 221/410/410 220/403/403 381/199/199
f 380/197/197 221/410/410 381/199/199
f 222/195/195 221/410/410 380/197/197
f 251/192/192 224/411/411 223/194/194
f 225/189/189 224/411/411 251/192/192
f 250/187/187 225/189/189 251/192/192
f 345/322/322 336/293/293 201/294/294
f 335/292/292 336/293/293 345/322/322
f 344/320/320 335/292/292 345/322/322
f 334/291/291 335/292/292 344/320/320
f 343/318/318 334/291/291 344/320/320
f 333/290/290 334/291/291 343/318/318
f 342/316/316 333/290/290 343/318/318
f 332/289/289 333/290/290 342/316/316
f 341/314/314 332/289/289 342/316/316
f 331/288/288 332/289/289 341/314/314
f 340/312/312 331/288/288 341/314/314
f 330/287/287 331/288/288 340/312/312
f 339/310/310 330/287/287 340/312/312
f 329/286/286 330/287/287 339/310/310
f 338/295/295 329/286/286 339/310/310
f 259/387/387 240/206/206 260/388/388
f 244/204/204 240/206/206 259/387/387
f 256/412/412 247/198/198 246/200/200
f 255/375/375 247/198/198 256/412/412
f 264/374/374 255/375/375 256/412/412
f 255/375/375 248/196/196 247/198/198
f 253/191/191 262/220/220 261/218/218
f 257/384/384 256/412/412 246/200/200
f 265/413/413 256/412/412 257/384/384
f 266/382/382 265/413/413 257/384/384
f 273/414/414 265/413/413 266/382/382
f 274/380/380 273/414/414 266/382/382
f 279/415/415 273/414/414 274/380/380
f 280/378/378 279/415/415 274/380/380
f 239/376/376 279/415/415 280/378/378
f 264/374/374 256/412/412 265/413/413
f 259/387/387 260/388/388 268/386/386
f 272/373/373 265/413/413 273/414/414
f 264/374/374 265/413/413 272/373/373
f 278/372/372 273/414/414 279/415/415
f 272/373/373 273/414/414 278/372/372
f 281/371/371 279/415/415 239/376/376
f 278/372/372 279/415/415 281/371/371
f 291/370/370 281/371/371 239/376/376
f 306/274/274 312/245/245 311/247/247
f 307/273/273 312/245/245 306/274/274
f 307/273/273 313/243/243 312/245/245
f 349/313/313 356/328/328 348/311/311
f 357/416/416 356/328/328 349/313/313
f 350/315/315 357/416/416 349/313/313
f 358/417/417 357/416/416 350/315/315
f 351/317/317 358/417/417 350/315/315
f 359/418/418 358/417/417 351/317/317
f 352/319/319 359/418/418 351/317/317
f 234/360/360 359/418/418 352/319/319
f 353/321/321 234/360/360 352/319/319
f 357/416/416 360/330/330 356/328/328
f 361/332/332 360/330/330 357/416/416
f 358/417/417 361/332/332 357/416/416
f 362/334/334 361/332/332 358/417/417
f 359/418/418 362/334/334 358/417/417
f 363/336/336 362/334/334 359/418/418
f 234/360/360 363/336/336 359/418/418
f 364/338/338 363/336/336 234/360/360
f 366/335/335 368/353/353 365/333/333
f 369/354/354 368/353/353 366/335/335
f 367/337/337 369/354/354 366/335/335
f 370/342/342 369/354/354 367/337/337
f 233/339/339 370/342/342 367/337/337
f 376/408/408 385/207/207 384/205/205
f 241/209/209 385/207/207 376/408/408
f 377/406/406 384/205/205 383/203/203
f 376/408/408 384/205/205 377/406/406
f 378/405/405 383/203/203 382/201/201
f 377/406/406 383/203/203 378/405/405
f 379/404/404 382/201/201 381/199/199
f 378/405/405 382/201/201 379/404/404
f 387/213/213 392/211/211 391/409/409
f 388/402/402 391/409/409 390/407/407
f 387/213/213 391/409/409 388/402/402
f 388/402/402 390/407/407 389/401/401
f 398/421/421 466/420/420 399/419/419
f 473/422/422 466/420/420 398/421/421
f 439/423/423 473/422/422 398/421/421
f 622/424/424 473/422/422 439/423/423
f 438/425/425 622/424/424 439/423/423
f 618/426/426 622/424/424 438/425/425
f 437/427/427 618/426/426 438/425/425
f 614/428/428 618/426/426 437/427/427
f 436/429/429 614/428/428 437/427/427
f 610/430/430 614/428/428 436/429/429
f 435/431/431 610/430/430 436/429/429
f 606/432/432 610/430/430 435/431/431
f 434/433/433 606/432/432 435/431/431
f 602/434/434 606/432/432 434/433/433
f 433/435/435 602/434/434 434/433/433
f 598/436/436 602/434/434 433/435/435
f 432/437/437 598/436/436 433/435/435
f 594/438/438 598/436/436 432/437/437
f 431/439/439 594/438/438 432/437/437
f 590/440/440 594/438/438 431/439/439
f 430/441/441 590/440/440 431/439/439
f 586/442/442 590/440/440 430/441/441
f 429/443/443 586/442/442 430/441/441
f 582/444/444 586/442/442 429/443/443
f 428/445/445 582/444/444 429/443/443
f 578/446/446 582/444/444 428/445/445
f 427/447/447 578/446/446 428/445/445
f 574/448/448 578/446/446 427/447/447
f 426/449/449 574/448/448 427/447/447
f 570/450/450 574/448/448 426/449/449
f 425/451/451 570/450/450 426/449/449
f 566/452/452 570/450/450 425/451/451
f 424/453/453 566/452/452 425/451/451
f 562/454/454 566/452/452 424/453/453
f 423/455/455 562/454/454 424/453/453
f 558/456/456 562/454/454 423/455/455
f 422/457/457 558/456/456 423/455/455
f 554/458/458 558/456/456 422/457/457
f 421/459/459 554/458/458 422/457/457
f 550/460/460 554/458/458 421/459/459
f 420/461/461 550/460/460 421/459/459
f 462/462/462 550/460/460 420/461/461
f 419/463/463 462/462/462 420/461/461
f 418/466/464 462/465/462 419/464/463
f 546/467/465 462/465/462 418/466/464
f 417/468/466 546/467/465 418/466/464
f 542/469/467 546/467/465 417/468/466
f 416/470/468 542/469/467 417/468/466
f 538/471/469 542/469/467 416/470/468
f 415/472/470 538/471/469 416/470/468
f 534/473/471 538/471/469 415/472/470
f 414/474/472 534/473/471 415/472/470
f 530/475/473 534/473/471 414/474/472
f 413/476/474 530/475/473 414/474/472
f 526/477/475 530/475/473 413/476/474
f 412/478/476 526/477/475 413/476/474
f 522/479/477 526/477/475 412/478/476
f 411/480/478 522/479/477 412/478/476
f 518/481/479 522/479/477 411/480/478
f 410/482/480 518/481/479 411/480/478
f 514/483/481 518/481/479 410/482/480
f 409/484/482 514/483/481 410/482/480
f 510/485/483 514/483/481 409/484/482
f 408/486/484 510/485/483 409/484/482
f 506/487/485 510/485/483 408/486/484
f 407/488/486 506/487/485 408/486/484
f 502/489/487 506/487/485 407/488/486
f 406/490/488 502/489/487 407/488/486
f 498/491/489 502/489/487 406/490/488
f 405/492/490 498/491/489 406/490/488
f 494/493/491 498/491/489 405/492/490
f 404/494/492 494/493/491 405/492/490
f 490/495/493 494/493/491 404/494/492
f 403/496/494 490/495/493 404/494/492
f 486/497/495 490/495/493 403/496/494
f 402/498/496 486/497/495 403/496/494
f 482/499/497 486/497/495 402/498/496
f 401/500/498 482/499/497 402/498/496
f 478/501/499 482/499/497 401/500/498
f 400/502/500 478/501/499 401/500/498
f 474/503/501 478/501/499 400/502/500
f 399/419/419 474/503/501 400/502/500
f 466/420/420 474/503/501 399/419/419
f 461/506/503 215/505/397 440/504/502
f 465/507/504 215/505/397 461/506/503
f 553/508/505 465/507/504 461/506/503
f 464/509/506 465/507/504 553/508/505
f 552/510/507 464/509/506 553/508/505
f 463/511/508 464/509/506 552/510/507
f 551/512/509 463/511/508 552/510/507
f 462/462/462 463/511/508 551/512/509
f 550/460/460 462/462/462 551/512/509
f 465/515/504 214/514/396 215/513/397
f 549/516/510 214/514/396 465/515/504
f 548/517/511 549/516/510 465/515/504
f 544/518/512 549/516/510 548/517/511
f 543/519/513 544/518/512 548/517/511
f 539/520/514 544/518/512 543/519/513
f 538/471/469 539/520/514 543/519/513
f 534/473/471 539/520/514 538/471/469
f 549/516/510 213/521/398 214/514/396
f 545/522/515 213/521/398 549/516/510
f 544/518/512 545/522/515 549/516/510
f 540/523/516 545/522/515 544/518/512
f 539/520/514 540/523/516 544/518/512
f 535/524/517 540/523/516 539/520/514
f 534/473/471 535/524/517 539/520/514
f 530/475/473 535/524/517 534/473/471
f 545/522/515 212/525/390 213/521/398
f 541/526/518 212/525/390 545/522/515
f 540/523/516 541/526/518 545/522/515
f 536/527/519 541/526/518 540/523/516
f 535/524/517 536/527/519 540/523/516
f 531/528/520 536/527/519 535/524/517
f 530/475/473 531/528/520 535/524/517
f 526/477/475 531/528/520 530/475/473
f 541/526/518 211/529/210 212/525/390
f 537/530/521 211/529/210 541/526/518
f 536/527/519 537/530/521 541/526/518
f 532/531/522 537/530/521 536/527/519
f 531/528/520 532/531/522 536/527/519
f 527/532/523 532/531/522 531/528/520
f 526/477/475 527/532/523 531/528/520
f 522/479/477 527/532/523 526/477/475
f 537/530/521 210/533/208 211/529/210
f 533/534/524 210/533/208 537/530/521
f 532/531/522 533/534/524 537/530/521
f 528/535/525 533/534/524 532/531/522
f 527/532/523 528/535/525 532/531/522
f 523/536/526 528/535/525 527/532/523
f 522/479/477 523/536/526 527/532/523
f 518/481/479 523/536/526 522/479/477
f 533/534/524 209/537/389 210/533/208
f 529/538/527 209/537/389 533/534/524
f 528/535/525 529/538/527 533/534/524
f 524/539/528 529/538/527 528/535/525
f 523/536/526 524/539/528 528/535/525
f 519/540/529 524/539/528 523/536/526
f 518/481/479 519/540/529 523/536/526
f 514/483/481 519/540/529 518/481/479
f 529/538/527 208/541/385 209/537/389
f 525/542/530 208/541/385 529/538/527
f 524/539/528 525/542/530 529/538/527
f 520/543/531 525/542/530 524/539/528
f 519/540/529 520/543/531 524/539/528
f 515/544/532 520/543/531 519/540/529
f 514/483/481 515/544/532 519/540/529
f 510/485/483 515/544/532 514/483/481
f 525/542/530 207/545/377 208/541/385
f 521/546/533 207/545/377 525/542/530
f 520/543/531 521/546/533 525/542/530
f 516/547/534 521/546/533 520/543/531
f 515/544/532 516/547/534 520/543/531
f 511/548/535 516/547/534 515/544/532
f 510/485/483 511/548/535 515/544/532
f 506/487/485 511/548/535 510/485/483
f 521/546/533 206/549/369 207/545/377
f 517/550/536 206/549/369 521/546/533
f 516/547/534 517/550/536 521/546/533
f 512/551/537 517/550/536 516/547/534
f 511/548/535 512/551/537 516/547/534
f 507/552/538 512/551/537 511/548/535
f 506/487/485 507/552/538 511/548/535
f 502/489/487 507/552/538 506/487/485
f 517/550/536 205/553/361 206/549/369
f 513/554/539 205/553/361 517/550/536
f 512/551/537 513/554/539 517/550/536
f 508/555/540 513/554/539 512/551/537
f 507/552/538 508/555/540 512/551/537
f 503/556/541 508/555/540 507/552/538
f 502/489/487 503/556/541 507/552/538
f 498/491/489 503/556/541 502/489/487
f 513/554/539 204/557/234 205/553/361
f 509/558/542 204/557/234 513/554/539
f 508/555/540 509/558/542 513/554/539
f 504/559/543 509/558/542 508/555/540
f 503/556/541 504/559/543 508/555/540
f 499/560/544 504/559/543 503/556/541
f 498/491/489 499/560/544 503/556/541
f 494/493/491 499/560/544 498/491/489
f 509/558/542 203/561/236 204/557/234
f 505/562/545 203/561/236 509/558/542
f 504/559/543 505/562/545 509/558/542
f 500/563/546 505/562/545 504/559/543
f 499/560/544 500/563/546 504/559/543
f 495/564/547 500/563/546 499/560/544
f 494/493/491 495/564/547 499/560/544
f 490/495/493 495/564/547 494/493/491
f 505/562/545 202/565/284 203/561/236
f 500/563/546 202/565/284 505/562/545
f 501/566/548 202/565/284 500/563/546
f 201/567/294 202/565/284 501/566/548
f 496/568/549 201/567/294 501/566/548
f 497/569/550 201/567/294 496/568/549
f 492/570/551 497/569/550 496/568/549
f 200/571/323 497/569/550 492/570/551
f 493/572/552 200/571/323 492/570/551
f 199/573/340 200/571/323 493/572/552
f 488/574/553 199/573/340 493/572/552
f 489/575/554 199/573/340 488/574/553
f 484/576/555 489/575/554 488/574/553
f 198/577/341 489/575/554 484/576/555
f 485/578/556 198/577/341 484/576/555
f 197/579/343 198/577/341 485/578/556
f 480/580/557 197/579/343 485/578/556
f 481/581/558 197/579/343 480/580/557
f 476/582/559 481/581/558 480/580/557
f 196/583/359 481/581/558 476/582/559
f 477/584/560 196/583/359 476/582/559
f 195/585/358 196/583/359 477/584/560
f 468/586/561 195/585/358 477/584/560
f 469/587/562 195/585/358 468/586/561
f 471/588/563 469/587/562 468/586/561
f 194/589/355 469/587/562 471/588/563
f 470/590/564 194/589/355 471/588/563
f 441/591/565 194/589/355 470/590/564
f 442/592/566 441/591/565 470/590/564
f 497/569/550 200/571/323 201/567/294
f 489/575/554 198/577/341 199/573/340
f 481/581/558 196/583/359 197/579/343
f 469/587/562 194/589/355 195/585/358
f 625/593/567 442/592/566 470/590/564
f 443/594/568 442/592/566 625/593/567
f 621/595/569 443/594/568 625/593/567
f 444/596/570 443/594/568 621/595/569
f 617/597/571 444/596/570 621/595/569
f 445/598/572 444/596/570 617/597/571
f 613/599/573 445/598/572 617/597/571
f 446/600/574 445/598/572 613/599/573
f 609/601/575 446/600/574 613/599/573
f 447/602/576 446/600/574 609/601/575
f 605/603/577 447/602/576 609/601/575
f 448/604/578 447/602/576 605/603/577
f 601/605/579 448/604/578 605/603/577
f 449/606/580 448/604/578 601/605/579
f 597/607/581 449/606/580 601/605/579
f 450/608/582 449/606/580 597/607/581
f 593/609/583 450/608/582 597/607/581
f 451/610/584 450/608/582 593/609/583
f 589/611/585 451/610/584 593/609/583
f 452/612/586 451/610/584 589/611/585
f 585/613/587 452/612/586 589/611/585
f 453/614/588 452/612/586 585/613/587
f 581/615/589 453/614/588 585/613/587
f 454/616/590 453/614/588 581/615/589
f 577/617/591 454/616/590 581/615/589
f 455/618/592 454/616/590 577/617/591
f 573/619/593 455/618/592 577/617/591
f 456/620/594 455/618/592 573/619/593
f 569/621/595 456/620/594 573/619/593
f 457/622/596 456/620/594 569/621/595
f 565/623/597 457/622/596 569/621/595
f 458/624/598 457/622/596 565/623/597
f 561/625/599 458/624/598 565/623/597
f 459/626/600 458/624/598 561/625/599
f 557/627/601 459/626/600 561/625/599
f 460/628/602 459/626/600 557/627/601
f 553/508/505 460/628/602 557/627/601
f 461/506/503 460/628/602 553/508/505
f 546/467/465 463/629/508 462/465/462
f 547/630/603 463/629/508 546/467/465
f 542/469/467 547/630/603 546/467/465
f 543/519/513 547/630/603 542/469/467
f 538/471/469 543/519/513 542/469/467
f 547/630/603 464/631/506 463/629/508
f 548/517/511 464/631/506 547/630/603
f 543/519/513 548/517/511 547/630/603
f 548/517/511 465/515/504 464/631/506
f 473/422/422 467/632/604 466/420/420
f 472/633/605 467/632/604 473/422/422
f 622/424/424 472/633/605 473/422/422
f 623/634/606 472/633/605 622/424/424
f 618/426/426 623/634/606 622/424/424
f 619/635/607 623/634/606 618/426/426
f 614/428/428 619/635/607 618/426/426
f 615/636/608 619/635/607 614/428/428
f 610/430/430 615/636/608 614/428/428
f 611/637/609 615/636/608 610/430/430
f 606/432/432 611/637/609 610/430/430
f 607/638/610 611/637/609 606/432/432
f 602/434/434 607/638/610 606/432/432
f 603/639/611 607/638/610 602/434/434
f 598/436/436 603/639/611 602/434/434
f 599/640/612 603/639/611 598/436/436
f 594/438/438 599/640/612 598/436/436
f 595/641/613 599/640/612 594/438/438
f 590/440/440 595/641/613 594/438/438
f 591/642/614 595/641/613 590/440/440
f 586/442/442 591/642/614 590/440/440
f 587/643/615 591/642/614 586/442/442
f 582/444/444 587/643/615 586/442/442
f 583/644/616 587/643/615 582/444/444
f 578/446/446 583/644/616 582/444/444
f 579/645/617 583/644/616 578/446/446
f 574/448/448 579/645/617 578/446/446
f 575/646/618 579/645/617 574/448/448
f 570/450/450 575/646/618 574/448/448
f 571/647/619 575/646/618 570/450/450
f 566/452/452 571/647/619 570/450/450
f 567/648/620 571/647/619 566/452/452
f 562/454/454 567/648/620 566/452/452
f 563/649/621 567/648/620 562/454/454
f 558/456/456 563/649/621 562/454/454
f 559/650/622 563/649/621 558/456/456
f 554/458/458 559/650/622 558/456/456
f 555/651/623 559/650/622 554/458/458
f 550/460/460 555/651/623 554/458/458
f 551/512/509 555/651/623 550/460/460
f 472/633/605 468/586/561 467/632/604
f 471/588/563 468/586/561 472/633/605
f 623/634/606 471/588/563 472/633/605
f 624/652/624 471/588/563 623/634/606
f 619/635/607 624/652/624 623/634/606
f 620/653/625 624/652/624 619/635/607
f 615/636/608 620/653/625 619/635/607
f 616/654/626 620/653/625 615/636/608
f 611/637/609 616/654/626 615/636/608
f 612/655/627 616/654/626 611/637/609
f 607/638/610 612/655/627 611/637/609
f 608/656/628 612/655/627 607/638/610
f 603/639/611 608/656/628 607/638/610
f 604/657/629 608/656/628 603/639/611
f 599/640/612 604/657/629 603/639/611
f 600/658/630 604/657/629 599/640/612
f 595/641/613 600/658/630 599/640/612
f 596/659/631 600/658/630 595/641/613
f 591/642/614 596/659/631 595/641/613
f 592/660/632 596/659/631 591/642/614
f 587/643/615 592/660/632 591/642/614
f 588/661/633 592/660/632 587/643/615
f 583/644/616 588/661/633 587/643/615
f 584/662/634 588/661/633 583/644/616
f 579/645/617 584/662/634 583/644/616
f 580/663/635 584/662/634 579/645/617
f 575/646/618 580/663/635 579/645/617
f 576/664/636 580/663/635 575/646/618
f 571/647/619 576/664/636 575/646/618
f 572/665/637 576/664/636 571/647/619
f 567/648/620 572/665/637 571/647/619
f 568/666/638 572/665/637 567/648/620
f 563/649/621 568/666/638 567/648/620
f 564/667/639 568/666/638 563/649/621
f 559/650/622 564/667/639 563/649/621
f 560/668/640 564/667/639 559/650/622
f 555/651/623 560/668/640 559/650/622
f 556/669/641 560/668/640 555/651/623
f 551/512/509 556/669/641 555/651/623
f 552/510/507 556/669/641 551/512/509
f 475/670/642 466/420/420 467/632/604
f 474/503/501 466/420/420 475/670/642
f 479/671/643 474/503/501 475/670/642
f 478/501/499 474/503/501 479/671/643
f 483/672/644 478/501/499 479/671/643
f 482/499/497 478/501/499 483/672/644
f 487/673/645 482/499/497 483/672/644
f 486/497/495 482/499/497 487/673/645
f 491/674/646 486/497/495 487/673/645
f 490/495/493 486/497/495 491/674/646
f 495/564/547 490/495/493 491/674/646
f 476/582/559 467/632/604 468/586/561
f 475/670/642 467/632/604 476/582/559
f 480/580/557 475/670/642 476/582/559
f 479/671/643 475/670/642 480/580/557
f 484/576/555 479/671/643 480/580/557
f 483/672/644 479/671/643 484/576/555
f 488/574/553 483/672/644 484/576/555
f 487/673/645 483/672/644 488/574/553
f 492/570/551 487/673/645 488/574/553
f 491/674/646 487/673/645 492/570/551
f 496/568/549 491/674/646 492/570/551
f 495/564/547 491/674/646 496/568/549
f 500/563/546 495/564/547 496/568/549
f 470/590/564 471/588/563 624/652/624
f 468/586/561 477/584/560 476/582/559
f 484/576/555 480/580/557 485/578/556
f 492/570/551 488/574/553 493/572/552
f 500/563/546 496/568/549 501/566/548
f 552/510/507 553/508/505 557/627/601
f 556/669/641 552/510/507 557/627/601
f 556/669/641 557/627/601 561/625/599
f 560/668/640 556/669/641 561/625/599
f 560/668/640 561/625/599 565/623/597
f 564/667/639 560/668/640 565/623/597
f 564/667/639 565/623/597 569/621/595
f 568/666/638 564/667/639 569/621/595
f 568/666/638 569/621/595 573/619/593
f 572/665/637 568/666/638 573/619/593
f 572/665/637 573/619/593 577/617/591
f 576/664/636 572/665/637 577/617/591
f 576/664/636 577/617/591 581/615/589
f 580/663/635 576/664/636 581/615/589
f 580/663/635 581/615/589 585/613/587
f 584/662/634 580/663/635 585/613/587
f 584/662/634 585/613/587 589/611/585
f 588/661/633 584/662/634 589/611/585
f 588/661/633 589/611/585 593/609/583
f 592/660/632 588/661/633 593/609/583
f 592/660/632 593/609/583 597/607/581
f 596/659/631 592/660/632 597/607/581
f 596/659/631 597/607/581 601/605/579
f 600/658/630 596/659/631 601/605/579
f 600/658/630 601/605/579 605/603/577
f 604/657/629 600/658/630 605/603/577
f 604/657/629 605/603/577 609/601/575
f 608/656/628 604/657/629 609/601/575
f 608/656/628 609/601/575 613/599/573
f 612/655/627 608/656/628 613/599/573
f 612/655/627 613/599/573 617/597/571
f 616/654/626 612/655/627 617/597/571
f 616/654/626 617/597/571 621/595/569
f 620/653/625 616/654/626 621/595/569
f 620/653/625 621/595/569 625/593/567
f 624/652/624 620/653/625 625/593/567
f 624/652/624 625/593/567 470/590/564
f 662/677/649 626/676/648 656/675/647
f 627/678/650 626/676/648 662/677/649
f 628/679/651 627/678/650 662/677/649
f 661/680/652 628/679/651 662/677/649
f 629/681/653 628/679/651 661/680/652
f 660/682/654 629/681/653 661/680/652
f 630/683/655 629/681/653 660/682/654
f 659/684/656 630/683/655 660/682/654
f 631/685/657 630/683/655 659/684/656
f 658/686/658 631/685/657 659/684/656
f 632/687/659 631/685/657 658/686/658
f 657/688/660 632/687/659 658/686/658
f 633/689/661 632/687/659 657/688/660
f 634/690/662 633/689/661 657/688/660
f 663/691/663 634/690/662 657/688/660
f 635/692/664 634/690/662 663/691/663
f 669/693/665 635/692/664 663/691/663
f 636/694/666 635/692/664 669/693/665
f 675/695/667 636/694/666 669/693/665
f 637/696/668 636/694/666 675/695/667
f 681/697/669 637/696/668 675/695/667
f 638/698/670 637/696/668 681/697/669
f 687/699/671 638/698/670 681/697/669
f 639/700/672 638/698/670 687/699/671
f 693/701/673 639/700/672 687/699/671
f 640/702/674 639/700/672 693/701/673
f 699/703/675 640/702/674 693/701/673
f 641/704/676 640/702/674 699/703/675
f 705/705/677 641/704/676 699/703/675
f 642/706/678 641/704/676 705/705/677
f 643/707/679 642/706/678 705/705/677
f 705/705/677 644/708/680 643/707/679
f 706/709/681 644/708/680 705/705/677
f 699/703/675 706/709/681 705/705/677
f 700/710/682 706/709/681 699/703/675
f 693/701/673 700/710/682 699/703/675
f 694/711/683 700/710/682 693/701/673
f 687/699/671 694/711/683 693/701/673
f 688/712/684 694/711/683 687/699/671
f 681/697/669 688/712/684 687/699/671
f 682/713/685 688/712/684 681/697/669
f 675/695/667 682/713/685 681/697/669
f 676/714/686 682/713/685 675/695/667
f 669/693/665 676/714/686 675/695/667
f 670/715/687 676/714/686 669/693/665
f 663/691/663 670/715/687 669/693/665
f 664/716/688 670/715/687 663/691/663
f 657/688/660 664/716/688 663/691/663
f 658/686/658 664/716/688 657/688/660
f 706/709/681 645/717/689 644/708/680
f 707/718/690 645/717/689 706/709/681
f 700/710/682 707/718/690 706/709/681
f 701/719/691 707/718/690 700/710/682
f 694/711/683 701/719/691 700/710/682
f 695/720/692 701/719/691 694/711/683
f 688/712/684 695/720/692 694/711/683
f 689/721/693 695/720/692 688/712/684
f 682/713/685 689/721/693 688/712/684
f 683/722/694 689/721/693 682/713/685
f 676/714/686 683/722/694 682/713/685
f 677/723/695 683/722/694 676/714/686
f 670/715/687 677/723/695 676/714/686
f 671/724/696 677/723/695 670/715/687
f 664/716/688 671/724/696 670/715/687
f 665/725/697 671/724/696 664/716/688
f 658/686/658 665/725/697 664/716/688
f 659/684/656 665/725/697 658/686/658
f 707/718/690 646/726/698 645/717/689
f 708/727/699 646/726/698 707/718/690
f 701/719/691 708/727/699 707/718/690
f 702/728/700 708/727/699 701/719/691
f 695/720/692 702/728/700 701/719/691
f 696/729/701 702/728/700 695/720/692
f 689/721/693 696/729/701 695/720/692
f 690/730/702 696/729/701 689/721/693
f 683/722/694 690/730/702 689/721/693
f 684/731/703 690/730/702 683/722/694
f 677/723/695 684/731/703 683/722/694
f 678/732/704 684/731/703 677/723/695
f 671/724/696 678/732/704 677/723/695
f 672/733/705 678/732/704 671/724/696
f 665/725/697 672/733/705 671/724/696
f 666/734/706 672/733/705 665/725/697
f 659/684/656 666/734/706 665/725/697
f 660/682/654 666/734/706 659/684/656
f 708/727/699 647/735/707 646/726/698
f 709/736/708 647/735/707 708/727/699
f 702/728/700 709/736/708 708/727/699
f 703/737/709 709/736/708 702/728/700
f 696/729/701 703/737/709 702/728/700
f 697/738/710 703/737/709 696/729/701
f 690/730/702 697/738/710 696/729/701
f 691/739/711 697/738/710 690/730/702
f 684/731/703 691/739/711 690/730/702
f 685/740/712 691/739/711 684/731/703
f 678/732/704 685/740/712 684/731/703
f 679/741/713 685/740/712 678/732/704
f 672/733/705 679/741/713 678/732/704
f 673/742/714 679/741/713 672/733/705
f 666/734/706 673/742/714 672/733/705
f 667/743/715 673/742/714 666/734/706
f 660/682/654 667/743/715 666/734/706
f 661/680/652 667/743/715 660/682/654
f 709/736/708 648/744/716 647/735/707
f 710/745/717 648/744/716 709/736/708
f 703/737/709 710/745/717 709/736/708
f 704/746/718 710/745/717 703/737/709
f 697/738/710 704/746/718 703/737/709
f 698/747/719 704/746/718 697/738/710
f 691/739/711 698/747/719 697/738/710
f 692/748/720 698/747/719 691/739/711
f 685/740/712 692/748/720 691/739/711
f 686/749/721 692/748/720 685/740/712
f 679/741/713 686/749/721 685/740/712
f 680/750/722 686/749/721 679/741/713
f 673/742/714 680/750/722 679/741/713
f 674/751/723 680/750/722 673/742/714
f 667/743/715 674/751/723 673/742/714
f 668/752/724 674/751/723 667/743/715
f 661/680/652 668/752/724 667/743/715
f 662/677/649 668/752/724 661/680/652
f 710/745/717 649/753/725 648/744/716
f 650/754/726 649/753/725 710/745/717
f 704/746/718 650/754/726 710/745/717
f 651/755/727 650/754/726 704/746/718
f 698/747/719 651/755/727 704/746/718
f 652/756/728 651/755/727 698/747/719
f 692/748/720 652/756/728 698/747/719
f 653/757/729 652/756/728 692/748/720
f 686/749/721 653/757/729 692/748/720
f 680/750/722 653/757/729 686/749/721
f 680/750/722 654/758/730 653/757/729
f 674/751/723 654/758/730 680/750/722
f 674/751/723 655/759/731 654/758/730
f 668/752/724 655/759/731 674/751/723
f 668/752/724 656/675/647 655/759/731
f 662/677/649 656/675/647 668/752/724
f 852/762/734 711/761/733 844/760/732
f 712/763/735 711/761/733 852/762/734
f 713/764/736 712/763/735 852/762/734
f 851/765/737 713/764/736 852/762/734
f 714/766/738 713/764/736 851/765/737
f 850/767/739 714/766/738 851/765/737
f 715/768/740 714/766/738 850/767/739
f 849/769/741 715/768/740 850/767/739
f 716/770/742 715/768/740 849/769/741
f 848/771/743 716/770/742 849/769/741
f 717/772/744 716/770/742 848/771/743
f 847/773/745 717/772/744 848/771/743
f 718/774/746 717/772/744 847/773/745
f 719/775/747 718/774/746 847/773/745
f 853/776/748 719/775/747 847/773/745
f 720/777/749 719/775/747 853/776/748
f 859/778/750 720/777/749 853/776/748
f 721/779/751 720/777/749 859/778/750
f 865/780/752 721/779/751 859/778/750
f 722/781/753 721/779/751 865/780/752
f 871/782/754 722/781/753 865/780/752
f 723/783/755 722/781/753 871/782/754
f 877/784/756 723/783/755 871/782/754
f 724/785/757 723/783/755 877/784/756
f 883/786/758 724/785/757 877/784/756
f 725/787/759 724/785/757 883/786/758
f 889/788/760 725/787/759 883/786/758
f 726/789/761 725/787/759 889/788/760
f 895/790/762 726/789/761 889/788/760
f 727/791/763 726/789/761 895/790/762
f 901/792/764 727/791/763 895/790/762
f 728/793/765 727/791/763 901/792/764
f 907/794/766 728/793/765 901/792/764
f 729/795/767 728/793/765 907/794/766
f 913/796/768 729/795/767 907/794/766
f 730/797/769 729/795/767 913/796/768
f 919/798/770 730/797/769 913/796/768
f 731/799/771 730/797/769 919/798/770
f 925/800/772 731/799/771 919/798/770
f 732/801/773 731/799/771 925/800/772
f 931/802/774 732/801/773 925/800/772
f 733/803/775 732/801/773 931/802/774
f 937/804/776 733/803/775 931/802/774
f 734/805/777 733/803/775 937/804/776
f 943/806/778 734/805/777 937/804/776
f 735/807/779 734/805/777 943/806/778
f 948/808/780 735/807/779 943/806/778
f 736/809/781 735/807/779 948/808/780
f 954/810/782 736/809/781 948/808/780
f 737/811/783 736/809/781 954/810/782
f 960/812/784 737/811/783 954/810/782
f 738/813/785 737/811/783 960/812/784
f 966/814/786 738/813/785 960/812/784
f 739/815/787 738/813/785 966/814/786
f 972/816/788 739/815/787 966/814/786
f 740/817/789 739/815/787 972/816/788
f 978/818/790 740/817/789 972/816/788
f 741/819/791 740/817/789 978/818/790
f 984/820/792 741/819/791 978/818/790
f 742/821/793 741/819/791 984/820/792
f 990/822/794 742/821/793 984/820/792
f 743/823/795 742/821/793 990/822/794
f 996/824/796 743/823/795 990/822/794
f 744/825/797 743/823/795 996/824/796
f 1002/826/798 744/825/797 996/824/796
f 745/827/799 744/825/797 1002/826/798
f 1008/828/800 745/827/799 1002/826/798
f 746/829/801 745/827/799 1008/828/800
f 1014/830/802 746/829/801 1008/828/800
f 747/831/803 746/829/801 1014/830/802
f 1020/832/804 747/831/803 1014/830/802
f 748/833/805 747/831/803 1020/832/804
f 1026/834/806 748/833/805 1020/832/804
f 749/835/807 748/833/805 1026/834/806
f 1032/836/808 749/835/807 1026/834/806
f 750/837/809 749/835/807 1032/836/808
f 1038/838/810 750/837/809 1032/836/808
f 751/839/811 750/837/809 1038/838/810
f 1044/840/812 751/839/811 1038/838/810
f 752/841/813 751/839/811 1044/840/812
f 1050/842/814 752/841/813 1044/840/812
f 753/843/815 752/841/813 1050/842/814
f 1056/844/816 753/843/815 1050/842/814
f 754/845/817 753/843/815 1056/844/816
f 1062/846/818 754/845/817 1056/844/816
f 755/847/819 754/845/817 1062/846/818
f 1068/848/820 755/847/819 1062/846/818
f 756/849/821 755/847/819 1068/848/820
f 1074/850/822 756/849/821 1068/848/820
f 757/851/823 756/849/821 1074/850/822
f 1080/852/824 757/851/823 1074/850/822
f 758/853/825 757/851/823 1080/852/824
f 1086/854/826 758/853/825 1080/852/824
f 759/855/827 758/853/825 1086/854/826
f 1092/856/828 759/855/827 1086/854/826
f 760/857/829 759/855/827 1092/856/828
f 1098/858/830 760/857/829 1092/856/828
f 761/859/831 760/857/829 1098/858/830
f 1104/860/832 761/859/831 1098/858/830
f 762/861/833 761/859/831 1104/860/832
f 1110/862/834 762/861/833 1104/860/832
f 763/863/835 762/861/833 1110/862/834
f 1116/864/836 763/863/835 1110/862/834
f 764/865/837 763/863/835 1116/864/836
f 1122/866/838 764/865/837 1116/864/836
f 765/867/839 764/865/837 1122/866/838
f 1128/868/840 765/867/839 1122/866/838
f 766/869/841 765/867/839 1128/868/840
f 1134/870/842 766/869/841 1128/868/840
f 767/871/843 766/869/841 1134/870/842
f 1140/872/844 767/871/843 1134/870/842
f 768/873/845 767/871/843 1140/872/844
f 1145/874/846 768/873/845 1140/872/844
f 769/875/847 768/873/845 1145/874/846
f 1151/876/848 769/875/847 1145/874/846
f 770/877/849 769/875/847 1151/876/848
f 1157/878/850 770/877/849 1151/876/848
f 771/879/851 770/877/849 1157/878/850
f 1163/880/852 771/879/851 1157/878/850
f 772/881/853 771/879/851 1163/880/852
f 1169/882/854 772/881/853 1163/880/852
f 773/883/855 772/881/853 1169/882/854
f 1175/884/856 773/883/855 1169/882/854
f 774/885/857 773/883/855 1175/884/856
f 1181/886/858 774/885/857 1175/884/856
f 775/887/859 774/885/857 1181/886/858
f 1187/888/860 775/887/859 1181/886/858
f 776/889/861 775/887/859 1187/888/860
f 1193/890/862 776/889/861 1187/888/860
f 777/891/863 776/889/861 1193/890/862
f 1199/892/864 777/891/863 1193/890/862
f 778/893/865 777/891/863 1199/892/864
f 1205/894/866 778/893/865 1199/892/864
f 779/895/867 778/893/865 1205/894/866
f 1211/896/868 779/895/867 1205/894/866
f 780/897/869 779/895/867 1211/896/868
f 1217/898/870 780/897/869 1211/896/868
f 781/899/871 780/897/869 1217/898/870
f 1223/900/872 781/899/871 1217/898/870
f 782/901/873 781/899/871 1223/900/872
f 1229/902/874 782/901/873 1223/900/872
f 783/903/875 782/901/873 1229/902/874
f 648/904/716 783/903/875 1229/902/874
f 649/905/725 783/903/875 648/904/716
f 1229/902/874 647/906/707 648/904/716
f 1230/907/876 647/906/707 1229/902/874
f 1223/900/872 1230/907/876 1229/902/874
f 1224/908/877 1230/907/876 1223/900/872
f 1217/898/870 1224/908/877 1223/900/872
f 1218/909/878 1224/908/877 1217/898/870
f 1211/896/868 1218/909/878 1217/898/870
f 1212/910/879 1218/909/878 1211/896/868
f 1205/894/866 1212/910/879 1211/896/868
f 1206/911/880 1212/910/879 1205/894/866
f 1199/892/864 1206/911/880 1205/894/866
f 1200/912/881 1206/911/880 1199/892/864
f 1193/890/862 1200/912/881 1199/892/864
f 1194/913/882 1200/912/881 1193/890/862
f 1187/888/860 1194/913/882 1193/890/862
f 1188/914/883 1194/913/882 1187/888/860
f 1181/886/858 1188/914/883 1187/888/860
f 1182/915/884 1188/914/883 1181/886/858
f 1175/884/856 1182/915/884 1181/886/858
f 1176/916/885 1182/915/884 1175/884/856
f 1169/882/854 1176/916/885 1175/884/856
f 1170/917/886 1176/916/885 1169/882/854
f 1163/880/852 1170/917/886 1169/882/854
f 1164/918/887 1170/917/886 1163/880/852
f 1157/878/850 1164/918/887 1163/880/852
f 1158/919/888 1164/918/887 1157/878/850
f 1151/876/848 1158/919/888 1157/878/850
f 1152/920/889 1158/919/888 1151/876/848
f 1145/874/846 1152/920/889 1151/876/848
f 1146/921/890 1152/920/889 1145/874/846
f 1140/872/844 1146/921/890 1145/874/846
f 1141/922/891 1146/921/890 1140/872/844
f 1134/870/842 1141/922/891 1140/872/844
f 1135/923/892 1141/922/891 1134/870/842
f 1128/868/840 1135/923/892 1134/870/842
f 1129/924/893 1135/923/892 1128/868/840
f 1122/866/838 1129/924/893 1128/868/840
f 1123/925/894 1129/924/893 1122/866/838
f 1116/864/836 1123/925/894 1122/866/838
f 1117/926/895 1123/925/894 1116/864/836
f 1110/862/834 1117/926/895 1116/864/836
f 1111/927/896 1117/926/895 1110/862/834
f 1104/860/832 1111/927/896 1110/862/834
f 1105/928/897 1111/927/896 1104/860/832
f 1098/858/830 1105/928/897 1104/860/832
f 1099/929/898 1105/928/897 1098/858/830
f 1092/856/828 1099/929/898 1098/858/830
f 1093/930/899 1099/929/898 1092/856/828
f 1086/854/826 1093/930/899 1092/856/828
f 1087/931/900 1093/930/899 1086/854/826
f 1080/852/824 1087/931/900 1086/854/826
f 1081/932/901 1087/931/900 1080/852/824
f 1074/850/822 1081/932/901 1080/852/824
f 1075/933/902 1081/932/901 1074/850/822
f 1068/848/820 1075/933/902 1074/850/822
f 1069/934/903 1075/933/902 1068/848/820
f 1062/846/818 1069/934/903 1068/848/820
f 1063/935/904 1069/934/903 1062/846/818
f 1056/844/816 1063/935/904 1062/846/818
f 1057/936/905 1063/935/904 1056/844/816
f 1050/842/814 1057/936/905 1056/844/816
f 1051/937/906 1057/936/905 1050/842/814
f 1044/840/812 1051/937/906 1050/842/814
f 1045/938/907 1051/937/906 1044/840/812
f 1038/838/810 1045/938/907 1044/840/812
f 1039/939/908 1045/938/907 1038/838/810
f 1032/836/808 1039/939/908 1038/838/810
f 1033/940/909 1039/939/908 1032/836/808
f 1026/834/806 1033/940/909 1032/836/808
f 1027/941/910 1033/940/909 1026/834/806
f 1020/832/804 1027/941/910 1026/834/806
f 1021/942/911 1027/941/910 1020/832/804
f 1014/830/802 1021/942/911 1020/832/804
f 1015/943/912 1021/942/911 1014/830/802
f 1008/828/800 1015/943/912 1014/830/802
f 1009/944/913 1015/943/912 1008/828/800
f 1002/826/798 1009/944/913 1008/828/800
f 1003/945/914 1009/944/913 1002/826/798
f 996/824/796 1003/945/914 1002/826/798
f 997/946/915 1003/945/914 996/824/796
f 990/822/794 997/946/915 996/824/796
f 991/947/916 997/946/915 990/822/794
f 984/820/792 991/947/916 990/822/794
f 985/948/917 991/947/916 984/820/792
f 978/818/790 985/948/917 984/820/792
f 979/949/918 985/948/917 978/818/790
f 972/816/788 979/949/918 978/818/790
f 973/950/919 979/949/918 972/816/788
f 966/814/786 973/950/919 972/816/788
f 967/951/920 973/950/919 966/814/786
f 960/812/784 967/951/920 966/814/786
f 961/952/921 967/951/920 960/812/784
f 954/810/782 961/952/921 960/812/784
f 955/953/922 961/952/921 954/810/782
f 948/808/780 955/953/922 954/810/782
f 949/954/923 955/953/922 948/808/780
f 943/806/778 949/954/923 948/808/780
f 944/955/924 949/954/923 943/806/778
f 937/804/776 944/955/924 943/806/778
f 938/956/925 944/955/924 937/804/776
f 931/802/774 938/956/925 937/804/776
f 932/957/926 938/956/925 931/802/774
f 925/800/772 932/957/926 931/802/774
f 926/958/927 932/957/926 925/800/772
f 919/798/770 926/958/927 925/800/772
f 920/959/928 926/958/927 919/798/770
f 913/796/768 920/959/928 919/798/770
f 914/960/929 920/959/928 913/796/768
f 907/794/766 914/960/929 913/796/768
f 908/961/930 914/960/929 907/794/766
f 901/792/764 908/961/930 907/794/766
f 902/962/931 908/961/930 901/792/764
f 895/790/762 902/962/931 901/792/764
f 896/963/932 902/962/931 895/790/762
f 889/788/760 896/963/932 895/790/762
f 890/964/933 896/963/932 889/788/760
f 883/786/758 890/964/933 889/788/760
f 884/965/934 890/964/933 883/786/758
f 877/784/756 884/965/934 883/786/758
f 878/966/935 884/965/934 877/784/756
f 871/782/754 878/966/935 877/784/756
f 872/967/936 878/966/935 871/782/754
f 865/780/752 872/967/936 871/782/754
f 866/968/937 872/967/936 865/780/752
f 859/778/750 866/968/937 865/780/752
f 860/969/938 866/968/937 859/778/750
f 853/776/748 860/969/938 859/778/750
f 854/970/939 860/969/938 853/776/748
f 847/773/745 854/970/939 853/776/748
f 848/771/743 854/970/939 847/773/745
f 1230/907/876 646/971/698 647/906/707
f 1231/972/940 646/971/698 1230/907/876
f 1224/908/877 1231/972/940 1230/907/876
f 1225/973/941 1231/972/940 1224/908/877
f 1218/909/878 1225/973/941 1224/908/877
f 1219/974/942 1225/973/941 1218/909/878
f 1212/910/879 1219/974/942 1218/909/878
f 1213/975/943 1219/974/942 1212/910/879
f 1206/911/880 1213/975/943 1212/910/879
f 1207/976/944 1213/975/943 1206/911/880
f 1200/912/881 1207/976/944 1206/911/880
f 1201/977/945 1207/976/944 1200/912/881
f 1194/913/882 1201/977/945 1200/912/881
f 1195/978/946 1201/977/945 1194/913/882
f 1188/914/883 1195/978/946 1194/913/882
f 1189/979/947 1195/978/946 1188/914/883
f 1182/915/884 1189/979/947 1188/914/883
f 1183/980/948 1189/979/947 1182/915/884
f 1176/916/885 1183/980/948 1182/915/884
f 1177/981/949 1183/980/948 1176/916/885
f 1170/917/886 1177/981/949 1176/916/885
f 1171/982/950 1177/981/949 1170/917/886
f 1164/918/887 1171/982/950 1170/917/886
f 1165/983/951 1171/982/950 1164/918/887
f 1158/919/888 1165/983/951 1164/918/887
f 1159/984/952 1165/983/951 1158/919/888
f 1152/920/889 1159/984/952 1158/919/888
f 1153/985/953 1159/984/952 1152/920/889
f 1146/921/890 1153/985/953 1152/920/889
f 1147/986/954 1153/985/953 1146/921/890
f 1141/922/891 1147/986/954 1146/921/890
f 1142/987/955 1147/986/954 1141/922/891
f 1135/923/892 1142/987/955 1141/922/891
f 1136/988/956 1142/987/955 1135/923/892
f 1129/924/893 1136/988/956 1135/923/892
f 1130/989/957 1136/988/956 1129/924/893
f 1123/925/894 1130/989/957 1129/924/893
f 1124/990/958 1130/989/957 1123/925/894
f 1117/926/895 1124/990/958 1123/925/894
f 1118/991/959 1124/990/958 1117/926/895
f 1111/927/896 1118/991/959 1117/926/895
f 1112/992/960 1118/991/959 1111/927/896
f 1105/928/897 1112/992/960 1111/927/896
f 1106/993/961 1112/992/960 1105/928/897
f 1099/929/898 1106/993/961 1105/928/897
f 1100/994/962 1106/993/961 1099/929/898
f 1093/930/899 1100/994/962 1099/929/898
f 1094/995/963 1100/994/962 1093/930/899
f 1087/931/900 1094/995/963 1093/930/899
f 1088/996/964 1094/995/963 1087/931/900
f 1081/932/901 1088/996/964 1087/931/900
f 1082/997/965 1088/996/964 1081/932/901
f 1075/933/902 1082/997/965 1081/932/901
f 1076/998/966 1082/997/965 1075/933/902
f 1069/934/903 1076/998/966 1075/933/902
f 1070/999/967 1076/998/966 1069/934/903
f 1063/935/904 1070/999/967 1069/934/903
f 1064/1000/968 1070/999/967 1063/935/904
f 1057/936/905 1064/1000/968 1063/935/904
f 1058/1001/969 1064/1000/968 1057/936/905
f 1051/937/906 1058/1001/969 1057/936/905
f 1052/1002/970 1058/1001/969 1051/937/906
f 1045/938/907 1052/1002/970 1051/937/906
f 1046/1003/971 1052/1002/970 1045/938/907
f 1039/939/908 1046/1003/971 1045/938/907
f 1040/1004/972 1046/1003/971 1039/939/908
f 1033/940/909 1040/1004/972 1039/939/908
f 1034/1005/973 1040/1004/972 1033/940/909
f 1027/941/910 1034/1005/973 1033/940/909
f 1028/1006/974 1034/1005/973 1027/941/910
f 1021/942/911 1028/1006/974 1027/941/910
f 1022/1007/975 1028/1006/974 1021/942/911
f 1015/943/912 1022/1007/975 1021/942/911
f 1016/1008/976 1022/1007/975 1015/943/912
f 1009/944/913 1016/1008/976 1015/943/912
f 1010/1009/977 1016/1008/976 1009/944/913
f 1003/945/914 1010/1009/977 1009/944/913
f 1004/1010/978 1010/1009/977 1003/945/914
f 997/946/915 1004/1010/978 1003/945/914
f 998/1011/979 1004/1010/978 997/946/915
f 991/947/916 998/1011/979 997/946/915
f 992/1012/980 998/1011/979 991/947/916
f 985/948/917 992/1012/980 991/947/916
f 986/1013/981 992/1012/980 985/948/917
f 979/949/918 986/1013/981 985/948/917
f 980/1014/982 986/1013/981 979/949/918
f 973/950/919 980/1014/982 979/949/918
f 974/1015/983 980/1014/982 973/950/919
f 967/951/920 974/1015/983 973/950/919
f 968/1016/984 974/1015/983 967/951/920
f 961/952/921 968/1016/984 967/951/920
f 962/1017/985 968/1016/984 961/952/921
f 955/953/922 962/1017/985 961/952/921
f 956/1018/986 962/1017/985 955/953/922
f 949/954/923 956/1018/986 955/953/922
f 950/1019/987 956/1018/986 949/954/923
f 944/955/924 950/1019/987 949/954/923
f 945/1020/988 950/1019/987 944/955/924
f 938/956/925 945/1020/988 944/955/924
f 939/1021/989 945/1020/988 938/956/925
f 932/957/926 939/1021/989 938/956/925
f 933/1022/990 939/1021/989 932/957/926
f 926/958/927 933/1022/990 932/957/926
f 927/1023/991 933/1022/990 926/958/927
f 920/959/928 927/1023/991 926/958/927
f 921/1024/992 927/1023/991 920/959/928
f 914/960/929 921/1024/992 920/959/928
f 915/1025/993 921/1024/992 914/960/929
f 908/961/930 915/1025/993 914/960/929
f 909/1026/994 915/1025/993 908/961/930
f 902/962/931 909/1026/994 908/961/930
f 903/1027/995 909/1026/994 902/962/931
f 896/963/932 903/1027/995 902/962/931
f 897/1028/996 903/1027/995 896/963/932
f 890/964/933 897/1028/996 896/963/932
f 891/1029/997 897/1028/996 890/964/933
f 884/965/934 891/1029/997 890/964/933
f 885/1030/998 891/1029/997 884/965/934
f 878/966/935 885/1030/998 884/965/934
f 879/1031/999 885/1030/998 878/966/935
f 872/967/936 879/1031/999 878/966/935
f 873/1032/1000 879/1031/999 872/967/936
f 866/968/937 873/1032/1000 872/967/936
f 867/1033/1001 873/1032/1000 866/968/937
f 860/969/938 867/1033/1001 866/968/937
f 861/1034/1002 867/1033/1001 860/969/938
f 854/970/939 861/1034/1002 860/969/938
f 855/1035/1003 861/1034/1002 854/970/939
f 848/771/743 855/1035/1003 854/970/939
f 849/769/741 855/1035/1003 848/771/743
f 1231/972/940 645/1036/689 646/971/698
f 1232/1037/1004 645/1036/689 1231/972/940
f 1225/973/941 1232/1037/1004 1231/972/940
f 1226/1038/1005 1232/1037/1004 1225/973/941
f 1219/974/942 1226/1038/1005 1225/973/941
f 1220/1039/1006 1226/1038/1005 1219/974/942
f 1213/975/943 1220/1039/1006 1219/974/942
f 1214/1040/1007 1220/1039/1006 1213/975/943
f 1207/976/944 1214/1040/1007 1213/975/943
f 1208/1041/1008 1214/1040/1007 1207/976/944
f 1201/977/945 1208/1041/1008 1207/976/944
f 1202/1042/1009 1208/1041/1008 1201/977/945
f 1195/978/946 1202/1042/1009 1201/977/945
f 1196/1043/1010 1202/1042/1009 1195/978/946
f 1189/979/947 1196/1043/1010 1195/978/946
f 1190/1044/1011 1196/1043/1010 1189/979/947
f 1183/980/948 1190/1044/1011 1189/979/947
f 1184/1045/1012 1190/1044/1011 1183/980/948
f 1177/981/949 1184/1045/1012 1183/980/948
f 1178/1046/1013 1184/1045/1012 1177/981/949
f 1171/982/950 1178/1046/1013 1177/981/949
f 1172/1047/1014 1178/1046/1013 1171/982/950
f 1165/983/951 1172/1047/1014 1171/982/950
f 1166/1048/1015 1172/1047/1014 1165/983/951
f 1159/984/952 1166/1048/1015 1165/983/951
f 1160/1049/1016 1166/1048/1015 1159/984/952
f 1153/985/953 1160/1049/1016 1159/984/952
f 1154/1050/1017 1160/1049/1016 1153/985/953
f 1147/986/954 1154/1050/1017 1153/985/953
f 1148/1051/1018 1154/1050/1017 1147/986/954
f 1142/987/955 1148/1051/1018 1147/986/954
f 1143/1052/1019 1148/1051/1018 1142/987/955
f 1136/988/956 1143/1052/1019 1142/987/955
f 1137/1053/1020 1143/1052/1019 1136/988/956
f 1130/989/957 1137/1053/1020 1136/988/956
f 1131/1054/1021 1137/1053/1020 1130/989/957
f 1124/990/958 1131/1054/1021 1130/989/957
f 1125/1055/1022 1131/1054/1021 1124/990/958
f 1118/991/959 1125/1055/1022 1124/990/958
f 1119/1056/1023 1125/1055/1022 1118/991/959
f 1112/992/960 1119/1056/1023 1118/991/959
f 1113/1057/1024 1119/1056/1023 1112/992/960
f 1106/993/961 1113/1057/1024 1112/992/960
f 1107/1058/1025 1113/1057/1024 1106/993/961
f 1100/994/962 1107/1058/1025 1106/993/961
f 1101/1059/1026 1107/1058/1025 1100/994/962
f 1094/995/963 1101/1059/1026 1100/994/962
f 1095/1060/1027 1101/1059/1026 1094/995/963
f 1088/996/964 1095/1060/1027 1094/995/963
f 1089/1061/1028 1095/1060/1027 1088/996/964
f 1082/997/965 1089/1061/1028 1088/996/964
f 1083/1062/1029 1089/1061/1028 1082/997/965
f 1076/998/966 1083/1062/1029 1082/997/965
f 1077/1063/1030 1083/1062/1029 1076/998/966
f 1070/999/967 1077/1063/1030 1076/998/966
f 1071/1064/1031 1077/1063/1030 1070/999/967
f 1064/1000/968 1071/1064/1031 1070/999/967
f 1065/1065/1032 1071/1064/1031 1064/1000/968
f 1058/1001/969 1065/1065/1032 1064/1000/968
f 1059/1066/1033 1065/1065/1032 1058/1001/969
f 1052/1002/970 1059/1066/1033 1058/1001/969
f 1053/1067/1034 1059/1066/1033 1052/1002/970
f 1046/1003/971 1053/1067/1034 1052/1002/970
f 1047/1068/1035 1053/1067/1034 1046/1003/971
f 1040/1004/972 1047/1068/1035 1046/1003/971
f 1041/1069/1036 1047/1068/1035 1040/1004/972
f 1034/1005/973 1041/1069/1036 1040/1004/972
f 1035/1070/1037 1041/1069/1036 1034/1005/973
f 1028/1006/974 1035/1070/1037 1034/1005/973
f 1029/1071/1038 1035/1070/1037 1028/1006/974
f 1022/1007/975 1029/1071/1038 1028/1006/974
f 1023/1072/1039 1029/1071/1038 1022/1007/975
f 1016/1008/976 1023/1072/1039 1022/1007/975
f 1017/1073/1040 1023/1072/1039 1016/1008/976
f 1010/1009/977 1017/1073/1040 1016/1008/976
f 1011/1074/1041 1017/1073/1040 1010/1009/977
f 1004/1010/978 1011/1074/1041 1010/1009/977
f 1005/1075/1042 1011/1074/1041 1004/1010/978
f 998/1011/979 1005/1075/1042 1004/1010/978
f 999/1076/1043 1005/1075/1042 998/1011/979
f 992/1012/980 999/1076/1043 998/1011/979
f 993/1077/1044 999/1076/1043 992/1012/980
f 986/1013/981 993/1077/1044 992/1012/980
f 987/1078/1045 993/1077/1044 986/1013/981
f 980/1014/982 987/1078/1045 986/1013/981
f 981/1079/1046 987/1078/1045 980/1014/982
f 974/1015/983 981/1079/1046 980/1014/982
f 975/1080/1047 981/1079/1046 974/1015/983
f 968/1016/984 975/1080/1047 974/1015/983
f 969/1081/1048 975/1080/1047 968/1016/984
f 962/1017/985 969/1081/1048 968/1016/984
f 963/1082/1049 969/1081/1048 962/1017/985
f 956/1018/986 963/1082/1049 962/1017/985
f 957/1083/1050 963/1082/1049 956/1018/986
f 950/1019/987 957/1083/1050 956/1018/986
f 951/1084/1051 957/1083/1050 950/1019/987
f 945/1020/988 951/1084/1051 950/1019/987
f 946/1085/1052 951/1084/1051 945/1020/988
f 939/1021/989 946/1085/1052 945/1020/988
f 940/1086/1053 946/1085/1052 939/1021/989
f 933/1022/990 940/1086/1053 939/1021/989
f 934/1087/1054 940/1086/1053 933/1022/990
f 927/1023/991 934/1087/1054 933/1022/990
f 928/1088/1055 934/1087/1054 927/1023/991
f 921/1024/992 928/1088/1055 927/1023/991
f 922/1089/1056 928/1088/1055 921/1024/992
f 915/1025/993 922/1089/1056 921/1024/992
f 916/1090/1057 922/1089/1056 915/1025/993
f 909/1026/994 916/1090/1057 915/1025/993
f 910/1091/1058 916/1090/1057 909/1026/994
f 903/1027/995 910/1091/1058 909/1026/994
f 904/1092/1059 910/1091/1058 903/1027/995
f 897/1028/996 904/1092/1059 903/1027/995
f 898/1093/1060 904/1092/1059 897/1028/996
f 891/1029/997 898/1093/1060 897/1028/996
f 892/1094/1061 898/1093/1060 891/1029/997
f 885/1030/998 892/1094/1061 891/1029/997
f 886/1095/1062 892/1094/1061 885/1030/998
f 879/1031/999 886/1095/1062 885/1030/998
f 880/1096/1063 886/1095/1062 879/1031/999
f 873/1032/1000 880/1096/1063 879/1031/999
f 874/1097/1064 880/1096/1063 873/1032/1000
f 867/1033/1001 874/1097/1064 873/1032/1000
f 868/1098/1065 874/1097/1064 867/1033/1001
f 861/1034/1002 868/1098/1065 867/1033/1001
f 862/1099/1066 868/1098/1065 861/1034/1002
f 855/1035/1003 862/1099/1066 861/1034/1002
f 856/1100/1067 862/1099/1066 855/1035/1003
f 849/769/741 856/1100/1067 855/1035/1003
f 850/767/739 856/1100/1067 849/769/741
f 1232/1037/1004 644/1101/680 645/1036/689
f 1233/1102/1068 644/1101/680 1232/1037/1004
f 1226/1038/1005 1233/1102/1068 1232/1037/1004
f 1227/1103/1069 1233/1102/1068 1226/1038/1005
f 1220/1039/1006 1227/1103/1069 1226/1038/1005
f 1221/1104/1070 1227/1103/1069 1220/1039/1006
f 1214/1040/1007 1221/1104/1070 1220/1039/1006
f 1215/1105/1071 1221/1104/1070 1214/1040/1007
f 1208/1041/1008 1215/1105/1071 1214/1040/1007
f 1209/1106/1072 1215/1105/1071 1208/1041/1008
f 1202/1042/1009 1209/1106/1072 1208/1041/1008
f 1203/1107/1073 1209/1106/1072 1202/1042/1009
f 1196/1043/1010 1203/1107/1073 1202/1042/1009
f 1197/1108/1074 1203/1107/1073 1196/1043/1010
f 1190/1044/1011 1197/1108/1074 1196/1043/1010
f 1191/1109/1075 1197/1108/1074 1190/1044/1011
f 1184/1045/1012 1191/1109/1075 1190/1044/1011
f 1185/1110/1076 1191/1109/1075 1184/1045/1012
f 1178/1046/1013 1185/1110/1076 1184/1045/1012
f 1179/1111/1077 1185/1110/1076 1178/1046/1013
f 1172/1047/1014 1179/1111/1077 1178/1046/1013
f 1173/1112/1078 1179/1111/1077 1172/1047/1014
f 1166/1048/1015 1173/1112/1078 1172/1047/1014
f 1167/1113/1079 1173/1112/1078 1166/1048/1015
f 1160/1049/1016 1167/1113/1079 1166/1048/1015
f 1161/1114/1080 1167/1113/1079 1160/1049/1016
f 1154/1050/1017 1161/1114/1080 1160/1049/1016
f 1155/1115/1081 1161/1114/1080 1154/1050/1017
f 1148/1051/1018 1155/1115/1081 1154/1050/1017
f 1149/1116/1082 1155/1115/1081 1148/1051/1018
f 1143/1052/1019 1149/1116/1082 1148/1051/1018
f 1144/1117/1083 1149/1116/1082 1143/1052/1019
f 1137/1053/1020 1144/1117/1083 1143/1052/1019
f 1138/1118/1084 1144/1117/1083 1137/1053/1020
f 1131/1054/1021 1138/1118/1084 1137/1053/1020
f 1132/1119/1085 1138/1118/1084 1131/1054/1021
f 1125/1055/1022 1132/1119/1085 1131/1054/1021
f 1126/1120/1086 1132/1119/1085 1125/1055/1022
f 1119/1056/1023 1126/1120/1086 1125/1055/1022
f 1120/1121/1087 1126/1120/1086 1119/1056/1023
f 1113/1057/1024 1120/1121/1087 1119/1056/1023
f 1114/1122/1088 1120/1121/1087 1113/1057/1024
f 1107/1058/1025 1114/1122/1088 1113/1057/1024
f 1108/1123/1089 1114/1122/1088 1107/1058/1025
f 1101/1059/1026 1108/1123/1089 1107/1058/1025
f 1102/1124/1090 1108/1123/1089 1101/1059/1026
f 1095/1060/1027 1102/1124/1090 1101/1059/1026
f 1096/1125/1091 1102/1124/1090 1095/1060/1027
f 1089/1061/1028 1096/1125/1091 1095/1060/1027
f 1090/1126/1092 1096/1125/1091 1089/1061/1028
f 1083/1062/1029 1090/1126/1092 1089/1061/1028
f 1084/1127/1093 1090/1126/1092 1083/1062/1029
f 1077/1063/1030 1084/1127/1093 1083/1062/1029
f 1078/1128/1094 1084/1127/1093 1077/1063/1030
f 1071/1064/1031 1078/1128/1094 1077/1063/1030
f 1072/1129/1095 1078/1128/1094 1071/1064/1031
f 1065/1065/1032 1072/1129/1095 1071/1064/1031
f 1066/1130/1096 1072/1129/1095 1065/1065/1032
f 1059/1066/1033 1066/1130/1096 1065/1065/1032
f 1060/1131/1097 1066/1130/1096 1059/1066/1033
f 1053/1067/1034 1060/1131/1097 1059/1066/1033
f 1054/1132/1098 1060/1131/1097 1053/1067/1034
f 1047/1068/1035 1054/1132/1098 1053/1067/1034
f 1048/1133/1099 1054/1132/1098 1047/1068/1035
f 1041/1069/1036 1048/1133/1099 1047/1068/1035
f 1042/1134/1100 1048/1133/1099 1041/1069/1036
f 1035/1070/1037 1042/1134/1100 1041/1069/1036
f 1036/1135/1101 1042/1134/1100 1035/1070/1037
f 1029/1071/1038 1036/1135/1101 1035/1070/1037
f 1030/1136/1102 1036/1135/1101 1029/1071/1038
f 1023/1072/1039 1030/1136/1102 1029/1071/1038
f 1024/1137/1103 1030/1136/1102 1023/1072/1039
f 1017/1073/1040 1024/1137/1103 1023/1072/1039
f 1018/1138/1104 1024/1137/1103 1017/1073/1040
f 1011/1074/1041 1018/1138/1104 1017/1073/1040
f 1012/1139/1105 1018/1138/1104 1011/1074/1041
f 1005/1075/1042 1012/1139/1105 1011/1074/1041
f 1006/1140/1106 1012/1139/1105 1005/1075/1042
f 999/1076/1043 1006/1140/1106 1005/1075/1042
f 1000/1141/1107 1006/1140/1106 999/1076/1043
f 993/1077/1044 1000/1141/1107 999/1076/1043
f 994/1142/1108 1000/1141/1107 993/1077/1044
f 987/1078/1045 994/1142/1108 993/1077/1044
f 988/1143/1109 994/1142/1108 987/1078/1045
f 981/1079/1046 988/1143/1109 987/1078/1045
f 982/1144/1110 988/1143/1109 981/1079/1046
f 975/1080/1047 982/1144/1110 981/1079/1046
f 976/1145/1111 982/1144/1110 975/1080/1047
f 969/1081/1048 976/1145/1111 975/1080/1047
f 970/1146/1112 976/1145/1111 969/1081/1048
f 963/1082/1049 970/1146/1112 969/1081/1048
f 964/1147/1113 970/1146/1112 963/1082/1049
f 957/1083/1050 964/1147/1113 963/1082/1049
f 958/1148/1114 964/1147/1113 957/1083/1050
f 951/1084/1051 958/1148/1114 957/1083/1050
f 952/1149/1115 958/1148/1114 951/1084/1051
f 946/1085/1052 952/1149/1115 951/1084/1051
f 947/1150/1116 952/1149/1115 946/1085/1052
f 940/1086/1053 947/1150/1116 946/1085/1052
f 941/1151/1117 947/1150/1116 940/1086/1053
f 934/1087/1054 941/1151/1117 940/1086/1053
f 935/1152/1118 941/1151/1117 934/1087/1054
f 928/1088/1055 935/1152/1118 934/1087/1054
f 929/1153/1119 935/1152/1118 928/1088/1055
f 922/1089/1056 929/1153/1119 928/1088/1055
f 923/1154/1120 929/1153/1119 922/1089/1056
f 916/1090/1057 923/1154/1120 922/1089/1056
f 917/1155/1121 923/1154/1120 916/1090/1057
f 910/1091/1058 917/1155/1121 916/1090/1057
f 911/1156/1122 917/1155/1121 910/1091/1058
f 904/1092/1059 911/1156/1122 910/1091/1058
f 905/1157/1123 911/1156/1122 904/1092/1059
f 898/1093/1060 905/1157/1123 904/1092/1059
f 899/1158/1124 905/1157/1123 898/1093/1060
f 892/1094/1061 899/1158/1124 898/1093/1060
f 893/1159/1125 899/1158/1124 892/1094/1061
f 886/1095/1062 893/1159/1125 892/1094/1061
f 887/1160/1126 893/1159/1125 886/1095/1062
f 880/1096/1063 887/1160/1126 886/1095/1062
f 881/1161/1127 887/1160/1126 880/1096/1063
f 874/1097/1064 881/1161/1127 880/1096/1063
f 875/1162/1128 881/1161/1127 874/1097/1064
f 868/1098/1065 875/1162/1128 874/1097/1064
f 869/1163/1129 875/1162/1128 868/1098/1065
f 862/1099/1066 869/1163/1129 868/1098/1065
f 863/1164/1130 869/1163/1129 862/1099/1066
f 856/1100/1067 863/1164/1130 862/1099/1066
f 857/1165/1131 863/1164/1130 856/1100/1067
f 850/767/739 857/1165/1131 856/1100/1067
f 851/765/737 857/1165/1131 850/767/739
f 1233/1102/1068 643/1166/679 644/1101/680
f 1234/1167/1132 643/1166/679 1233/1102/1068
f 1227/1103/1069 1234/1167/1132 1233/1102/1068
f 1228/1168/1133 1234/1167/1132 1227/1103/1069
f 1221/1104/1070 1228/1168/1133 1227/1103/1069
f 1222/1169/1134 1228/1168/1133 1221/1104/1070
f 1215/1105/1071 1222/1169/1134 1221/1104/1070
f 1216/1170/1135 1222/1169/1134 1215/1105/1071
f 1209/1106/1072 1216/1170/1135 1215/1105/1071
f 1210/1171/1136 1216/1170/1135 1209/1106/1072
f 1203/1107/1073 1210/1171/1136 1209/1106/1072
f 1204/1172/1137 1210/1171/1136 1203/1107/1073
f 1197/1108/1074 1204/1172/1137 1203/1107/1073
f 1198/1173/1138 1204/1172/1137 1197/1108/1074
f 1191/1109/1075 1198/1173/1138 1197/1108/1074
f 1192/1174/1139 1198/1173/1138 1191/1109/1075
f 1185/1110/1076 1192/1174/1139 1191/1109/1075
f 1186/1175/1140 1192/1174/1139 1185/1110/1076
f 1179/1111/1077 1186/1175/1140 1185/1110/1076
f 1180/1176/1141 1186/1175/1140 1179/1111/1077
f 1173/1112/1078 1180/1176/1141 1179/1111/1077
f 1174/1177/1142 1180/1176/1141 1173/1112/1078
f 1167/1113/1079 1174/1177/1142 1173/1112/1078
f 1168/1178/1143 1174/1177/1142 1167/1113/1079
f 1161/1114/1080 1168/1178/1143 1167/1113/1079
f 1162/1179/1144 1168/1178/1143 1161/1114/1080
f 1155/1115/1081 1162/1179/1144 1161/1114/1080
f 1156/1180/1145 1162/1179/1144 1155/1115/1081
f 1149/1116/1082 1156/1180/1145 1155/1115/1081
f 1150/1181/1146 1156/1180/1145 1149/1116/1082
f 1144/1117/1083 1150/1181/1146 1149/1116/1082
f 846/1182/1147 1150/1181/1146 1144/1117/1083
f 1138/1118/1084 846/1182/1147 1144/1117/1083
f 1139/1183/1148 846/1182/1147 1138/1118/1084
f 1132/1119/1085 1139/1183/1148 1138/1118/1084
f 1133/1184/1149 1139/1183/1148 1132/1119/1085
f 1126/1120/1086 1133/1184/1149 1132/1119/1085
f 1127/1185/1150 1133/1184/1149 1126/1120/1086
f 1120/1121/1087 1127/1185/1150 1126/1120/1086
f 1121/1186/1151 1127/1185/1150 1120/1121/1087
f 1114/1122/1088 1121/1186/1151 1120/1121/1087
f 1115/1187/1152 1121/1186/1151 1114/1122/1088
f 1108/1123/1089 1115/1187/1152 1114/1122/1088
f 1109/1188/1153 1115/1187/1152 1108/1123/1089
f 1102/1124/1090 1109/1188/1153 1108/1123/1089
f 1103/1189/1154 1109/1188/1153 1102/1124/1090
f 1096/1125/1091 1103/1189/1154 1102/1124/1090
f 1097/1190/1155 1103/1189/1154 1096/1125/1091
f 1090/1126/1092 1097/1190/1155 1096/1125/1091
f 1091/1191/1156 1097/1190/1155 1090/1126/1092
f 1084/1127/1093 1091/1191/1156 1090/1126/1092
f 1085/1192/1157 1091/1191/1156 1084/1127/1093
f 1078/1128/1094 1085/1192/1157 1084/1127/1093
f 1079/1193/1158 1085/1192/1157 1078/1128/1094
f 1072/1129/1095 1079/1193/1158 1078/1128/1094
f 1073/1194/1159 1079/1193/1158 1072/1129/1095
f 1066/1130/1096 1073/1194/1159 1072/1129/1095
f 1067/1195/1160 1073/1194/1159 1066/1130/1096
f 1060/1131/1097 1067/1195/1160 1066/1130/1096
f 1061/1196/1161 1067/1195/1160 1060/1131/1097
f 1054/1132/1098 1061/1196/1161 1060/1131/1097
f 1055/1197/1162 1061/1196/1161 1054/1132/1098
f 1048/1133/1099 1055/1197/1162 1054/1132/1098
f 1049/1198/1163 1055/1197/1162 1048/1133/1099
f 1042/1134/1100 1049/1198/1163 1048/1133/1099
f 1043/1199/1164 1049/1198/1163 1042/1134/1100
f 1036/1135/1101 1043/1199/1164 1042/1134/1100
f 1037/1200/1165 1043/1199/1164 1036/1135/1101
f 1030/1136/1102 1037/1200/1165 1036/1135/1101
f 1031/1201/1166 1037/1200/1165 1030/1136/1102
f 1024/1137/1103 1031/1201/1166 1030/1136/1102
f 1025/1202/1167 1031/1201/1166 1024/1137/1103
f 1018/1138/1104 1025/1202/1167 1024/1137/1103
f 1019/1203/1168 1025/1202/1167 1018/1138/1104
f 1012/1139/1105 1019/1203/1168 1018/1138/1104
f 1013/1204/1169 1019/1203/1168 1012/1139/1105
f 1006/1140/1106 1013/1204/1169 1012/1139/1105
f 1007/1205/1170 1013/1204/1169 1006/1140/1106
f 1000/1141/1107 1007/1205/1170 1006/1140/1106
f 1001/1206/1171 1007/1205/1170 1000/1141/1107
f 994/1142/1108 1001/1206/1171 1000/1141/1107
f 995/1207/1172 1001/1206/1171 994/1142/1108
f 988/1143/1109 995/1207/1172 994/1142/1108
f 989/1208/1173 995/1207/1172 988/1143/1109
f 982/1144/1110 989/1208/1173 988/1143/1109
f 983/1209/1174 989/1208/1173 982/1144/1110
f 976/1145/1111 983/1209/1174 982/1144/1110
f 977/1210/1175 983/1209/1174 976/1145/1111
f 970/1146/1112 977/1210/1175 976/1145/1111
f 971/1211/1176 977/1210/1175 970/1146/1112
f 964/1147/1113 971/1211/1176 970/1146/1112
f 965/1212/1177 971/1211/1176 964/1147/1113
f 958/1148/1114 965/1212/1177 964/1147/1113
f 959/1213/1178 965/1212/1177 958/1148/1114
f 952/1149/1115 959/1213/1178 958/1148/1114
f 953/1214/1179 959/1213/1178 952/1149/1115
f 947/1150/1116 953/1214/1179 952/1149/1115
f 845/1215/1180 953/1214/1179 947/1150/1116
f 941/1151/1117 845/1215/1180 947/1150/1116
f 942/1216/1181 845/1215/1180 941/1151/1117
f 935/1152/1118 942/1216/1181 941/1151/1117
f 936/1217/1182 942/1216/1181 935/1152/1118
f 929/1153/1119 936/1217/1182 935/1152/1118
f 930/1218/1183 936/1217/1182 929/1153/1119
f 923/1154/1120 930/1218/1183 929/1153/1119
f 924/1219/1184 930/1218/1183 923/1154/1120
f 917/1155/1121 924/1219/1184 923/1154/1120
f 918/1220/1185 924/1219/1184 917/1155/1121
f 911/1156/1122 918/1220/1185 917/1155/1121
f 912/1221/1186 918/1220/1185 911/1156/1122
f 905/1157/1123 912/1221/1186 911/1156/1122
f 906/1222/1187 912/1221/1186 905/1157/1123
f 899/1158/1124 906/1222/1187 905/1157/1123
f 900/1223/1188 906/1222/1187 899/1158/1124
f 893/1159/1125 900/1223/1188 899/1158/1124
f 894/1224/1189 900/1223/1188 893/1159/1125
f 887/1160/1126 894/1224/1189 893/1159/1125
f 888/1225/1190 894/1224/1189 887/1160/1126
f 881/1161/1127 888/1225/1190 887/1160/1126
f 882/1226/1191 888/1225/1190 881/1161/1127
f 875/1162/1128 882/1226/1191 881/1161/1127
f 876/1227/1192 882/1226/1191 875/1162/1128
f 869/1163/1129 876/1227/1192 875/1162/1128
f 870/1228/1193 876/1227/1192 869/1163/1129
f 863/1164/1130 870/1228/1193 869/1163/1129
f 864/1229/1194 870/1228/1193 863/1164/1130
f 857/1165/1131 864/1229/1194 863/1164/1130
f 858/1230/1195 864/1229/1194 857/1165/1131
f 851/765/737 858/1230/1195 857/1165/1131
f 852/762/734 858/1230/1195 851/765/737
f 1234/1167/1132 642/1231/678 643/1166/679
f 784/1232/1196 642/1231/678 1234/1167/1132
f 1228/1168/1133 784/1232/1196 1234/1167/1132
f 785/1233/1197 784/1232/1196 1228/1168/1133
f 1222/1169/1134 785/1233/1197 1228/1168/1133
f 786/1234/1198 785/1233/1197 1222/1169/1134
f 1216/1170/1135 786/1234/1198 1222/1169/1134
f 787/1235/1199 786/1234/1198 1216/1170/1135
f 1210/1171/1136 787/1235/1199 1216/1170/1135
f 788/1236/1200 787/1235/1199 1210/1171/1136
f 1204/1172/1137 788/1236/1200 1210/1171/1136
f 789/1237/1201 788/1236/1200 1204/1172/1137
f 1198/1173/1138 789/1237/1201 1204/1172/1137
f 790/1238/1202 789/1237/1201 1198/1173/1138
f 1192/1174/1139 790/1238/1202 1198/1173/1138
f 791/1239/1203 790/1238/1202 1192/1174/1139
f 1186/1175/1140 791/1239/1203 1192/1174/1139
f 792/1240/1204 791/1239/1203 1186/1175/1140
f 1180/1176/1141 792/1240/1204 1186/1175/1140
f 793/1241/1205 792/1240/1204 1180/1176/1141
f 1174/1177/1142 793/1241/1205 1180/1176/1141
f 794/1242/1206 793/1241/1205 1174/1177/1142
f 1168/1178/1143 794/1242/1206 1174/1177/1142
f 795/1243/1207 794/1242/1206 1168/1178/1143
f 1162/1179/1144 795/1243/1207 1168/1178/1143
f 796/1244/1208 795/1243/1207 1162/1179/1144
f 1156/1180/1145 796/1244/1208 1162/1179/1144
f 797/1245/1209 796/1244/1208 1156/1180/1145
f 1150/1181/1146 797/1245/1209 1156/1180/1145
f 798/1246/1210 797/1245/1209 1150/1181/1146
f 846/1182/1147 798/1246/1210 1150/1181/1146
f 799/1247/1211 798/1246/1210 846/1182/1147
f 1139/1183/1148 799/1247/1211 846/1182/1147
f 1133/1184/1149 799/1247/1211 1139/1183/1148
f 1133/1184/1149 800/1248/1212 799/1247/1211
f 1127/1185/1150 800/1248/1212 1133/1184/1149
f 1127/1185/1150 801/1249/1213 800/1248/1212
f 1121/1186/1151 801/1249/1213 1127/1185/1150
f 1121/1186/1151 802/1250/1214 801/1249/1213
f 1115/1187/1152 802/1250/1214 1121/1186/1151
f 1115/1187/1152 803/1251/1215 802/1250/1214
f 1109/1188/1153 803/1251/1215 1115/1187/1152
f 1109/1188/1153 804/1252/1216 803/1251/1215
f 1103/1189/1154 804/1252/1216 1109/1188/1153
f 1103/1189/1154 805/1253/1217 804/1252/1216
f 1097/1190/1155 805/1253/1217 1103/1189/1154
f 1097/1190/1155 806/1254/1218 805/1253/1217
f 1091/1191/1156 806/1254/1218 1097/1190/1155
f 1091/1191/1156 807/1255/1219 806/1254/1218
f 1085/1192/1157 807/1255/1219 1091/1191/1156
f 1085/1192/1157 808/1256/1220 807/1255/1219
f 1079/1193/1158 808/1256/1220 1085/1192/1157
f 1079/1193/1158 809/1257/1221 808/1256/1220
f 1073/1194/1159 809/1257/1221 1079/1193/1158
f 1073/1194/1159 810/1258/1222 809/1257/1221
f 1067/1195/1160 810/1258/1222 1073/1194/1159
f 1067/1195/1160 811/1259/1223 810/1258/1222
f 1061/1196/1161 811/1259/1223 1067/1195/1160
f 1061/1196/1161 812/1260/1224 811/1259/1223
f 1055/1197/1162 812/1260/1224 1061/1196/1161
f 1055/1197/1162 813/1261/1225 812/1260/1224
f 1049/1198/1163 813/1261/1225 1055/1197/1162
f 1049/1198/1163 814/1262/1226 813/1261/1225
f 1043/1199/1164 814/1262/1226 1049/1198/1163
f 1037/1200/1165 814/1262/1226 1043/1199/1164
f 815/1263/1227 814/1262/1226 1037/1200/1165
f 1031/1201/1166 815/1263/1227 1037/1200/1165
f 816/1264/1228 815/1263/1227 1031/1201/1166
f 1025/1202/1167 816/1264/1228 1031/1201/1166
f 817/1265/1229 816/1264/1228 1025/1202/1167
f 1019/1203/1168 817/1265/1229 1025/1202/1167
f 818/1266/1230 817/1265/1229 1019/1203/1168
f 1013/1204/1169 818/1266/1230 1019/1203/1168
f 819/1267/1231 818/1266/1230 1013/1204/1169
f 1007/1205/1170 819/1267/1231 1013/1204/1169
f 820/1268/1232 819/1267/1231 1007/1205/1170
f 1001/1206/1171 820/1268/1232 1007/1205/1170
f 821/1269/1233 820/1268/1232 1001/1206/1171
f 995/1207/1172 821/1269/1233 1001/1206/1171
f 822/1270/1234 821/1269/1233 995/1207/1172
f 989/1208/1173 822/1270/1234 995/1207/1172
f 823/1271/1235 822/1270/1234 989/1208/1173
f 983/1209/1174 823/1271/1235 989/1208/1173
f 824/1272/1236 823/1271/1235 983/1209/1174
f 977/1210/1175 824/1272/1236 983/1209/1174
f 825/1273/1237 824/1272/1236 977/1210/1175
f 971/1211/1176 825/1273/1237 977/1210/1175
f 826/1274/1238 825/1273/1237 971/1211/1176
f 965/1212/1177 826/1274/1238 971/1211/1176
f 827/1275/1239 826/1274/1238 965/1212/1177
f 959/1213/1178 827/1275/1239 965/1212/1177
f 828/1276/1240 827/1275/1239 959/1213/1178
f 953/1214/1179 828/1276/1240 959/1213/1178
f 829/1277/1241 828/1276/1240 953/1214/1179
f 845/1215/1180 829/1277/1241 953/1214/1179
f 830/1278/1242 829/1277/1241 845/1215/1180
f 942/1216/1181 830/1278/1242 845/1215/1180
f 936/1217/1182 830/1278/1242 942/1216/1181
f 936/1217/1182 831/1279/1243 830/1278/1242
f 930/1218/1183 831/1279/1243 936/1217/1182
f 930/1218/1183 832/1280/1244 831/1279/1243
f 924/1219/1184 832/1280/1244 930/1218/1183
f 924/1219/1184 833/1281/1245 832/1280/1244
f 918/1220/1185 833/1281/1245 924/1219/1184
f 918/1220/1185 834/1282/1246 833/1281/1245
f 912/1221/1186 834/1282/1246 918/1220/1185
f 912/1221/1186 835/1283/1247 834/1282/1246
f 906/1222/1187 835/1283/1247 912/1221/1186
f 906/1222/1187 836/1284/1248 835/1283/1247
f 900/1223/1188 836/1284/1248 906/1222/1187
f 900/1223/1188 837/1285/1249 836/1284/1248
f 894/1224/1189 837/1285/1249 900/1223/1188
f 894/1224/1189 838/1286/1250 837/1285/1249
f 888/1225/1190 838/1286/1250 894/1224/1189
f 888/1225/1190 839/1287/1251 838/1286/1250
f 882/1226/1191 839/1287/1251 888/1225/1190
f 882/1226/1191 840/1288/1252 839/1287/1251
f 876/1227/1192 840/1288/1252 882/1226/1191
f 876/1227/1192 841/1289/1253 840/1288/1252
f 870/1228/1193 841/1289/1253 876/1227/1192
f 870/1228/1193 842/1290/1254 841/1289/1253
f 864/1229/1194 842/1290/1254 870/1228/1193
f 864/1229/1194 843/1291/1255 842/1290/1254
f 858/1230/1195 843/1291/1255 864/1229/1194
f 858/1230/1195 844/760/732 843/1291/1255
f 852/762/734 844/760/732 858/1230/1195
f 1263/1294/1258 1235/1293/1257 1257/1292/1256
f 1236/1295/1259 1235/1293/1257 1263/1294/1258
f 1237/1296/1260 1236/1295/1259 1263/1294/1258
f 1262/1297/1261 1237/1296/1260 1263/1294/1258
f 1238/1298/1262 1237/1296/1260 1262/1297/1261
f 1261/1299/1263 1238/1298/1262 1262/1297/1261
f 1239/1300/1264 1238/1298/1262 1261/1299/1263
f 1260/1301/1265 1239/1300/1264 1261/1299/1263
f 1240/1302/1266 1239/1300/1264 1260/1301/1265
f 1259/1303/1267 1240/1302/1266 1260/1301/1265
f 1241/1304/1268 1240/1302/1266 1259/1303/1267
f 1258/1305/1269 1241/1304/1268 1259/1303/1267
f 1242/1306/1270 1241/1304/1268 1258/1305/1269
f 1243/1307/1271 1242/1306/1270 1258/1305/1269
f 1264/1308/1272 1243/1307/1271 1258/1305/1269
f 1244/1309/1273 1243/1307/1271 1264/1308/1272
f 1270/1310/1274 1244/1309/1273 1264/1308/1272
f 1245/1311/1275 1244/1309/1273 1270/1310/1274
f 1276/1312/1276 1245/1311/1275 1270/1310/1274
f 1246/1313/1277 1245/1311/1275 1276/1312/1276
f 1293/1314/1278 1246/1313/1277 1276/1312/1276
f 1282/1315/1279 1246/1313/1277 1293/1314/1278
f 1283/1316/1280 1282/1315/1279 1293/1314/1278
f 1295/1317/1281 1282/1315/1279 1283/1316/1280
f 1296/1318/1282 1295/1317/1281 1283/1316/1280
f 1302/1319/1283 1295/1317/1281 1296/1318/1282
f 1303/1320/1284 1302/1319/1283 1296/1318/1282
f 1309/1321/1285 1302/1319/1283 1303/1320/1284
f 1310/1322/1286 1309/1321/1285 1303/1320/1284
f 713/1323/736 1309/1321/1285 1310/1322/1286
f 712/1324/735 713/1323/736 1310/1322/1286
f 1282/1315/1279 1247/1325/1287 1246/1313/1277
f 1294/1326/1288 1247/1325/1287 1282/1315/1279
f 1295/1317/1281 1294/1326/1288 1282/1315/1279
f 1301/1327/1289 1294/1326/1288 1295/1317/1281
f 1302/1319/1283 1301/1327/1289 1295/1317/1281
f 1308/1328/1290 1301/1327/1289 1302/1319/1283
f 1309/1321/1285 1308/1328/1290 1302/1319/1283
f 714/1329/738 1308/1328/1290 1309/1321/1285
f 713/1323/736 714/1329/738 1309/1321/1285
f 1294/1326/1288 1248/1330/1291 1247/1325/1287
f 1300/1331/1292 1248/1330/1291 1294/1326/1288
f 1301/1327/1289 1300/1331/1292 1294/1326/1288
f 1307/1332/1293 1300/1331/1292 1301/1327/1289
f 1308/1328/1290 1307/1332/1293 1301/1327/1289
f 715/1333/740 1307/1332/1293 1308/1328/1290
f 714/1329/738 715/1333/740 1308/1328/1290
f 1300/1331/1292 1249/1334/1294 1248/1330/1291
f 1306/1335/1295 1249/1334/1294 1300/1331/1292
f 1307/1332/1293 1306/1335/1295 1300/1331/1292
f 716/1336/742 1306/1335/1295 1307/1332/1293
f 715/1333/740 716/1336/742 1307/1332/1293
f 1306/1335/1295 718/1337/746 1249/1334/1294
f 717/1338/744 718/1337/746 1306/1335/1295
f 716/1336/742 717/1338/744 1306/1335/1295
f 1311/1339/1296 712/1324/735 1310/1322/1286
f 711/1340/733 712/1324/735 1311/1339/1296
f 1250/1341/1297 711/1340/733 1311/1339/1296
f 1305/1342/1298 1250/1341/1297 1311/1339/1296
f 1251/1343/1299 1250/1341/1297 1305/1342/1298
f 1299/1344/1300 1251/1343/1299 1305/1342/1298
f 1252/1345/1301 1251/1343/1299 1299/1344/1300
f 1287/1346/1302 1252/1345/1301 1299/1344/1300
f 1253/1347/1303 1252/1345/1301 1287/1346/1302
f 1288/1348/1304 1253/1347/1303 1287/1346/1302
f 1254/1349/1305 1253/1347/1303 1288/1348/1304
f 1281/1350/1306 1254/1349/1305 1288/1348/1304
f 1255/1351/1307 1254/1349/1305 1281/1350/1306
f 1275/1352/1308 1255/1351/1307 1281/1350/1306
f 1256/1353/1309 1255/1351/1307 1275/1352/1308
f 1269/1354/1310 1256/1353/1309 1275/1352/1308
f 1257/1292/1256 1256/1353/1309 1269/1354/1310
f 1263/1294/1258 1257/1292/1256 1269/1354/1310
f 1265/1355/1311 1258/1305/1269 1259/1303/1267
f 1264/1308/1272 1258/1305/1269 1265/1355/1311
f 1271/1356/1312 1264/1308/1272 1265/1355/1311
f 1270/1310/1274 1264/1308/1272 1271/1356/1312
f 1277/1357/1313 1270/1310/1274 1271/1356/1312
f 1276/1312/1276 1270/1310/1274 1277/1357/1313
f 1292/1358/1314 1276/1312/1276 1277/1357/1313
f 1293/1314/1278 1276/1312/1276 1292/1358/1314
f 1283/1316/1280 1293/1314/1278 1292/1358/1314
f 1266/1359/1315 1259/1303/1267 1260/1301/1265
f 1265/1355/1311 1259/1303/1267 1266/1359/1315
f 1272/1360/1316 1265/1355/1311 1266/1359/1315
f 1271/1356/1312 1265/1355/1311 1272/1360/1316
f 1278/1361/1317 1271/1356/1312 1272/1360/1316
f 1277/1357/1313 1271/1356/1312 1278/1361/1317
f 1291/1362/1318 1277/1357/1313 1278/1361/1317
f 1292/1358/1314 1277/1357/1313 1291/1362/1318
f 1284/1363/1319 1292/1358/1314 1291/1362/1318
f 1283/1316/1280 1292/1358/1314 1284/1363/1319
f 1296/1318/1282 1283/1316/1280 1284/1363/1319
f 1267/1364/1320 1260/1301/1265 1261/1299/1263
f 1266/1359/1315 1260/1301/1265 1267/1364/1320
f 1273/1365/1321 1266/1359/1315 1267/1364/1320
f 1272/1360/1316 1266/1359/1315 1273/1365/1321
f 1279/1366/1322 1272/1360/1316 1273/1365/1321
f 1278/1361/1317 1272/1360/1316 1279/1366/1322
f 1290/1367/1323 1278/1361/1317 1279/1366/1322
f 1291/1362/1318 1278/1361/1317 1290/1367/1323
f 1285/1368/1324 1291/1362/1318 1290/1367/1323
f 1284/1363/1319 1291/1362/1318 1285/1368/1324
f 1297/1369/1325 1284/1363/1319 1285/1368/1324
f 1296/1318/1282 1284/1363/1319 1297/1369/1325
f 1303/1320/1284 1296/1318/1282 1297/1369/1325
f 1262/1297/1261 1263/1294/1258 1269/1354/1310
f 1268/1370/1326 1261/1299/1263 1262/1297/1261
f 1267/1364/1320 1261/1299/1263 1268/1370/1326
f 1274/1371/1327 1267/1364/1320 1268/1370/1326
f 1273/1365/1321 1267/1364/1320 1274/1371/1327
f 1280/1372/1328 1273/1365/1321 1274/1371/1327
f 1279/1366/1322 1273/1365/1321 1280/1372/1328
f 1289/1373/1329 1279/1366/1322 1280/1372/1328
f 1290/1367/1323 1279/1366/1322 1289/1373/1329
f 1286/1374/1330 1290/1367/1323 1289/1373/1329
f 1285/1368/1324 1290/1367/1323 1286/1374/1330
f 1298/1375/1331 1285/1368/1324 1286/1374/1330
f 1297/1369/1325 1285/1368/1324 1298/1375/1331
f 1304/1376/1332 1297/1369/1325 1298/1375/1331
f 1303/1320/1284 1297/1369/1325 1304/1376/1332
f 1310/1322/1286 1303/1320/1284 1304/1376/1332
f 1268/1370/1326 1269/1354/1310 1275/1352/1308
f 1262/1297/1261 1269/1354/1310 1268/1370/1326
f 1274/1371/1327 1268/1370/1326 1275/1352/1308
f 1274/1371/1327 1275/1352/1308 1281/1350/1306
f 1280/1372/1328 1274/1371/1327 1281/1350/1306
f 1280/1372/1328 1281/1350/1306 1288/1348/1304
f 1289/1373/1329 1280/1372/1328 1288/1348/1304
f 1287/1346/1302 1289/1373/1329 1288/1348/1304
f 1286/1374/1330 1289/1373/1329 1287/1346/1302
f 1299/1344/1300 1286/1374/1330 1287/1346/1302
f 1298/1375/1331 1286/1374/1330 1299/1344/1300
f 1305/1342/1298 1298/1375/1331 1299/1344/1300
f 1304/1376/1332 1298/1375/1331 1305/1342/1298
f 1311/1339/1296 1304/1376/1332 1305/1342/1298
f 1310/1322/1286 1304/1376/1332 1311/1339/1296
f 1236/1379/1259 1312/1378/1333 1235/1377/1257
f 1313/1380/1334 1312/1378/1333 1236/1379/1259
f 1237/1381/1260 1313/1380/1334 1236/1379/1259
f 1314/1382/1335 1313/1380/1334 1237/1381/1260
f 1238/1383/1262 1314/1382/1335 1237/1381/1260
f 1315/1384/1336 1314/1382/1335 1238/1383/1262
f 1239/1385/1264 1315/1384/1336 1238/1383/1262
f 1316/1386/1337 1315/1384/1336 1239/1385/1264
f 1240/1387/1266 1316/1386/1337 1239/1385/1264
f 1317/1388/1338 1316/1386/1337 1240/1387/1266
f 1241/1389/1268 1317/1388/1338 1240/1387/1266
f 1318/1390/1339 1317/1388/1338 1241/1389/1268
f 1242/1391/1270 1318/1390/1339 1241/1389/1268
f 441/1392/565 1318/1390/1339 1242/1391/1270
f 1350/1395/1342 1319/1394/1341 1340/1393/1340
f 1320/1396/1343 1319/1394/1341 1350/1395/1342
f 1321/1397/1344 1320/1396/1343 1350/1395/1342
f 1349/1398/1345 1321/1397/1344 1350/1395/1342
f 1322/1399/1346 1321/1397/1344 1349/1398/1345
f 1348/1400/1347 1322/1399/1346 1349/1398/1345
f 1323/1401/1348 1322/1399/1346 1348/1400/1347
f 1347/1402/1349 1323/1401/1348 1348/1400/1347
f 1324/1403/1350 1323/1401/1348 1347/1402/1349
f 1346/1404/1351 1324/1403/1350 1347/1402/1349
f 1325/1405/1352 1324/1403/1350 1346/1404/1351
f 1345/1406/1353 1325/1405/1352 1346/1404/1351
f 440/1407/502 1325/1405/1352 1345/1406/1353
f 461/1408/503 440/1407/502 1345/1406/1353
f 1351/1409/1354 461/1408/503 1345/1406/1353
f 460/1410/602 461/1408/503 1351/1409/1354
f 1357/1411/1355 460/1410/602 1351/1409/1354
f 459/1412/600 460/1410/602 1357/1411/1355
f 1363/1413/1356 459/1412/600 1357/1411/1355
f 458/1414/598 459/1412/600 1363/1413/1356
f 1369/1415/1357 458/1414/598 1363/1413/1356
f 457/1416/596 458/1414/598 1369/1415/1357
f 1374/1417/1358 457/1416/596 1369/1415/1357
f 456/1418/594 457/1416/596 1374/1417/1358
f 1380/1419/1359 456/1418/594 1374/1417/1358
f 455/1420/592 456/1418/594 1380/1419/1359
f 1386/1421/1360 455/1420/592 1380/1419/1359
f 454/1422/590 455/1420/592 1386/1421/1360
f 1392/1423/1361 454/1422/590 1386/1421/1360
f 453/1424/588 454/1422/590 1392/1423/1361
f 1397/1425/1362 453/1424/588 1392/1423/1361
f 452/1426/586 453/1424/588 1397/1425/1362
f 1403/1427/1363 452/1426/586 1397/1425/1362
f 451/1428/584 452/1426/586 1403/1427/1363
f 1409/1429/1364 451/1428/584 1403/1427/1363
f 450/1430/582 451/1428/584 1409/1429/1364
f 1414/1431/1365 450/1430/582 1409/1429/1364
f 449/1432/580 450/1430/582 1414/1431/1365
f 1420/1433/1366 449/1432/580 1414/1431/1365
f 448/1434/578 449/1432/580 1420/1433/1366
f 1426/1435/1367 448/1434/578 1420/1433/1366
f 447/1436/576 448/1434/578 1426/1435/1367
f 1432/1437/1368 447/1436/576 1426/1435/1367
f 446/1438/574 447/1436/576 1432/1437/1368
f 1437/1439/1369 446/1438/574 1432/1437/1368
f 445/1440/572 446/1438/574 1437/1439/1369
f 1443/1441/1370 445/1440/572 1437/1439/1369
f 444/1442/570 445/1440/572 1443/1441/1370
f 1449/1443/1371 444/1442/570 1443/1441/1370
f 443/1444/568 444/1442/570 1449/1443/1371
f 1455/1445/1372 443/1444/568 1449/1443/1371
f 442/1446/566 443/1444/568 1455/1445/1372
f 1318/1447/1339 442/1446/566 1455/1445/1372
f 441/1448/565 442/1446/566 1318/1447/1339
f 1455/1445/1372 1317/1449/1338 1318/1447/1339
f 1456/1450/1373 1317/1449/1338 1455/1445/1372
f 1449/1443/1371 1456/1450/1373 1455/1445/1372
f 1450/1451/1374 1456/1450/1373 1449/1443/1371
f 1443/1441/1370 1450/1451/1374 1449/1443/1371
f 1444/1452/1375 1450/1451/1374 1443/1441/1370
f 1437/1439/1369 1444/1452/1375 1443/1441/1370
f 1438/1453/1376 1444/1452/1375 1437/1439/1369
f 1432/1437/1368 1438/1453/1376 1437/1439/1369
f 1433/1454/1377 1438/1453/1376 1432/1437/1368
f 1426/1435/1367 1433/1454/1377 1432/1437/1368
f 1427/1455/1378 1433/1454/1377 1426/1435/1367
f 1420/1433/1366 1427/1455/1378 1426/1435/1367
f 1421/1456/1379 1427/1455/1378 1420/1433/1366
f 1414/1431/1365 1421/1456/1379 1420/1433/1366
f 1415/1457/1380 1421/1456/1379 1414/1431/1365
f 1409/1429/1364 1415/1457/1380 1414/1431/1365
f 1410/1458/1381 1415/1457/1380 1409/1429/1364
f 1403/1427/1363 1410/1458/1381 1409/1429/1364
f 1404/1459/1382 1410/1458/1381 1403/1427/1363
f 1397/1425/1362 1404/1459/1382 1403/1427/1363
f 1398/1460/1383 1404/1459/1382 1397/1425/1362
f 1392/1423/1361 1398/1460/1383 1397/1425/1362
f 1393/1461/1384 1398/1460/1383 1392/1423/1361
f 1386/1421/1360 1393/1461/1384 1392/1423/1361
f 1387/1462/1385 1393/1461/1384 1386/1421/1360
f 1380/1419/1359 1387/1462/1385 1386/1421/1360
f 1381/1463/1386 1387/1462/1385 1380/1419/1359
f 1374/1417/1358 1381/1463/1386 1380/1419/1359
f 1375/1464/1387 1381/1463/1386 1374/1417/1358
f 1369/1415/1357 1375/1464/1387 1374/1417/1358
f 1370/1465/1388 1375/1464/1387 1369/1415/1357
f 1363/1413/1356 1370/1465/1388 1369/1415/1357
f 1364/1466/1389 1370/1465/1388 1363/1413/1356
f 1357/1411/1355 1364/1466/1389 1363/1413/1356
f 1358/1467/1390 1364/1466/1389 1357/1411/1355
f 1351/1409/1354 1358/1467/1390 1357/1411/1355
f 1352/1468/1391 1358/1467/1390 1351/1409/1354
f 1345/1406/1353 1352/1468/1391 1351/1409/1354
f 1346/1404/1351 1352/1468/1391 1345/1406/1353
f 1456/1450/1373 1316/1469/1337 1317/1449/1338
f 1457/1470/1392 1316/1469/1337 1456/1450/1373
f 1450/1451/1374 1457/1470/1392 1456/1450/1373
f 1451/1471/1393 1457/1470/1392 1450/1451/1374
f 1444/1452/1375 1451/1471/1393 1450/1451/1374
f 1445/1472/1394 1451/1471/1393 1444/1452/1375
f 1438/1453/1376 1445/1472/1394 1444/1452/1375
f 1439/1473/1395 1445/1472/1394 1438/1453/1376
f 1433/1454/1377 1439/1473/1395 1438/1453/1376
f 1434/1474/1396 1439/1473/1395 1433/1454/1377
f 1427/1455/1378 1434/1474/1396 1433/1454/1377
f 1428/1475/1397 1434/1474/1396 1427/1455/1378
f 1421/1456/1379 1428/1475/1397 1427/1455/1378
f 1422/1476/1398 1428/1475/1397 1421/1456/1379
f 1415/1457/1380 1422/1476/1398 1421/1456/1379
f 1416/1477/1399 1422/1476/1398 1415/1457/1380
f 1410/1458/1381 1416/1477/1399 1415/1457/1380
f 1411/1478/1400 1416/1477/1399 1410/1458/1381
f 1404/1459/1382 1411/1478/1400 1410/1458/1381
f 1405/1479/1401 1411/1478/1400 1404/1459/1382
f 1398/1460/1383 1405/1479/1401 1404/1459/1382
f 1399/1480/1402 1405/1479/1401 1398/1460/1383
f 1393/1461/1384 1399/1480/1402 1398/1460/1383
f 1394/1481/1403 1399/1480/1402 1393/1461/1384
f 1387/1462/1385 1394/1481/1403 1393/1461/1384
f 1388/1482/1404 1394/1481/1403 1387/1462/1385
f 1381/1463/1386 1388/1482/1404 1387/1462/1385
f 1382/1483/1405 1388/1482/1404 1381/1463/1386
f 1375/1464/1387 1382/1483/1405 1381/1463/1386
f 1376/1484/1406 1382/1483/1405 1375/1464/1387
f 1370/1465/1388 1376/1484/1406 1375/1464/1387
f 1371/1485/1407 1376/1484/1406 1370/1465/1388
f 1364/1466/1389 1371/1485/1407 1370/1465/1388
f 1365/1486/1408 1371/1485/1407 1364/1466/1389
f 1358/1467/1390 1365/1486/1408 1364/1466/1389
f 1359/1487/1409 1365/1486/1408 1358/1467/1390
f 1352/1468/1391 1359/1487/1409 1358/1467/1390
f 1353/1488/1410 1359/1487/1409 1352/1468/1391
f 1346/1404/1351 1353/1488/1410 1352/1468/1391
f 1347/1402/1349 1353/1488/1410 1346/1404/1351
f 1457/1470/1392 1315/1489/1336 1316/1469/1337
f 1458/1490/1411 1315/1489/1336 1457/1470/1392
f 1451/1471/1393 1458/1490/1411 1457/1470/1392
f 1452/1491/1412 1458/1490/1411 1451/1471/1393
f 1445/1472/1394 1452/1491/1412 1451/1471/1393
f 1446/1492/1413 1452/1491/1412 1445/1472/1394
f 1439/1473/1395 1446/1492/1413 1445/1472/1394
f 1440/1493/1414 1446/1492/1413 1439/1473/1395
f 1434/1474/1396 1440/1493/1414 1439/1473/1395
f 1435/1494/1415 1440/1493/1414 1434/1474/1396
f 1428/1475/1397 1435/1494/1415 1434/1474/1396
f 1429/1495/1416 1435/1494/1415 1428/1475/1397
f 1422/1476/1398 1429/1495/1416 1428/1475/1397
f 1423/1496/1417 1429/1495/1416 1422/1476/1398
f 1416/1477/1399 1423/1496/1417 1422/1476/1398
f 1417/1497/1418 1423/1496/1417 1416/1477/1399
f 1411/1478/1400 1417/1497/1418 1416/1477/1399
f 1412/1498/1419 1417/1497/1418 1411/1478/1400
f 1405/1479/1401 1412/1498/1419 1411/1478/1400
f 1406/1499/1420 1412/1498/1419 1405/1479/1401
f 1399/1480/1402 1406/1499/1420 1405/1479/1401
f 1400/1500/1421 1406/1499/1420 1399/1480/1402
f 1394/1481/1403 1400/1500/1421 1399/1480/1402
f 1395/1501/1422 1400/1500/1421 1394/1481/1403
f 1388/1482/1404 1395/1501/1422 1394/1481/1403
f 1389/1502/1423 1395/1501/1422 1388/1482/1404
f 1382/1483/1405 1389/1502/1423 1388/1482/1404
f 1383/1503/1424 1389/1502/1423 1382/1483/1405
f 1376/1484/1406 1383/1503/1424 1382/1483/1405
f 1377/1504/1425 1383/1503/1424 1376/1484/1406
f 1371/1485/1407 1377/1504/1425 1376/1484/1406
f 1372/1505/1426 1377/1504/1425 1371/1485/1407
f 1365/1486/1408 1372/1505/1426 1371/1485/1407
f 1366/1506/1427 1372/1505/1426 1365/1486/1408
f 1359/1487/1409 1366/1506/1427 1365/1486/1408
f 1360/1507/1428 1366/1506/1427 1359/1487/1409
f 1353/1488/1410 1360/1507/1428 1359/1487/1409
f 1354/1508/1429 1360/1507/1428 1353/1488/1410
f 1347/1402/1349 1354/1508/1429 1353/1488/1410
f 1348/1400/1347 1354/1508/1429 1347/1402/1349
f 1458/1490/1411 1314/1509/1335 1315/1489/1336
f 1459/1510/1430 1314/1509/1335 1458/1490/1411
f 1452/1491/1412 1459/1510/1430 1458/1490/1411
f 1453/1511/1431 1459/1510/1430 1452/1491/1412
f 1446/1492/1413 1453/1511/1431 1452/1491/1412
f 1447/1512/1432 1453/1511/1431 1446/1492/1413
f 1440/1493/1414 1447/1512/1432 1446/1492/1413
f 1441/1513/1433 1447/1512/1432 1440/1493/1414
f 1435/1494/1415 1441/1513/1433 1440/1493/1414
f 1436/1514/1434 1441/1513/1433 1435/1494/1415
f 1429/1495/1416 1436/1514/1434 1435/1494/1415
f 1430/1515/1435 1436/1514/1434 1429/1495/1416
f 1423/1496/1417 1430/1515/1435 1429/1495/1416
f 1424/1516/1436 1430/1515/1435 1423/1496/1417
f 1417/1497/1418 1424/1516/1436 1423/1496/1417
f 1418/1517/1437 1424/1516/1436 1417/1497/1418
f 1412/1498/1419 1418/1517/1437 1417/1497/1418
f 1413/1518/1438 1418/1517/1437 1412/1498/1419
f 1406/1499/1420 1413/1518/1438 1412/1498/1419
f 1407/1519/1439 1413/1518/1438 1406/1499/1420
f 1400/1500/1421 1407/1519/1439 1406/1499/1420
f 1401/1520/1440 1407/1519/1439 1400/1500/1421
f 1395/1501/1422 1401/1520/1440 1400/1500/1421
f 1396/1521/1441 1401/1520/1440 1395/1501/1422
f 1389/1502/1423 1396/1521/1441 1395/1501/1422
f 1390/1522/1442 1396/1521/1441 1389/1502/1423
f 1383/1503/1424 1390/1522/1442 1389/1502/1423
f 1384/1523/1443 1390/1522/1442 1383/1503/1424
f 1377/1504/1425 1384/1523/1443 1383/1503/1424
f 1378/1524/1444 1384/1523/1443 1377/1504/1425
f 1372/1505/1426 1378/1524/1444 1377/1504/1425
f 1373/1525/1445 1378/1524/1444 1372/1505/1426
f 1366/1506/1427 1373/1525/1445 1372/1505/1426
f 1367/1526/1446 1373/1525/1445 1366/1506/1427
f 1360/1507/1428 1367/1526/1446 1366/1506/1427
f 1361/1527/1447 1367/1526/1446 1360/1507/1428
f 1354/1508/1429 1361/1527/1447 1360/1507/1428
f 1355/1528/1448 1361/1527/1447 1354/1508/1429
f 1348/1400/1347 1355/1528/1448 1354/1508/1429
f 1349/1398/1345 1355/1528/1448 1348/1400/1347
f 1459/1510/1430 1313/1529/1334 1314/1509/1335
f 1460/1530/1449 1313/1529/1334 1459/1510/1430
f 1453/1511/1431 1460/1530/1449 1459/1510/1430
f 1454/1531/1450 1460/1530/1449 1453/1511/1431
f 1447/1512/1432 1454/1531/1450 1453/1511/1431
f 1448/1532/1451 1454/1531/1450 1447/1512/1432
f 1441/1513/1433 1448/1532/1451 1447/1512/1432
f 1442/1533/1452 1448/1532/1451 1441/1513/1433
f 1436/1514/1434 1442/1533/1452 1441/1513/1433
f 1341/1534/1453 1442/1533/1452 1436/1514/1434
f 1430/1515/1435 1341/1534/1453 1436/1514/1434
f 1431/1535/1454 1341/1534/1453 1430/1515/1435
f 1424/1516/1436 1431/1535/1454 1430/1515/1435
f 1425/1536/1455 1431/1535/1454 1424/1516/1436
f 1418/1517/1437 1425/1536/1455 1424/1516/1436
f 1419/1537/1456 1425/1536/1455 1418/1517/1437
f 1413/1518/1438 1419/1537/1456 1418/1517/1437
f 1342/1538/1457 1419/1537/1456 1413/1518/1438
f 1407/1519/1439 1342/1538/1457 1413/1518/1438
f 1408/1539/1458 1342/1538/1457 1407/1519/1439
f 1401/1520/1440 1408/1539/1458 1407/1519/1439
f 1402/1540/1459 1408/1539/1458 1401/1520/1440
f 1396/1521/1441 1402/1540/1459 1401/1520/1440
f 1343/1541/1460 1402/1540/1459 1396/1521/1441
f 1390/1522/1442 1343/1541/1460 1396/1521/1441
f 1391/1542/1461 1343/1541/1460 1390/1522/1442
f 1384/1523/1443 1391/1542/1461 1390/1522/1442
f 1385/1543/1462 1391/1542/1461 1384/1523/1443
f 1378/1524/1444 1385/1543/1462 1384/1523/1443
f 1379/1544/1463 1385/1543/1462 1378/1524/1444
f 1373/1525/1445 1379/1544/1463 1378/1524/1444
f 1344/1545/1464 1379/1544/1463 1373/1525/1445
f 1367/1526/1446 1344/1545/1464 1373/1525/1445
f 1368/1546/1465 1344/1545/1464 1367/1526/1446
f 1361/1527/1447 1368/1546/1465 1367/1526/1446
f 1362/1547/1466 1368/1546/1465 1361/1527/1447
f 1355/1528/1448 1362/1547/1466 1361/1527/1447
f 1356/1548/1467 1362/1547/1466 1355/1528/1448
f 1349/1398/1345 1356/1548/1467 1355/1528/1448
f 1350/1395/1342 1356/1548/1467 1349/1398/1345
f 1460/1530/1449 1312/1549/1333 1313/1529/1334
f 1326/1550/1468 1312/1549/1333 1460/1530/1449
f 1454/1531/1450 1326/1550/1468 1460/1530/1449
f 1327/1551/1469 1326/1550/1468 1454/1531/1450
f 1448/1532/1451 1327/1551/1469 1454/1531/1450
f 1328/1552/1470 1327/1551/1469 1448/1532/1451
f 1442/1533/1452 1328/1552/1470 1448/1532/1451
f 1341/1534/1453 1328/1552/1470 1442/1533/1452
f 1341/1534/1453 1329/1553/1471 1328/1552/1470
f 1431/1535/1454 1329/1553/1471 1341/1534/1453
f 1431/1535/1454 1330/1554/1472 1329/1553/1471
f 1425/1536/1455 1330/1554/1472 1431/1535/1454
f 1425/1536/1455 1331/1555/1473 1330/1554/1472
f 1419/1537/1456 1331/1555/1473 1425/1536/1455
f 1342/1538/1457 1331/1555/1473 1419/1537/1456
f 1332/1556/1474 1331/1555/1473 1342/1538/1457
f 1408/1539/1458 1332/1556/1474 1342/1538/1457
f 1333/1557/1475 1332/1556/1474 1408/1539/1458
f 1402/1540/1459 1333/1557/1475 1408/1539/1458
f 1334/1558/1476 1333/1557/1475 1402/1540/1459
f 1343/1541/1460 1334/1558/1476 1402/1540/1459
f 1335/1559/1477 1334/1558/1476 1343/1541/1460
f 1391/1542/1461 1335/1559/1477 1343/1541/1460
f 1385/1543/1462 1335/1559/1477 1391/1542/1461
f 1385/1543/1462 1336/1560/1478 1335/1559/1477
f 1379/1544/1463 1336/1560/1478 1385/1543/1462
f 1379/1544/1463 1337/1561/1479 1336/1560/1478
f 1344/1545/1464 1337/1561/1479 1379/1544/1463
f 1344/1545/1464 1338/1562/1480 1337/1561/1479
f 1368/1546/1465 1338/1562/1480 1344/1545/1464
f 1362/1547/1466 1338/1562/1480 1368/1546/1465
f 1339/1563/1481 1338/1562/1480 1362/1547/1466
f 1356/1548/1467 1339/1563/1481 1362/1547/1466
f 1340/1393/1340 1339/1563/1481 1356/1548/1467
f 1350/1395/1342 1340/1393/1340 1356/1548/1467
f 1320/1566/1343 633/1565/661 1319/1564/1341
f 632/1567/659 633/1565/661 1320/1566/1343
f 1321/1568/1344 632/1567/659 1320/1566/1343
f 631/1569/657 632/1567/659 1321/1568/1344
f 1322/1570/1346 631/1569/657 1321/1568/1344
f 630/1571/655 631/1569/657 1322/1570/1346
f 1323/1572/1348 630/1571/655 1322/1570/1346
f 629/1573/653 630/1571/655 1323/1572/1348
f 1324/1574/1350 629/1573/653 1323/1572/1348
f 628/1575/651 629/1573/653 1324/1574/1350
f 1325/1576/1352 628/1575/651 1324/1574/1350
f 627/1577/650 628/1575/651 1325/1576/1352
f 440/1578/502 627/1577/650 1325/1576/1352
f 626/1579/648 627/1577/650 440/1578/502
f 440/1582/502 218/1581/1482 626/1580/648
f 217/1583/1483 218/1581/1482 440/1582/502
f 216/1584/1484 217/1583/1483 440/1582/502
f 626/1580/648 219/1586/1486 220/1585/1485
f 218/1581/1482 219/1586/1486 626/1580/648
f 440/1582/502 215/1587/397 216/1584/1484
f 221/1590/1488 626/1589/648 220/1588/1487
f 656/1591/647 626/1589/648 221/1590/1488
f 222/1592/1489 656/1591/647 221/1590/1488
f 223/1593/1490 656/1591/647 222/1592/1489
f 655/1594/731 656/1591/647 223/1593/1490
f 224/1595/1491 655/1594/731 223/1593/1490
f 654/1596/730 655/1594/731 224/1595/1491
f 225/1597/1492 654/1596/730 224/1595/1491
f 653/1598/729 654/1596/730 225/1597/1492
f 226/1599/1493 653/1598/729 225/1597/1492
f 227/1600/1494 653/1598/729 226/1599/1493
f 652/1601/728 653/1598/729 227/1600/1494
f 228/1602/1495 652/1601/728 227/1600/1494
f 651/1603/727 652/1601/728 228/1602/1495
f 1463/1604/1496 651/1603/727 228/1602/1495
f 650/1605/726 651/1603/727 1463/1604/1496
f 1462/1606/1497 650/1605/726 1463/1604/1496
f 649/1607/725 650/1605/726 1462/1606/1497
f 1461/1608/1498 649/1607/725 1462/1606/1497
f 1577/1611/1501 1464/1610/1500 1493/1609/1499
f 1465/1612/1502 1464/1610/1500 1577/1611/1501
f 1466/1613/1503 1465/1612/1502 1577/1611/1501
f 1577/1611/1501 1467/1614/1504 1466/1613/1503
f 1468/1615/1505 1467/1614/1504 1577/1611/1501
f 1469/1616/1506 1468/1615/1505 1577/1611/1501
f 1577/1611/1501 1470/1617/1507 1469/1616/1506
f 1471/1618/1508 1470/1617/1507 1577/1611/1501
f 1472/1619/1509 1471/1618/1508 1577/1611/1501
f 1472/1619/1509 1547/1621/1511 1473/1620/1510
f 1548/1622/1512 1547/1621/1511 1472/1619/1509
f 1549/1623/1513 1548/1622/1512 1472/1619/1509
f 1547/1621/1511 1474/1624/1514 1473/1620/1510
f 1475/1625/1515 1474/1624/1514 1547/1621/1511
f 1476/1626/1516 1475/1625/1515 1547/1621/1511
f 1547/1621/1511 1477/1627/1517 1476/1626/1516
f 1478/1628/1518 1477/1627/1517 1547/1621/1511
f 1479/1629/1519 1478/1628/1518 1547/1621/1511
f 1547/1621/1511 1480/1630/1520 1479/1629/1519
f 1546/1631/1521 1480/1630/1520 1547/1621/1511
f 844/1632/732 1480/1630/1520 1546/1631/1521
f 843/1633/1255 844/1632/732 1546/1631/1521
f 711/1634/733 1480/1630/1520 844/1632/732
f 1481/1635/1522 1480/1630/1520 711/1634/733
f 1250/1636/1297 1481/1635/1522 711/1634/733
f 1482/1637/1523 1481/1635/1522 1250/1636/1297
f 1251/1638/1299 1482/1637/1523 1250/1636/1297
f 1483/1639/1524 1482/1637/1523 1251/1638/1299
f 1252/1640/1301 1483/1639/1524 1251/1638/1299
f 1484/1641/1525 1483/1639/1524 1252/1640/1301
f 1253/1642/1303 1484/1641/1525 1252/1640/1301
f 1485/1643/1526 1484/1641/1525 1253/1642/1303
f 1254/1644/1305 1485/1643/1526 1253/1642/1303
f 1486/1645/1527 1485/1643/1526 1254/1644/1305
f 1255/1646/1307 1486/1645/1527 1254/1644/1305
f 1487/1647/1528 1486/1645/1527 1255/1646/1307
f 636/1648/666 1487/1647/1528 1255/1646/1307
f 637/1649/668 1487/1647/1528 636/1648/666
f 638/1650/670 1487/1647/1528 637/1649/668
f 639/1651/672 1487/1647/1528 638/1650/670
f 640/1652/674 1487/1647/1528 639/1651/672
f 641/1653/676 1487/1647/1528 640/1652/674
f 642/1654/678 1487/1647/1528 641/1653/676
f 784/1655/1196 1487/1647/1528 642/1654/678
f 785/1656/1197 1487/1647/1528 784/1655/1196
f 786/1657/1198 1487/1647/1528 785/1656/1197
f 787/1658/1199 1487/1647/1528 786/1657/1198
f 788/1659/1200 1487/1647/1528 787/1658/1199
f 789/1660/1201 1487/1647/1528 788/1659/1200
f 1488/1661/1529 1487/1647/1528 789/1660/1201
f 1489/1662/1530 1488/1661/1529 789/1660/1201
f 789/1660/1201 1490/1663/1531 1489/1662/1530
f 1491/1664/1532 1490/1663/1531 789/1660/1201
f 1492/1665/1533 1491/1664/1532 789/1660/1201
f 1492/1665/1533 1577/1611/1501 1493/1609/1499
f 1578/1666/1534 1577/1611/1501 1492/1665/1533
f 789/1660/1201 1578/1666/1534 1492/1665/1533
f 1579/1667/1535 1578/1666/1534 789/1660/1201
f 1580/1668/1536 1579/1667/1535 789/1660/1201
f 1494/1671/1539 1562/1670/1538 1495/1669/1537
f 1563/1672/1540 1562/1670/1538 1494/1671/1539
f 1523/1673/1541 1563/1672/1540 1494/1671/1539
f 1564/1674/1542 1563/1672/1540 1523/1673/1541
f 1522/1675/1543 1564/1674/1542 1523/1673/1541
f 1565/1676/1544 1564/1674/1542 1522/1675/1543
f 1521/1677/1545 1565/1676/1544 1522/1675/1543
f 1566/1678/1546 1565/1676/1544 1521/1677/1545
f 1520/1679/1547 1566/1678/1546 1521/1677/1545
f 1567/1680/1548 1566/1678/1546 1520/1679/1547
f 1519/1681/1549 1567/1680/1548 1520/1679/1547
f 1568/1682/1550 1567/1680/1548 1519/1681/1549
f 1518/1683/1551 1568/1682/1550 1519/1681/1549
f 1569/1684/1552 1568/1682/1550 1518/1683/1551
f 1517/1685/1553 1569/1684/1552 1518/1683/1551
f 1472/1619/1509 1569/1684/1552 1517/1685/1553
f 1516/1686/1554 1472/1619/1509 1517/1685/1553
f 1524/1687/1555 1472/1619/1509 1516/1686/1554
f 1515/1688/1556 1524/1687/1555 1516/1686/1554
f 1525/1689/1557 1524/1687/1555 1515/1688/1556
f 1514/1690/1558 1525/1689/1557 1515/1688/1556
f 1526/1691/1559 1525/1689/1557 1514/1690/1558
f 1513/1692/1560 1526/1691/1559 1514/1690/1558
f 1527/1693/1561 1526/1691/1559 1513/1692/1560
f 1512/1694/1562 1527/1693/1561 1513/1692/1560
f 1528/1695/1563 1527/1693/1561 1512/1694/1562
f 1511/1696/1564 1528/1695/1563 1512/1694/1562
f 1529/1697/1565 1528/1695/1563 1511/1696/1564
f 1510/1698/1566 1529/1697/1565 1511/1696/1564
f 1530/1699/1567 1529/1697/1565 1510/1698/1566
f 1509/1700/1568 1530/1699/1567 1510/1698/1566
f 1531/1701/1569 1530/1699/1567 1509/1700/1568
f 1508/1702/1570 1531/1701/1569 1509/1700/1568
f 1532/1703/1571 1531/1701/1569 1508/1702/1570
f 820/1704/1232 1532/1703/1571 1508/1702/1570
f 821/1705/1233 1532/1703/1571 820/1704/1232
f 1533/1706/1572 1532/1703/1571 821/1705/1233
f 822/1707/1234 1533/1706/1572 821/1705/1233
f 1534/1708/1573 1533/1706/1572 822/1707/1234
f 823/1709/1235 1534/1708/1573 822/1707/1234
f 824/1710/1236 1534/1708/1573 823/1709/1235
f 1535/1711/1574 1534/1708/1573 824/1710/1236
f 825/1712/1237 1535/1711/1574 824/1710/1236
f 1536/1713/1575 1535/1711/1574 825/1712/1237
f 826/1714/1238 1536/1713/1575 825/1712/1237
f 827/1715/1239 1536/1713/1575 826/1714/1238
f 1537/1716/1576 1536/1713/1575 827/1715/1239
f 828/1717/1240 1537/1716/1576 827/1715/1239
f 829/1718/1241 1537/1716/1576 828/1717/1240
f 1538/1719/1577 1537/1716/1576 829/1718/1241
f 830/1720/1242 1538/1719/1577 829/1718/1241
f 831/1721/1243 1538/1719/1577 830/1720/1242
f 1539/1722/1578 1538/1719/1577 831/1721/1243
f 832/1723/1244 1539/1722/1578 831/1721/1243
f 833/1724/1245 1539/1722/1578 832/1723/1244
f 1540/1725/1579 1539/1722/1578 833/1724/1245
f 834/1726/1246 1540/1725/1579 833/1724/1245
f 835/1727/1247 1540/1725/1579 834/1726/1246
f 836/1728/1248 1540/1725/1579 835/1727/1247
f 1541/1729/1580 1540/1725/1579 836/1728/1248
f 837/1730/1249 1541/1729/1580 836/1728/1248
f 838/1731/1250 1541/1729/1580 837/1730/1249
f 1542/1732/1581 1541/1729/1580 838/1731/1250
f 839/1733/1251 1542/1732/1581 838/1731/1250
f 1543/1734/1582 1542/1732/1581 839/1733/1251
f 840/1735/1252 1543/1734/1582 839/1733/1251
f 841/1736/1253 1543/1734/1582 840/1735/1252
f 1544/1737/1583 1543/1734/1582 841/1736/1253
f 842/1738/1254 1544/1737/1583 841/1736/1253
f 1545/1739/1584 1544/1737/1583 842/1738/1254
f 843/1633/1255 1545/1739/1584 842/1738/1254
f 1546/1631/1521 1545/1739/1584 843/1633/1255
f 1495/1669/1537 808/1741/1220 1496/1740/1585
f 1561/1742/1586 808/1741/1220 1495/1669/1537
f 1562/1670/1538 1561/1742/1586 1495/1669/1537
f 1496/1740/1585 810/1744/1222 1497/1743/1587
f 809/1745/1221 810/1744/1222 1496/1740/1585
f 808/1741/1220 809/1745/1221 1496/1740/1585
f 811/1746/1223 1497/1743/1587 810/1744/1222
f 1498/1747/1588 1497/1743/1587 811/1746/1223
f 812/1748/1224 1498/1747/1588 811/1746/1223
f 1499/1749/1589 1498/1747/1588 812/1748/1224
f 1500/1750/1590 1499/1749/1589 812/1748/1224
f 813/1751/1225 1500/1750/1590 812/1748/1224
f 1501/1752/1591 1500/1750/1590 813/1751/1225
f 814/1753/1226 1501/1752/1591 813/1751/1225
f 1502/1754/1592 1501/1752/1591 814/1753/1226
f 815/1755/1227 1502/1754/1592 814/1753/1226
f 1503/1756/1593 1502/1754/1592 815/1755/1227
f 816/1757/1228 1503/1756/1593 815/1755/1227
f 1504/1758/1594 1503/1756/1593 816/1757/1228
f 1505/1759/1595 1504/1758/1594 816/1757/1228
f 817/1760/1229 1505/1759/1595 816/1757/1228
f 1506/1761/1596 1505/1759/1595 817/1760/1229
f 818/1762/1230 1506/1761/1596 817/1760/1229
f 1507/1763/1597 1506/1761/1596 818/1762/1230
f 819/1764/1231 1507/1763/1597 818/1762/1230
f 820/1704/1232 1507/1763/1597 819/1764/1231
f 1508/1702/1570 1507/1763/1597 820/1704/1232
f 1472/1619/1509 1550/1765/1598 1549/1623/1513
f 1551/1766/1599 1550/1765/1598 1472/1619/1509
f 1552/1767/1600 1551/1766/1599 1472/1619/1509
f 1472/1619/1509 1553/1768/1601 1552/1767/1600
f 1524/1687/1555 1553/1768/1601 1472/1619/1509
f 1554/1771/1603 797/1770/1209 1555/1769/1602
f 796/1772/1208 797/1770/1209 1554/1771/1603
f 795/1773/1207 796/1772/1208 1554/1771/1603
f 1555/1769/1602 799/1775/1211 1556/1774/1604
f 798/1776/1210 799/1775/1211 1555/1769/1602
f 797/1770/1209 798/1776/1210 1555/1769/1602
f 1556/1774/1604 801/1778/1213 1557/1777/1605
f 800/1779/1212 801/1778/1213 1556/1774/1604
f 799/1775/1211 800/1779/1212 1556/1774/1604
f 1557/1777/1605 803/1781/1215 1558/1780/1606
f 802/1782/1214 803/1781/1215 1557/1777/1605
f 801/1778/1213 802/1782/1214 1557/1777/1605
f 804/1783/1216 1558/1780/1606 803/1781/1215
f 1559/1784/1607 1558/1780/1606 804/1783/1216
f 805/1785/1217 1559/1784/1607 804/1783/1216
f 806/1786/1218 1559/1784/1607 805/1785/1217
f 1560/1787/1608 1559/1784/1607 806/1786/1218
f 807/1788/1219 1560/1787/1608 806/1786/1218
f 1561/1742/1586 1560/1787/1608 807/1788/1219
f 808/1741/1220 1561/1742/1586 807/1788/1219
f 1472/1619/1509 1570/1789/1609 1569/1684/1552
f 1571/1790/1610 1570/1789/1609 1472/1619/1509
f 1572/1791/1611 1571/1790/1610 1472/1619/1509
f 1472/1619/1509 1573/1792/1612 1572/1791/1611
f 1574/1793/1613 1573/1792/1612 1472/1619/1509
f 1575/1794/1614 1574/1793/1613 1472/1619/1509
f 1472/1619/1509 1576/1795/1615 1575/1794/1614
f 1577/1611/1501 1576/1795/1615 1472/1619/1509
f 789/1660/1201 1581/1796/1616 1580/1668/1536
f 790/1797/1202 1581/1796/1616 789/1660/1201
f 1582/1798/1617 1581/1796/1616 790/1797/1202
f 791/1799/1203 1582/1798/1617 790/1797/1202
f 792/1800/1204 1582/1798/1617 791/1799/1203
f 1583/1801/1618 1582/1798/1617 792/1800/1204
f 793/1802/1205 1583/1801/1618 792/1800/1204
f 794/1803/1206 1583/1801/1618 793/1802/1205
f 795/1773/1207 1583/1801/1618 794/1803/1206
f 1554/1771/1603 1583/1801/1618 795/1773/1207
f 1256/1804/1309 636/1648/666 1255/1646/1307
f 635/1805/664 636/1648/666 1256/1804/1309
f 1257/1806/1256 635/1805/664 1256/1804/1309
f 634/1807/662 635/1805/664 1257/1806/1256
f 1235/1808/1257 634/1807/662 1257/1806/1256
f 633/1809/661 634/1807/662 1235/1808/1257
f 1312/1810/1333 633/1809/661 1235/1808/1257
f 1319/1811/1341 633/1809/661 1312/1810/1333
f 1333/1812/1475 1319/1811/1341 1312/1810/1333
f 1334/1813/1476 1319/1811/1341 1333/1812/1475
f 1335/1814/1477 1319/1811/1341 1334/1813/1476
f 1336/1815/1478 1319/1811/1341 1335/1814/1477
f 1337/1816/1479 1319/1811/1341 1336/1815/1478
f 1338/1817/1480 1319/1811/1341 1337/1816/1479
f 1339/1818/1481 1319/1811/1341 1338/1817/1480
f 1340/1819/1340 1319/1811/1341 1339/1818/1481
f 1312/1810/1333 1332/1820/1474 1333/1812/1475
f 1331/1821/1473 1332/1820/1474 1312/1810/1333
f 1330/1822/1472 1331/1821/1473 1312/1810/1333
f 1312/1810/1333 1329/1823/1471 1330/1822/1472
f 1328/1824/1470 1329/1823/1471 1312/1810/1333
f 1327/1825/1469 1328/1824/1470 1312/1810/1333
f 1312/1810/1333 1326/1826/1468 1327/1825/1469
f 1585/1829/1620 718/1828/746 1586/1827/1619
f 1249/1830/1294 718/1828/746 1585/1829/1620
f 1584/1831/1621 1249/1830/1294 1585/1829/1620
f 1248/1832/1291 1249/1830/1294 1584/1831/1621
f 181/1833/1622 1248/1832/1291 1584/1831/1621
f 1247/1834/1287 1248/1832/1291 181/1833/1622
f 182/1835/1623 1247/1834/1287 181/1833/1622
f 1246/1836/1277 1247/1834/1287 182/1835/1623
f 183/1837/1624 1246/1836/1277 182/1835/1623
f 184/1838/1625 1246/1836/1277 183/1837/1624
f 1245/1839/1275 1246/1836/1277 184/1838/1625
f 185/1840/1626 1245/1839/1275 184/1838/1625
f 1244/1841/1273 1245/1839/1275 185/1840/1626
f 186/1842/1627 1244/1841/1273 185/1840/1626
f 1243/1843/1271 1244/1841/1273 186/1842/1627
f 187/1844/1628 1243/1843/1271 186/1842/1627
f 188/1845/1629 1243/1843/1271 187/1844/1628
f 1242/1846/1270 1243/1843/1271 188/1845/1629
f 189/1847/1630 1242/1846/1270 188/1845/1629
f 1242/1850/1270 191/1849/1631 441/1848/565
f 190/1851/1632 191/1849/1631 1242/1850/1270
f 189/1852/1633 190/1851/1632 1242/1850/1270
f 441/1848/565 193/1854/1634 194/1853/355
f 192/1855/1635 193/1854/1634 441/1848/565
f 191/1849/1631 192/1855/1635 441/1848/565
f 398/1858/1638 420/1857/1637 439/1856/1636
f 419/1859/1639 420/1857/1637 398/1858/1638
f 399/1860/1640 419/1859/1639 398/1858/1638
f 418/1861/1641 419/1859/1639 399/1860/1640
f 400/1862/1642 418/1861/1641 399/1860/1640
f 417/1863/1643 418/1861/1641 400/1862/1642
f 401/1864/1644 417/1863/1643 400/1862/1642
f 416/1865/1645 417/1863/1643 401/1864/1644
f 402/1866/1646 416/1865/1645 401/1864/1644
f 415/1867/1647 416/1865/1645 402/1866/1646
f 403/1868/1648 415/1867/1647 402/1866/1646
f 414/1869/1649 415/1867/1647 403/1868/1648
f 404/1870/1650 414/1869/1649 403/1868/1648
f 413/1871/1651 414/1869/1649 404/1870/1650
f 405/1872/1652 413/1871/1651 404/1870/1650
f 412/1873/1653 413/1871/1651 405/1872/1652
f 406/1874/1654 412/1873/1653 405/1872/1652
f 411/1875/1655 412/1873/1653 406/1874/1654
f 407/1876/1656 411/1875/1655 406/1874/1654
f 410/1877/1657 411/1875/1655 407/1876/1656
f 408/1878/1658 410/1877/1657 407/1876/1656
f 409/1879/1659 410/1877/1657 408/1878/1658
f 421/1880/1660 439/1856/1636 420/1857/1637
f 438/1881/1661 439/1856/1636 421/1880/1660
f 422/1882/1662 438/1881/1661 421/1880/1660
f 437/1883/1663 438/1881/1661 422/1882/1662
f 423/1884/1664 437/1883/1663 422/1882/1662
f 436/1885/1665 437/1883/1663 423/1884/1664
f 424/1886/1666 436/1885/1665 423/1884/1664
f 435/1887/1667 436/1885/1665 424/1886/1666
f 425/1888/1668 435/1887/1667 424/1886/1666
f 434/1889/1669 435/1887/1667 425/1888/1668
f 426/1890/1670 434/1889/1669 425/1888/1668
f 433/1891/1671 434/1889/1669 426/1890/1670
f 427/1892/1672 433/1891/1671 426/1890/1670
f 432/1893/1673 433/1891/1671 427/1892/1672
f 428/1894/1674 432/1893/1673 427/1892/1672
f 431/1895/1675 432/1893/1673 428/1894/1674
f 429/1896/1676 431/1895/1675 428/1894/1674
f 430/1897/1677 431/1895/1675 429/1896/1676
f 1587/1900/1680 1555/1899/1679 1588/1898/1678
f 1554/1901/1681 1555/1899/1679 1587/1900/1680
f 1616/1904/1682 1554/1903/1681 1587/1902/1680
f 1583/1905/1683 1554/1903/1681 1616/1904/1682
f 1582/1906/1684 1583/1905/1683 1616/1904/1682
f 1555/1899/1679 1589/1907/1685 1588/1898/1678
f 1556/1908/1686 1589/1907/1685 1555/1899/1679
f 1590/1909/1687 1589/1907/1685 1556/1908/1686
f 1557/1910/1688 1590/1909/1687 1556/1908/1686
f 1591/1911/1689 1590/1909/1687 1557/1910/1688
f 1558/1912/1690 1591/1911/1689 1557/1910/1688
f 1592/1913/1691 1591/1911/1689 1558/1912/1690
f 1559/1914/1692 1592/1913/1691 1558/1912/1690
f 1593/1915/1693 1592/1913/1691 1559/1914/1692
f 1560/1916/1694 1593/1915/1693 1559/1914/1692
f 1594/1917/1695 1593/1915/1693 1560/1916/1694
f 1561/1918/1696 1594/1917/1695 1560/1916/1694
f 1595/1919/1697 1594/1917/1695 1561/1918/1696
f 1562/1920/1698 1595/1919/1697 1561/1918/1696
f 1596/1921/1699 1595/1919/1697 1562/1920/1698
f 1563/1922/1700 1596/1921/1699 1562/1920/1698
f 1597/1923/1701 1596/1921/1699 1563/1922/1700
f 1564/1924/1702 1597/1923/1701 1563/1922/1700
f 1598/1925/1703 1597/1923/1701 1564/1924/1702
f 1565/1926/1704 1598/1925/1703 1564/1924/1702
f 1599/1927/1705 1598/1925/1703 1565/1926/1704
f 1566/1928/1706 1599/1927/1705 1565/1926/1704
f 1600/1929/1707 1599/1927/1705 1566/1928/1706
f 1567/1930/1708 1600/1929/1707 1566/1928/1706
f 1601/1931/1709 1600/1929/1707 1567/1930/1708
f 1568/1932/1710 1601/1931/1709 1567/1930/1708
f 1602/1933/1711 1601/1931/1709 1568/1932/1710
f 1569/1934/1712 1602/1933/1711 1568/1932/1710
f 1603/1935/1713 1602/1933/1711 1569/1934/1712
f 1570/1936/1714 1603/1935/1713 1569/1934/1712
f 1604/1937/1715 1603/1935/1713 1570/1936/1714
f 1571/1938/1716 1604/1937/1715 1570/1936/1714
f 1605/1939/1717 1604/1937/1715 1571/1938/1716
f 1572/1940/1718 1605/1939/1717 1571/1938/1716
f 1606/1941/1719 1605/1939/1717 1572/1940/1718
f 1573/1942/1720 1606/1941/1719 1572/1940/1718
f 1607/1943/1721 1606/1941/1719 1573/1942/1720
f 1574/1944/1722 1607/1943/1721 1573/1942/1720
f 1608/1945/1723 1607/1943/1721 1574/1944/1722
f 1575/1946/1724 1608/1945/1723 1574/1944/1722
f 1609/1947/1725 1608/1945/1723 1575/1946/1724
f 1576/1948/1726 1609/1947/1725 1575/1946/1724
f 1610/1949/1727 1609/1947/1725 1576/1948/1726
f 1577/1950/1728 1610/1949/1727 1576/1948/1726
f 1611/1951/1729 1610/1949/1727 1577/1950/1728
f 1578/1952/1730 1611/1951/1729 1577/1950/1728
f 1612/1953/1731 1611/1951/1729 1578/1952/1730
f 1579/1954/1732 1612/1953/1731 1578/1952/1730
f 1613/1955/1733 1612/1953/1731 1579/1954/1732
f 1580/1956/1734 1613/1955/1733 1579/1954/1732
f 1614/1957/1735 1613/1955/1733 1580/1956/1734
f 1581/1958/1736 1614/1957/1735 1580/1956/1734
f 1615/1959/1737 1614/1957/1735 1581/1958/1736
f 1582/1906/1684 1615/1959/1737 1581/1958/1736
f 1616/1904/1682 1615/1959/1737 1582/1906/1684
f 1617/1962/1740 1588/1961/1739 1618/1960/1738
f 1587/1963/1741 1588/1961/1739 1617/1962/1740
f 1616/1964/1742 1587/1963/1741 1617/1962/1740
f 1589/1965/1743 1618/1960/1738 1588/1961/1739
f 1619/1966/1744 1618/1960/1738 1589/1965/1743
f 1590/1967/1745 1619/1966/1744 1589/1965/1743
f 1620/1968/1746 1619/1966/1744 1590/1967/1745
f 1591/1969/1747 1620/1968/1746 1590/1967/1745
f 1621/1970/1748 1620/1968/1746 1591/1969/1747
f 1592/1971/1749 1621/1970/1748 1591/1969/1747
f 1593/1972/1750 1621/1970/1748 1592/1971/1749
f 1622/1973/1751 1621/1970/1748 1593/1972/1750
f 1594/1974/1752 1622/1973/1751 1593/1972/1750
f 1623/1975/1753 1622/1973/1751 1594/1974/1752
f 1595/1976/1754 1623/1975/1753 1594/1974/1752
f 1624/1977/1755 1623/1975/1753 1595/1976/1754
f 1596/1978/1756 1624/1977/1755 1595/1976/1754
f 1625/1979/1757 1624/1977/1755 1596/1978/1756
f 1597/1980/1758 1625/1979/1757 1596/1978/1756
f 1598/1981/1759 1625/1979/1757 1597/1980/1758
f 1626/1982/1760 1625/1979/1757 1598/1981/1759
f 1599/1983/1761 1626/1982/1760 1598/1981/1759
f 1627/1984/1762 1626/1982/1760 1599/1983/1761
f 1600/1985/1763 1627/1984/1762 1599/1983/1761
f 1628/1986/1764 1627/1984/1762 1600/1985/1763
f 1601/1987/1765 1628/1986/1764 1600/1985/1763
f 1629/1988/1766 1628/1986/1764 1601/1987/1765
f 1602/1989/1767 1629/1988/1766 1601/1987/1765
f 1603/1990/1768 1629/1988/1766 1602/1989/1767
f 1630/1991/1769 1629/1988/1766 1603/1990/1768
f 1604/1992/1770 1630/1991/1769 1603/1990/1768
f 1631/1993/1771 1630/1991/1769 1604/1992/1770
f 1605/1994/1772 1631/1993/1771 1604/1992/1770
f 1632/1995/1773 1631/1993/1771 1605/1994/1772
f 1606/1996/1774 1632/1995/1773 1605/1994/1772
f 1633/1997/1775 1632/1995/1773 1606/1996/1774
f 1607/1998/1776 1633/1997/1775 1606/1996/1774
f 1608/1999/1777 1633/1997/1775 1607/1998/1776
f 1634/2000/1778 1633/1997/1775 1608/1999/1777
f 1609/2001/1779 1634/2000/1778 1608/1999/1777
f 1635/2002/1780 1634/2000/1778 1609/2001/1779
f 1610/2003/1781 1635/2002/1780 1609/2001/1779
f 1636/2004/1782 1635/2002/1780 1610/2003/1781
f 1611/2005/1783 1636/2004/1782 1610/2003/1781
f 1637/2006/1784 1636/2004/1782 1611/2005/1783
f 1612/2007/1785 1637/2006/1784 1611/2005/1783
f 1613/2008/1786 1637/2006/1784 1612/2007/1785
f 1638/2009/1787 1637/2006/1784 1613/2008/1786
f 1614/2010/1788 1638/2009/1787 1613/2008/1786
f 1639/2011/1789 1638/2009/1787 1614/2010/1788
f 1615/2012/1790 1639/2011/1789 1614/2010/1788
f 1640/2013/1791 1639/2011/1789 1615/2012/1790
f 1616/1964/1742 1640/2013/1791 1615/2012/1790
f 1617/1962/1740 1640/2013/1791 1616/1964/1742
f 1641/2016/1794 1525/2015/1793 1642/2014/1792
f 1524/2017/1795 1525/2015/1793 1641/2016/1794
f 1670/2020/1796 1524/2019/1795 1641/2018/1794
f 1553/2021/1797 1524/2019/1795 1670/2020/1796
f 1552/2022/1798 1553/2021/1797 1670/2020/1796
f 1525/2015/1793 1643/2023/1799 1642/2014/1792
f 1526/2024/1800 1643/2023/1799 1525/2015/1793
f 1644/2025/1801 1643/2023/1799 1526/2024/1800
f 1527/2026/1802 1644/2025/1801 1526/2024/1800
f 1645/2027/1803 1644/2025/1801 1527/2026/1802
f 1528/2028/1804 1645/2027/1803 1527/2026/1802
f 1646/2029/1805 1645/2027/1803 1528/2028/1804
f 1529/2030/1806 1646/2029/1805 1528/2028/1804
f 1647/2031/1807 1646/2029/1805 1529/2030/1806
f 1530/2032/1808 1647/2031/1807 1529/2030/1806
f 1648/2033/1809 1647/2031/1807 1530/2032/1808
f 1531/2034/1810 1648/2033/1809 1530/2032/1808
f 1649/2035/1811 1648/2033/1809 1531/2034/1810
f 1532/2036/1812 1649/2035/1811 1531/2034/1810
f 1650/2037/1813 1649/2035/1811 1532/2036/1812
f 1533/2038/1814 1650/2037/1813 1532/2036/1812
f 1651/2039/1815 1650/2037/1813 1533/2038/1814
f 1534/2040/1816 1651/2039/1815 1533/2038/1814
f 1652/2041/1817 1651/2039/1815 1534/2040/1816
f 1535/2042/1818 1652/2041/1817 1534/2040/1816
f 1653/2043/1819 1652/2041/1817 1535/2042/1818
f 1536/2044/1820 1653/2043/1819 1535/2042/1818
f 1654/2045/1821 1653/2043/1819 1536/2044/1820
f 1537/2046/1822 1654/2045/1821 1536/2044/1820
f 1655/2047/1823 1654/2045/1821 1537/2046/1822
f 1538/2048/1824 1655/2047/1823 1537/2046/1822
f 1656/2049/1825 1655/2047/1823 1538/2048/1824
f 1539/2050/1826 1656/2049/1825 1538/2048/1824
f 1657/2051/1827 1656/2049/1825 1539/2050/1826
f 1540/2052/1828 1657/2051/1827 1539/2050/1826
f 1658/2053/1829 1657/2051/1827 1540/2052/1828
f 1541/2054/1830 1658/2053/1829 1540/2052/1828
f 1659/2055/1831 1658/2053/1829 1541/2054/1830
f 1542/2056/1832 1659/2055/1831 1541/2054/1830
f 1660/2057/1833 1659/2055/1831 1542/2056/1832
f 1543/2058/1834 1660/2057/1833 1542/2056/1832
f 1661/2059/1835 1660/2057/1833 1543/2058/1834
f 1544/2060/1836 1661/2059/1835 1543/2058/1834
f 1662/2061/1837 1661/2059/1835 1544/2060/1836
f 1545/2062/1838 1662/2061/1837 1544/2060/1836
f 1663/2063/1839 1662/2061/1837 1545/2062/1838
f 1546/2064/1840 1663/2063/1839 1545/2062/1838
f 1664/2065/1841 1663/2063/1839 1546/2064/1840
f 1547/2066/1842 1664/2065/1841 1546/2064/1840
f 1665/2067/1843 1664/2065/1841 1547/2066/1842
f 1548/2068/1844 1665/2067/1843 1547/2066/1842
f 1666/2069/1845 1665/2067/1843 1548/2068/1844
f 1549/2070/1846 1666/2069/1845 1548/2068/1844
f 1667/2071/1847 1666/2069/1845 1549/2070/1846
f 1550/2072/1848 1667/2071/1847 1549/2070/1846
f 1668/2073/1849 1667/2071/1847 1550/2072/1848
f 1551/2074/1850 1668/2073/1849 1550/2072/1848
f 1669/2075/1851 1668/2073/1849 1551/2074/1850
f 1552/2022/1798 1669/2075/1851 1551/2074/1850
f 1670/2020/1796 1669/2075/1851 1552/2022/1798
f 1671/2078/1854 1642/2077/1853 1672/2076/1852
f 1641/2079/1855 1642/2077/1853 1671/2078/1854
f 1670/2080/1856 1641/2079/1855 1671/2078/1854
f 1643/2081/1857 1672/2076/1852 1642/2077/1853
f 1673/2082/1858 1672/2076/1852 1643/2081/1857
f 1644/2083/1859 1673/2082/1858 1643/2081/1857
f 1674/2084/1860 1673/2082/1858 1644/2083/1859
f 1645/2085/1861 1674/2084/1860 1644/2083/1859
f 1675/2086/1862 1674/2084/1860 1645/2085/1861
f 1646/2087/1863 1675/2086/1862 1645/2085/1861
f 1647/2088/1864 1675/2086/1862 1646/2087/1863
f 1676/2089/1865 1675/2086/1862 1647/2088/1864
f 1648/2090/1866 1676/2089/1865 1647/2088/1864
f 1677/2091/1867 1676/2089/1865 1648/2090/1866
f 1649/2092/1868 1677/2091/1867 1648/2090/1866
f 1678/2093/1869 1677/2091/1867 1649/2092/1868
f 1650/2094/1870 1678/2093/1869 1649/2092/1868
f 1679/2095/1871 1678/2093/1869 1650/2094/1870
f 1651/2096/1872 1679/2095/1871 1650/2094/1870
f 1652/2097/1873 1679/2095/1871 1651/2096/1872
f 1680/2098/1874 1679/2095/1871 1652/2097/1873
f 1653/2099/1875 1680/2098/1874 1652/2097/1873
f 1681/2100/1876 1680/2098/1874 1653/2099/1875
f 1654/2101/1877 1681/2100/1876 1653/2099/1875
f 1682/2102/1878 1681/2100/1876 1654/2101/1877
f 1655/2103/1879 1682/2102/1878 1654/2101/1877
f 1683/2104/1880 1682/2102/1878 1655/2103/1879
f 1656/2105/1881 1683/2104/1880 1655/2103/1879
f 1657/2106/1882 1683/2104/1880 1656/2105/1881
f 1684/2107/1883 1683/2104/1880 1657/2106/1882
f 1658/2108/1884 1684/2107/1883 1657/2106/1882
f 1685/2109/1885 1684/2107/1883 1658/2108/1884
f 1659/2110/1886 1685/2109/1885 1658/2108/1884
f 1686/2111/1887 1685/2109/1885 1659/2110/1886
f 1660/2112/1888 1686/2111/1887 1659/2110/1886
f 1687/2113/1889 1686/2111/1887 1660/2112/1888
f 1661/2114/1890 1687/2113/1889 1660/2112/1888
f 1662/2115/1891 1687/2113/1889 1661/2114/1890
f 1688/2116/1892 1687/2113/1889 1662/2115/1891
f 1663/2117/1893 1688/2116/1892 1662/2115/1891
f 1689/2118/1894 1688/2116/1892 1663/2117/1893
f 1664/2119/1895 1689/2118/1894 1663/2117/1893
f 1690/2120/1896 1689/2118/1894 1664/2119/1895
f 1665/2121/1897 1690/2120/1896 1664/2119/1895
f 1691/2122/1898 1690/2120/1896 1665/2121/1897
f 1666/2123/1899 1691/2122/1898 1665/2121/1897
f 1667/2124/1900 1691/2122/1898 1666/2123/1899
f 1692/2125/1901 1691/2122/1898 1667/2124/1900
f 1668/2126/1902 1692/2125/1901 1667/2124/1900
f 1693/2127/1903 1692/2125/1901 1668/2126/1902
f 1669/2128/1904 1693/2127/1903 1668/2126/1902
f 1694/2129/1905 1693/2127/1903 1669/2128/1904
f 1670/2080/1856 1694/2129/1905 1669/2128/1904
f 1671/2078/1854 1694/2129/1905 1670/2080/1856
f 1695/2132/1908 1495/2131/1907 1696/2130/1906
f 1494/2133/1909 1495/2131/1907 1695/2132/1908
f 1724/2136/1910 1494/2135/1909 1695/2134/1908
f 1523/2137/1911 1494/2135/1909 1724/2136/1910
f 1522/2138/1912 1523/2137/1911 1724/2136/1910
f 1495/2131/1907 1697/2139/1913 1696/2130/1906
f 1496/2140/1914 1697/2139/1913 1495/2131/1907
f 1698/2141/1915 1697/2139/1913 1496/2140/1914
f 1497/2142/1916 1698/2141/1915 1496/2140/1914
f 1699/2143/1917 1698/2141/1915 1497/2142/1916
f 1498/2144/1918 1699/2143/1917 1497/2142/1916
f 1700/2145/1919 1699/2143/1917 1498/2144/1918
f 1499/2146/1920 1700/2145/1919 1498/2144/1918
f 1701/2147/1921 1700/2145/1919 1499/2146/1920
f 1500/2148/1922 1701/2147/1921 1499/2146/1920
f 1702/2149/1923 1701/2147/1921 1500/2148/1922
f 1501/2150/1924 1702/2149/1923 1500/2148/1922
f 1703/2151/1925 1702/2149/1923 1501/2150/1924
f 1502/2152/1926 1703/2151/1925 1501/2150/1924
f 1704/2153/1927 1703/2151/1925 1502/2152/1926
f 1503/2154/1928 1704/2153/1927 1502/2152/1926
f 1705/2155/1929 1704/2153/1927 1503/2154/1928
f 1504/2156/1930 1705/2155/1929 1503/2154/1928
f 1706/2157/1931 1705/2155/1929 1504/2156/1930
f 1505/2158/1932 1706/2157/1931 1504/2156/1930
f 1707/2159/1933 1706/2157/1931 1505/2158/1932
f 1506/2160/1934 1707/2159/1933 1505/2158/1932
f 1708/2161/1935 1707/2159/1933 1506/2160/1934
f 1507/2162/1936 1708/2161/1935 1506/2160/1934
f 1709/2163/1937 1708/2161/1935 1507/2162/1936
f 1508/2164/1938 1709/2163/1937 1507/2162/1936
f 1710/2165/1939 1709/2163/1937 1508/2164/1938
f 1509/2166/1940 1710/2165/1939 1508/2164/1938
f 1711/2167/1941 1710/2165/1939 1509/2166/1940
f 1510/2168/1942 1711/2167/1941 1509/2166/1940
f 1712/2169/1943 1711/2167/1941 1510/2168/1942
f 1511/2170/1944 1712/2169/1943 1510/2168/1942
f 1713/2171/1945 1712/2169/1943 1511/2170/1944
f 1512/2172/1946 1713/2171/1945 1511/2170/1944
f 1714/2173/1947 1713/2171/1945 1512/2172/1946
f 1513/2174/1948 1714/2173/1947 1512/2172/1946
f 1715/2175/1949 1714/2173/1947 1513/2174/1948
f 1514/2176/1950 1715/2175/1949 1513/2174/1948
f 1716/2177/1951 1715/2175/1949 1514/2176/1950
f 1515/2178/1952 1716/2177/1951 1514/2176/1950
f 1717/2179/1953 1716/2177/1951 1515/2178/1952
f 1516/2180/1954 1717/2179/1953 1515/2178/1952
f 1718/2181/1955 1717/2179/1953 1516/2180/1954
f 1517/2182/1956 1718/2181/1955 1516/2180/1954
f 1719/2183/1957 1718/2181/1955 1517/2182/1956
f 1518/2184/1958 1719/2183/1957 1517/2182/1956
f 1720/2185/1959 1719/2183/1957 1518/2184/1958
f 1519/2186/1960 1720/2185/1959 1518/2184/1958
f 1721/2187/1961 1720/2185/1959 1519/2186/1960
f 1520/2188/1962 1721/2187/1961 1519/2186/1960
f 1722/2189/1963 1721/2187/1961 1520/2188/1962
f 1521/2190/1964 1722/2189/1963 1520/2188/1962
f 1723/2191/1965 1722/2189/1963 1521/2190/1964
f 1522/2138/1912 1723/2191/1965 1521/2190/1964
f 1724/2136/1910 1723/2191/1965 1522/2138/1912
f 1725/2194/1968 1696/2193/1967 1726/2192/1966
f 1695/2195/1969 1696/2193/1967 1725/2194/1968
f 1724/2196/1970 1695/2195/1969 1725/2194/1968
f 1697/2197/1971 1726/2192/1966 1696/2193/1967
f 1727/2198/1972 1726/2192/1966 1697/2197/1971
f 1698/2199/1973 1727/2198/1972 1697/2197/1971
f 1728/2200/1974 1727/2198/1972 1698/2199/1973
f 1699/2201/1975 1728/2200/1974 1698/2199/1973
f 1729/2202/1976 1728/2200/1974 1699/2201/1975
f 1700/2203/1977 1729/2202/1976 1699/2201/1975
f 1701/2204/1978 1729/2202/1976 1700/2203/1977
f 1730/2205/1979 1729/2202/1976 1701/2204/1978
f 1702/2206/1980 1730/2205/1979 1701/2204/1978
f 1731/2207/1981 1730/2205/1979 1702/2206/1980
f 1703/2208/1982 1731/2207/1981 1702/2206/1980
f 1732/2209/1983 1731/2207/1981 1703/2208/1982
f 1704/2210/1984 1732/2209/1983 1703/2208/1982
f 1733/2211/1985 1732/2209/1983 1704/2210/1984
f 1705/2212/1986 1733/2211/1985 1704/2210/1984
f 1706/2213/1987 1733/2211/1985 1705/2212/1986
f 1734/2214/1988 1733/2211/1985 1706/2213/1987
f 1707/2215/1989 1734/2214/1988 1706/2213/1987
f 1735/2216/1990 1734/2214/1988 1707/2215/1989
f 1708/2217/1991 1735/2216/1990 1707/2215/1989
f 1736/2218/1992 1735/2216/1990 1708/2217/1991
f 1709/2219/1993 1736/2218/1992 1708/2217/1991
f 1737/2220/1994 1736/2218/1992 1709/2219/1993
f 1710/2221/1995 1737/2220/1994 1709/2219/1993
f 1711/2222/1996 1737/2220/1994 1710/2221/1995
f 1738/2223/1997 1737/2220/1994 1711/2222/1996
f 1712/2224/1998 1738/2223/1997 1711/2222/1996
f 1739/2225/1999 1738/2223/1997 1712/2224/1998
f 1713/2226/2000 1739/2225/1999 1712/2224/1998
f 1740/2227/2001 1739/2225/1999 1713/2226/2000
f 1714/2228/2002 1740/2227/2001 1713/2226/2000
f 1741/2229/2003 1740/2227/2001 1714/2228/2002
f 1715/2230/2004 1741/2229/2003 1714/2228/2002
f 1716/2231/2005 1741/2229/2003 1715/2230/2004
f 1742/2232/2006 1741/2229/2003 1716/2231/2005
f 1717/2233/2007 1742/2232/2006 1716/2231/2005
f 1743/2234/2008 1742/2232/2006 1717/2233/2007
f 1718/2235/2009 1743/2234/2008 1717/2233/2007
f 1744/2236/2010 1743/2234/2008 1718/2235/2009
f 1719/2237/2011 1744/2236/2010 1718/2235/2009
f 1745/2238/2012 1744/2236/2010 1719/2237/2011
f 1720/2239/2013 1745/2238/2012 1719/2237/2011
f 1721/2240/2014 1745/2238/2012 1720/2239/2013
f 1746/2241/2015 1745/2238/2012 1721/2240/2014
f 1722/2242/2016 1746/2241/2015 1721/2240/2014
f 1747/2243/2017 1746/2241/2015 1722/2242/2016
f 1723/2244/2018 1747/2243/2017 1722/2242/2016
f 1748/2245/2019 1747/2243/2017 1723/2244/2018
f 1724/2196/1970 1748/2245/2019 1723/2244/2018
f 1725/2194/1968 1748/2245/2019 1724/2196/1970
f 1749/2248/2022 1465/2247/2021 1750/2246/2020
f 1464/2249/2023 1465/2247/2021 1749/2248/2022
f 1778/2252/2024 1464/2251/2023 1749/2250/2022
f 1493/2253/2025 1464/2251/2023 1778/2252/2024
f 1492/2254/2026 1493/2253/2025 1778/2252/2024
f 1465/2247/2021 1751/2255/2027 1750/2246/2020
f 1466/2256/2028 1751/2255/2027 1465/2247/2021
f 1752/2257/2029 1751/2255/2027 1466/2256/2028
f 1467/2258/2030 1752/2257/2029 1466/2256/2028
f 1753/2259/2031 1752/2257/2029 1467/2258/2030
f 1468/2260/2032 1753/2259/2031 1467/2258/2030
f 1754/2261/2033 1753/2259/2031 1468/2260/2032
f 1469/2262/2034 1754/2261/2033 1468/2260/2032
f 1755/2263/2035 1754/2261/2033 1469/2262/2034
f 1470/2264/2036 1755/2263/2035 1469/2262/2034
f 1756/2265/2037 1755/2263/2035 1470/2264/2036
f 1471/2266/2038 1756/2265/2037 1470/2264/2036
f 1757/2267/2039 1756/2265/2037 1471/2266/2038
f 1472/2268/2040 1757/2267/2039 1471/2266/2038
f 1758/2269/2041 1757/2267/2039 1472/2268/2040
f 1473/2270/2042 1758/2269/2041 1472/2268/2040
f 1759/2271/2043 1758/2269/2041 1473/2270/2042
f 1474/2272/2044 1759/2271/2043 1473/2270/2042
f 1760/2273/2045 1759/2271/2043 1474/2272/2044
f 1475/2274/2046 1760/2273/2045 1474/2272/2044
f 1761/2275/2047 1760/2273/2045 1475/2274/2046
f 1476/2276/2048 1761/2275/2047 1475/2274/2046
f 1762/2277/2049 1761/2275/2047 1476/2276/2048
f 1477/2278/2050 1762/2277/2049 1476/2276/2048
f 1763/2279/2051 1762/2277/2049 1477/2278/2050
f 1478/2280/2052 1763/2279/2051 1477/2278/2050
f 1764/2281/2053 1763/2279/2051 1478/2280/2052
f 1479/2282/2054 1764/2281/2053 1478/2280/2052
f 1765/2283/2055 1764/2281/2053 1479/2282/2054
f 1480/2284/2056 1765/2283/2055 1479/2282/2054
f 1766/2285/2057 1765/2283/2055 1480/2284/2056
f 1481/2286/2058 1766/2285/2057 1480/2284/2056
f 1767/2287/2059 1766/2285/2057 1481/2286/2058
f 1482/2288/2060 1767/2287/2059 1481/2286/2058
f 1768/2289/2061 1767/2287/2059 1482/2288/2060
f 1483/2290/2062 1768/2289/2061 1482/2288/2060
f 1769/2291/2063 1768/2289/2061 1483/2290/2062
f 1484/2292/2064 1769/2291/2063 1483/2290/2062
f 1770/2293/2065 1769/2291/2063 1484/2292/2064
f 1485/2294/2066 1770/2293/2065 1484/2292/2064
f 1771/2295/2067 1770/2293/2065 1485/2294/2066
f 1486/2296/2068 1771/2295/2067 1485/2294/2066
f 1772/2297/2069 1771/2295/2067 1486/2296/2068
f 1487/2298/2070 1772/2297/2069 1486/2296/2068
f 1773/2299/2071 1772/2297/2069 1487/2298/2070
f 1488/2300/2072 1773/2299/2071 1487/2298/2070
f 1774/2301/2073 1773/2299/2071 1488/2300/2072
f 1489/2302/2074 1774/2301/2073 1488/2300/2072
f 1775/2303/2075 1774/2301/2073 1489/2302/2074
f 1490/2304/2076 1775/2303/2075 1489/2302/2074
f 1776/2305/2077 1775/2303/2075 1490/2304/2076
f 1491/2306/2078 1776/2305/2077 1490/2304/2076
f 1777/2307/2079 1776/2305/2077 1491/2306/2078
f 1492/2254/2026 1777/2307/2079 1491/2306/2078
f 1778/2252/2024 1777/2307/2079 1492/2254/2026
f 1779/2310/2082 1750/2309/2081 1780/2308/2080
f 1749/2311/2083 1750/2309/2081 1779/2310/2082
f 1778/2312/2084 1749/2311/2083 1779/2310/2082
f 1751/2313/2085 1780/2308/2080 1750/2309/2081
f 1781/2314/2086 1780/2308/2080 1751/2313/2085
f 1752/2315/2087 1781/2314/2086 1751/2313/2085
f 1782/2316/2088 1781/2314/2086 1752/2315/2087
f 1753/2317/2089 1782/2316/2088 1752/2315/2087
f 1783/2318/2090 1782/2316/2088 1753/2317/2089
f 1754/2319/2091 1783/2318/2090 1753/2317/2089
f 1755/2320/2092 1783/2318/2090 1754/2319/2091
f 1784/2321/2093 1783/2318/2090 1755/2320/2092
f 1756/2322/2094 1784/2321/2093 1755/2320/2092
f 1785/2323/2095 1784/2321/2093 1756/2322/2094
f 1757/2324/2096 1785/2323/2095 1756/2322/2094
f 1786/2325/2097 1785/2323/2095 1757/2324/2096
f 1758/2326/2098 1786/2325/2097 1757/2324/2096
f 1787/2327/2099 1786/2325/2097 1758/2326/2098
f 1759/2328/2100 1787/2327/2099 1758/2326/2098
f 1760/2329/2101 1787/2327/2099 1759/2328/2100
f 1788/2330/2102 1787/2327/2099 1760/2329/2101
f 1761/2331/2103 1788/2330/2102 1760/2329/2101
f 1789/2332/2104 1788/2330/2102 1761/2331/2103
f 1762/2333/2105 1789/2332/2104 1761/2331/2103
f 1790/2334/2106 1789/2332/2104 1762/2333/2105
f 1763/2335/2107 1790/2334/2106 1762/2333/2105
f 1791/2336/2108 1790/2334/2106 1763/2335/2107
f 1764/2337/2109 1791/2336/2108 1763/2335/2107
f 1765/2338/2110 1791/2336/2108 1764/2337/2109
f 1792/2339/2111 1791/2336/2108 1765/2338/2110
f 1766/2340/2112 1792/2339/2111 1765/2338/2110
f 1793/2341/2113 1792/2339/2111 1766/2340/2112
f 1767/2342/2114 1793/2341/2113 1766/2340/2112
f 1794/2343/2115 1793/2341/2113 1767/2342/2114
f 1768/2344/2116 1794/2343/2115 1767/2342/2114
f 1795/2345/2117 1794/2343/2115 1768/2344/2116
f 1769/2346/2118 1795/2345/2117 1768/2344/2116
f 1770/2347/2119 1795/2345/2117 1769/2346/2118
f 1796/2348/2120 1795/2345/2117 1770/2347/2119
f 1771/2349/2121 1796/2348/2120 1770/2347/2119
f 1797/2350/2122 1796/2348/2120 1771/2349/2121
f 1772/2351/2123 1797/2350/2122 1771/2349/2121
f 1798/2352/2124 1797/2350/2122 1772/2351/2123
f 1773/2353/2125 1798/2352/2124 1772/2351/2123
f 1799/2354/2126 1798/2352/2124 1773/2353/2125
f 1774/2355/2127 1799/2354/2126 1773/2353/2125
f 1775/2356/2128 1799/2354/2126 1774/2355/2127
f 1800/2357/2129 1799/2354/2126 1775/2356/2128
f 1776/2358/2130 1800/2357/2129 1775/2356/2128
f 1801/2359/2131 1800/2357/2129 1776/2358/2130
f 1777/2360/2132 1801/2359/2131 1776/2358/2130
f 1802/2361/2133 1801/2359/2131 1777/2360/2132
f 1778/2312/2084 1802/2361/2133 1777/2360/2132
f 1779/2310/2082 1802/2361/2133 1778/2312/2084
f 1/2364/2136 1726/2363/2135 24/2362/2134
f 1725/2365/2137 1726/2363/2135 1/2364/2136
f 2/2368/2138 1725/2367/2137 1/2366/2136
f 1748/2369/2139 1725/2367/2137 2/2368/2138
f 3/2370/2140 1748/2369/2139 2/2368/2138
f 1747/2371/2141 1748/2369/2139 3/2370/2140
f 4/2372/2142 1747/2371/2141 3/2370/2140
f 1746/2373/2143 1747/2371/2141 4/2372/2142
f 5/2374/2144 1746/2373/2143 4/2372/2142
f 1745/2375/2145 1746/2373/2143 5/2374/2144
f 6/2376/2146 1745/2375/2145 5/2374/2144
f 1744/2377/2147 1745/2375/2145 6/2376/2146
f 7/2378/2148 1744/2377/2147 6/2376/2146
f 1743/2379/2149 1744/2377/2147 7/2378/2148
f 8/2380/2150 1743/2379/2149 7/2378/2148
f 1742/2381/2151 1743/2379/2149 8/2380/2150
f 9/2382/2152 1742/2381/2151 8/2380/2150
f 1741/2383/2153 1742/2381/2151 9/2382/2152
f 10/2384/2154 1741/2383/2153 9/2382/2152
f 1740/2385/2155 1741/2383/2153 10/2384/2154
f 11/2386/2156 1740/2385/2155 10/2384/2154
f 1739/2387/2157 1740/2385/2155 11/2386/2156
f 12/2388/2158 1739/2387/2157 11/2386/2156
f 1738/2389/2159 1739/2387/2157 12/2388/2158
f 13/2390/2160 1738/2389/2159 12/2388/2158
f 1737/2391/2161 1738/2389/2159 13/2390/2160
f 14/2392/2162 1737/2391/2161 13/2390/2160
f 1736/2393/2163 1737/2391/2161 14/2392/2162
f 15/2394/2164 1736/2393/2163 14/2392/2162
f 1735/2395/2165 1736/2393/2163 15/2394/2164
f 16/2396/2166 1735/2395/2165 15/2394/2164
f 1734/2397/2167 1735/2395/2165 16/2396/2166
f 17/2398/2168 1734/2397/2167 16/2396/2166
f 1733/2399/2169 1734/2397/2167 17/2398/2168
f 18/2400/2170 1733/2399/2169 17/2398/2168
f 1732/2401/2171 1733/2399/2169 18/2400/2170
f 19/2402/2172 1732/2401/2171 18/2400/2170
f 1731/2403/2173 1732/2401/2171 19/2402/2172
f 20/2404/2174 1731/2403/2173 19/2402/2172
f 1730/2405/2175 1731/2403/2173 20/2404/2174
f 21/2406/2176 1730/2405/2175 20/2404/2174
f 1729/2407/2177 1730/2405/2175 21/2406/2176
f 22/2408/2178 1729/2407/2177 21/2406/2176
f 1728/2409/2179 1729/2407/2177 22/2408/2178
f 23/2410/2180 1728/2409/2179 22/2408/2178
f 1727/2411/2181 1728/2409/2179 23/2410/2180
f 24/2362/2134 1727/2411/2181 23/2410/2180
f 1726/2363/2135 1727/2411/2181 24/2362/2134
f 25/2414/2184 1780/2413/2183 48/2412/2182
f 1779/2415/2185 1780/2413/2183 25/2414/2184
f 26/2418/2186 1779/2417/2185 25/2416/2184
f 1802/2419/2187 1779/2417/2185 26/2418/2186
f 27/2420/2188 1802/2419/2187 26/2418/2186
f 1801/2421/2189 1802/2419/2187 27/2420/2188
f 28/2422/2190 1801/2421/2189 27/2420/2188
f 1800/2423/2191 1801/2421/2189 28/2422/2190
f 29/2424/2192 1800/2423/2191 28/2422/2190
f 1799/2425/2193 1800/2423/2191 29/2424/2192
f 30/2426/2194 1799/2425/2193 29/2424/2192
f 1798/2427/2195 1799/2425/2193 30/2426/2194
f 31/2428/2196 1798/2427/2195 30/2426/2194
f 1797/2429/2197 1798/2427/2195 31/2428/2196
f 32/2430/2198 1797/2429/2197 31/2428/2196
f 1796/2431/2199 1797/2429/2197 32/2430/2198
f 33/2432/2200 1796/2431/2199 32/2430/2198
f 1795/2433/2201 1796/2431/2199 33/2432/2200
f 34/2434/2202 1795/2433/2201 33/2432/2200
f 1794/2435/2203 1795/2433/2201 34/2434/2202
f 35/2436/2204 1794/2435/2203 34/2434/2202
f 1793/2437/2205 1794/2435/2203 35/2436/2204
f 36/2438/2206 1793/2437/2205 35/2436/2204
f 1792/2439/2207 1793/2437/2205 36/2438/2206
f 37/2440/2208 1792/2439/2207 36/2438/2206
f 1791/2441/2209 1792/2439/2207 37/2440/2208
f 38/2442/2210 1791/2441/2209 37/2440/2208
f 1790/2443/2211 1791/2441/2209 38/2442/2210
f 39/2444/2212 1790/2443/2211 38/2442/2210
f 1789/2445/2213 1790/2443/2211 39/2444/2212
f 40/2446/2214 1789/2445/2213 39/2444/2212
f 1788/2447/2215 1789/2445/2213 40/2446/2214
f 41/2448/2216 1788/2447/2215 40/2446/2214
f 1787/2449/2217 1788/2447/2215 41/2448/2216
f 42/2450/2218 1787/2449/2217 41/2448/2216
f 1786/2451/2219 1787/2449/2217 42/2450/2218
f 43/2452/2220 1786/2451/2219 42/2450/2218
f 1785/2453/2221 1786/2451/2219 43/2452/2220
f 44/2454/2222 1785/2453/2221 43/2452/2220
f 1784/2455/2223 1785/2453/2221 44/2454/2222
f 45/2456/2224 1784/2455/2223 44/2454/2222
f 1783/2457/2225 1784/2455/2223 45/2456/2224
f 46/2458/2226 1783/2457/2225 45/2456/2224
f 1782/2459/2227 1783/2457/2225 46/2458/2226
f 47/2460/2228 1782/2459/2227 46/2458/2226
f 1781/2461/2229 1782/2459/2227 47/2460/2228
f 48/2412/2182 1781/2461/2229 47/2460/2228
f 1780/2413/2183 1781/2461/2229 48/2412/2182
f 49/2464/2232 1618/2463/2231 72/2462/2230
f 1617/2465/2233 1618/2463/2231 49/2464/2232
f 50/2468/2234 1617/2467/2233 49/2466/2232
f 1640/2469/2235 1617/2467/2233 50/2468/2234
f 51/2470/2236 1640/2469/2235 50/2468/2234
f 1639/2471/2237 1640/2469/2235 51/2470/2236
f 52/2472/2238 1639/2471/2237 51/2470/2236
f 1638/2473/2239 1639/2471/2237 52/2472/2238
f 53/2474/2240 1638/2473/2239 52/2472/2238
f 1637/2475/2241 1638/2473/2239 53/2474/2240
f 54/2476/2242 1637/2475/2241 53/2474/2240
f 1636/2477/2243 1637/2475/2241 54/2476/2242
f 55/2478/2244 1636/2477/2243 54/2476/2242
f 1635/2479/2245 1636/2477/2243 55/2478/2244
f 56/2480/2246 1635/2479/2245 55/2478/2244
f 1634/2481/2247 1635/2479/2245 56/2480/2246
f 57/2482/2248 1634/2481/2247 56/2480/2246
f 1633/2483/2249 1634/2481/2247 57/2482/2248
f 58/2484/2250 1633/2483/2249 57/2482/2248
f 1632/2485/2251 1633/2483/2249 58/2484/2250
f 59/2486/2252 1632/2485/2251 58/2484/2250
f 1631/2487/2253 1632/2485/2251 59/2486/2252
f 60/2488/2254 1631/2487/2253 59/2486/2252
f 1630/2489/2255 1631/2487/2253 60/2488/2254
f 61/2490/2256 1630/2489/2255 60/2488/2254
f 1629/2491/2257 1630/2489/2255 61/2490/2256
f 62/2492/2258 1629/2491/2257 61/2490/2256
f 1628/2493/2259 1629/2491/2257 62/2492/2258
f 63/2494/2260 1628/2493/2259 62/2492/2258
f 1627/2495/2261 1628/2493/2259 63/2494/2260
f 64/2496/2262 1627/2495/2261 63/2494/2260
f 1626/2497/2263 1627/2495/2261 64/2496/2262
f 65/2498/2264 1626/2497/2263 64/2496/2262
f 1625/2499/2265 1626/2497/2263 65/2498/2264
f 66/2500/2266 1625/2499/2265 65/2498/2264
f 1624/2501/2267 1625/2499/2265 66/2500/2266
f 67/2502/2268 1624/2501/2267 66/2500/2266
f 1623/2503/2269 1624/2501/2267 67/2502/2268
f 68/2504/2270 1623/2503/2269 67/2502/2268
f 1622/2505/2271 1623/2503/2269 68/2504/2270
f 69/2506/2272 1622/2505/2271 68/2504/2270
f 1621/2507/2273 1622/2505/2271 69/2506/2272
f 70/2508/2274 1621/2507/2273 69/2506/2272
f 1620/2509/2275 1621/2507/2273 70/2508/2274
f 71/2510/2276 1620/2509/2275 70/2508/2274
f 1619/2511/2277 1620/2509/2275 71/2510/2276
f 72/2462/2230 1619/2511/2277 71/2510/2276
f 1618/2463/2231 1619/2511/2277 72/2462/2230
f 73/2514/2280 1672/2513/2279 96/2512/2278
f 1671/2515/2281 1672/2513/2279 73/2514/2280
f 74/2518/2282 1671/2517/2281 73/2516/2280
f 1694/2519/2283 1671/2517/2281 74/2518/2282
f 75/2520/2284 1694/2519/2283 74/2518/2282
f 1693/2521/2285 1694/2519/2283 75/2520/2284
f 76/2522/2286 1693/2521/2285 75/2520/2284
f 1692/2523/2287 1693/2521/2285 76/2522/2286
f 77/2524/2288 1692/2523/2287 76/2522/2286
f 1691/2525/2289 1692/2523/2287 77/2524/2288
f 78/2526/2290 1691/2525/2289 77/2524/2288
f 1690/2527/2291 1691/2525/2289 78/2526/2290
f 79/2528/2292 1690/2527/2291 78/2526/2290
f 1689/2529/2293 1690/2527/2291 79/2528/2292
f 80/2530/2294 1689/2529/2293 79/2528/2292
f 1688/2531/2295 1689/2529/2293 80/2530/2294
f 81/2532/2296 1688/2531/2295 80/2530/2294
f 1687/2533/2297 1688/2531/2295 81/2532/2296
f 82/2534/2298 1687/2533/2297 81/2532/2296
f 1686/2535/2299 1687/2533/2297 82/2534/2298
f 83/2536/2300 1686/2535/2299 82/2534/2298
f 1685/2537/2301 1686/2535/2299 83/2536/2300
f 84/2538/2302 1685/2537/2301 83/2536/2300
f 1684/2539/2303 1685/2537/2301 84/2538/2302
f 85/2540/2304 1684/2539/2303 84/2538/2302
f 1683/2541/2305 1684/2539/2303 85/2540/2304
f 86/2542/2306 1683/2541/2305 85/2540/2304
f 1682/2543/2307 1683/2541/2305 86/2542/2306
f 87/2544/2308 1682/2543/2307 86/2542/2306
f 1681/2545/2309 1682/2543/2307 87/2544/2308
f 88/2546/2310 1681/2545/2309 87/2544/2308
f 1680/2547/2311 1681/2545/2309 88/2546/2310
f 89/2548/2312 1680/2547/2311 88/2546/2310
f 1679/2549/2313 1680/2547/2311 89/2548/2312
f 90/2550/2314 1679/2549/2313 89/2548/2312
f 1678/2551/2315 1679/2549/2313 90/2550/2314
f 91/2552/2316 1678/2551/2315 90/2550/2314
f 1677/2553/2317 1678/2551/2315 91/2552/2316
f 92/2554/2318 1677/2553/2317 91/2552/2316
f 1676/2555/2319 1677/2553/2317 92/2554/2318
f 93/2556/2320 1676/2555/2319 92/2554/2318
f 1675/2557/2321 1676/2555/2319 93/2556/2320
f 94/2558/2322 1675/2557/2321 93/2556/2320
f 1674/2559/2323 1675/2557/2321 94/2558/2322
f 95/2560/2324 1674/2559/2323 94/2558/2322
f 1673/2561/2325 1674/2559/2323 95/2560/2324
f 96/2512/2278 1673/2561/2325 95/2560/2324
f 1672/2513/2279 1673/2561/2325 96/2512/2278
f 97/2564/2328 1829/2563/2327 149/2562/2326
f 1830/2567/2329 1829/2566/2327 97/2565/2328
f 98/2568/2330 1830/2567/2329 97/2565/2328
f 1831/2569/2331 1830/2567/2329 98/2568/2330
f 99/2570/2332 1831/2569/2331 98/2568/2330
f 1832/2571/2333 1831/2569/2331 99/2570/2332
f 100/2572/2334 1832/2571/2333 99/2570/2332
f 1833/2573/2335 1832/2571/2333 100/2572/2334
f 101/2574/2336 1833/2573/2335 100/2572/2334
f 1834/2575/2337 1833/2573/2335 101/2574/2336
f 102/2576/2338 1834/2575/2337 101/2574/2336
f 1835/2577/2339 1834/2575/2337 102/2576/2338
f 103/2578/2340 1835/2577/2339 102/2576/2338
f 1836/2579/2341 1835/2577/2339 103/2578/2340
f 104/2580/2342 1836/2579/2341 103/2578/2340
f 1837/2581/2343 1836/2579/2341 104/2580/2342
f 105/2582/2344 1837/2581/2343 104/2580/2342
f 1838/2583/2345 1837/2581/2343 105/2582/2344
f 106/2584/2346 1838/2583/2345 105/2582/2344
f 1839/2585/2347 1838/2583/2345 106/2584/2346
f 107/2586/2348 1839/2585/2347 106/2584/2346
f 1840/2587/2349 1839/2585/2347 107/2586/2348
f 108/2588/2350 1840/2587/2349 107/2586/2348
f 1841/2589/2351 1840/2587/2349 108/2588/2350
f 109/2590/2352 1841/2589/2351 108/2588/2350
f 1842/2591/2353 1841/2589/2351 109/2590/2352
f 110/2592/2354 1842/2591/2353 109/2590/2352
f 1843/2593/2355 1842/2591/2353 110/2592/2354
f 111/2594/2356 1843/2593/2355 110/2592/2354
f 1844/2595/2357 1843/2593/2355 111/2594/2356
f 112/2596/2358 1844/2595/2357 111/2594/2356
f 1845/2597/2359 1844/2595/2357 112/2596/2358
f 113/2598/2360 1845/2597/2359 112/2596/2358
f 1846/2599/2361 1845/2597/2359 113/2598/2360
f 114/2600/2362 1846/2599/2361 113/2598/2360
f 1847/2601/2363 1846/2599/2361 114/2600/2362
f 115/2602/2364 1847/2601/2363 114/2600/2362
f 1848/2603/2365 1847/2601/2363 115/2602/2364
f 116/2604/2366 1848/2603/2365 115/2602/2364
f 1849/2605/2367 1848/2603/2365 116/2604/2366
f 117/2606/2368 1849/2605/2367 116/2604/2366
f 1850/2607/2369 1849/2605/2367 117/2606/2368
f 118/2608/2370 1850/2607/2369 117/2606/2368
f 1851/2609/2371 1850/2607/2369 118/2608/2370
f 119/2610/2372 1851/2609/2371 118/2608/2370
f 1852/2611/2373 1851/2609/2371 119/2610/2372
f 120/2612/2374 1852/2611/2373 119/2610/2372
f 1853/2613/2375 1852/2611/2373 120/2612/2374
f 121/2614/2376 1853/2613/2375 120/2612/2374
f 1854/2615/2377 1853/2613/2375 121/2614/2376
f 122/2616/2378 1854/2615/2377 121/2614/2376
f 1855/2617/2379 1854/2615/2377 122/2616/2378
f 123/2618/2380 1855/2617/2379 122/2616/2378
f 1803/2619/2381 1855/2617/2379 123/2618/2380
f 124/2620/2382 1803/2619/2381 123/2618/2380
f 1804/2621/2383 1803/2619/2381 124/2620/2382
f 125/2622/2384 1804/2621/2383 124/2620/2382
f 1805/2623/2385 1804/2621/2383 125/2622/2384
f 126/2624/2386 1805/2623/2385 125/2622/2384
f 1806/2625/2387 1805/2623/2385 126/2624/2386
f 127/2626/2388 1806/2625/2387 126/2624/2386
f 1807/2627/2389 1806/2625/2387 127/2626/2388
f 128/2628/2390 1807/2627/2389 127/2626/2388
f 1808/2629/2391 1807/2627/2389 128/2628/2390
f 129/2630/2392 1808/2629/2391 128/2628/2390
f 1809/2631/2393 1808/2629/2391 129/2630/2392
f 130/2632/2394 1809/2631/2393 129/2630/2392
f 1810/2633/2395 1809/2631/2393 130/2632/2394
f 131/2634/2396 1810/2633/2395 130/2632/2394
f 1811/2635/2397 1810/2633/2395 131/2634/2396
f 132/2636/2398 1811/2635/2397 131/2634/2396
f 1812/2637/2399 1811/2635/2397 132/2636/2398
f 133/2638/2400 1812/2637/2399 132/2636/2398
f 1813/2639/2401 1812/2637/2399 133/2638/2400
f 134/2640/2402 1813/2639/2401 133/2638/2400
f 1814/2641/2403 1813/2639/2401 134/2640/2402
f 135/2642/2404 1814/2641/2403 134/2640/2402
f 1815/2643/2405 1814/2641/2403 135/2642/2404
f 136/2644/2406 1815/2643/2405 135/2642/2404
f 1816/2645/2407 1815/2643/2405 136/2644/2406
f 137/2646/2408 1816/2645/2407 136/2644/2406
f 1817/2647/2409 1816/2645/2407 137/2646/2408
f 138/2648/2410 1817/2647/2409 137/2646/2408
f 1818/2649/2411 1817/2647/2409 138/2648/2410
f 139/2650/2412 1818/2649/2411 138/2648/2410
f 1819/2651/2413 1818/2649/2411 139/2650/2412
f 140/2652/2414 1819/2651/2413 139/2650/2412
f 1820/2653/2415 1819/2651/2413 140/2652/2414
f 141/2654/2416 1820/2653/2415 140/2652/2414
f 1821/2655/2417 1820/2653/2415 141/2654/2416
f 142/2656/2418 1821/2655/2417 141/2654/2416
f 1822/2657/2419 1821/2655/2417 142/2656/2418
f 143/2658/2420 1822/2657/2419 142/2656/2418
f 1823/2659/2421 1822/2657/2419 143/2658/2420
f 144/2660/2422 1823/2659/2421 143/2658/2420
f 1824/2661/2423 1823/2659/2421 144/2660/2422
f 145/2662/2424 1824/2661/2423 144/2660/2422
f 1825/2663/2425 1824/2661/2423 145/2662/2424
f 146/2664/2426 1825/2663/2425 145/2662/2424
f 1826/2665/2427 1825/2663/2425 146/2664/2426
f 147/2666/2428 1826/2665/2427 146/2664/2426
f 1827/2667/2429 1826/2665/2427 147/2666/2428
f 148/2668/2430 1827/2667/2429 147/2666/2428
f 1828/2669/2431 1827/2667/2429 148/2668/2430
f 149/2562/2326 1828/2669/2431 148/2668/2430
f 1829/2563/2327 1828/2669/2431 149/2562/2326
f 1920/2672/2432 649/2671/725 1461/2670/1498
f 783/2673/875 649/2671/725 1920/2672/2432
f 1919/2674/2433 783/2673/875 1920/2672/2432
f 782/2675/873 783/2673/875 1919/2674/2433
f 1918/2676/2434 782/2675/873 1919/2674/2433
f 781/2677/871 782/2675/873 1918/2676/2434
f 1917/2678/2435 781/2677/871 1918/2676/2434
f 780/2679/869 781/2677/871 1917/2678/2435
f 1916/2680/2436 780/2679/869 1917/2678/2435
f 779/2681/867 780/2679/869 1916/2680/2436
f 1915/2682/2437 779/2681/867 1916/2680/2436
f 778/2683/865 779/2681/867 1915/2682/2437
f 1914/2684/2438 778/2683/865 1915/2682/2437
f 777/2685/863 778/2683/865 1914/2684/2438
f 1913/2686/2439 777/2685/863 1914/2684/2438
f 776/2687/861 777/2685/863 1913/2686/2439
f 1912/2688/2440 776/2687/861 1913/2686/2439
f 775/2689/859 776/2687/861 1912/2688/2440
f 1911/2690/2441 775/2689/859 1912/2688/2440
f 774/2691/857 775/2689/859 1911/2690/2441
f 1910/2692/2442 774/2691/857 1911/2690/2441
f 773/2693/855 774/2691/857 1910/2692/2442
f 1909/2694/2443 773/2693/855 1910/2692/2442
f 772/2695/853 773/2693/855 1909/2694/2443
f 1908/2696/2444 772/2695/853 1909/2694/2443
f 771/2697/851 772/2695/853 1908/2696/2444
f 1907/2698/2445 771/2697/851 1908/2696/2444
f 770/2699/849 771/2697/851 1907/2698/2445
f 1906/2700/2446 770/2699/849 1907/2698/2445
f 769/2701/847 770/2699/849 1906/2700/2446
f 1905/2702/2447 769/2701/847 1906/2700/2446
f 768/2703/845 769/2701/847 1905/2702/2447
f 1904/2704/2448 768/2703/845 1905/2702/2447
f 767/2705/843 768/2703/845 1904/2704/2448
f 1903/2706/2449 767/2705/843 1904/2704/2448
f 766/2707/841 767/2705/843 1903/2706/2449
f 1902/2708/2450 766/2707/841 1903/2706/2449
f 765/2709/839 766/2707/841 1902/2708/2450
f 1901/2710/2451 765/2709/839 1902/2708/2450
f 764/2711/837 765/2709/839 1901/2710/2451
f 1900/2712/2452 764/2711/837 1901/2710/2451
f 763/2713/835 764/2711/837 1900/2712/2452
f 1899/2714/2453 763/2713/835 1900/2712/2452
f 762/2715/833 763/2713/835 1899/2714/2453
f 1898/2716/2454 762/2715/833 1899/2714/2453
f 761/2717/831 762/2715/833 1898/2716/2454
f 1897/2718/2455 761/2717/831 1898/2716/2454
f 760/2719/829 761/2717/831 1897/2718/2455
f 1896/2720/2456 760/2719/829 1897/2718/2455
f 759/2721/827 760/2719/829 1896/2720/2456
f 1895/2722/2457 759/2721/827 1896/2720/2456
f 758/2723/825 759/2721/827 1895/2722/2457
f 1894/2724/2458 758/2723/825 1895/2722/2457
f 757/2725/823 758/2723/825 1894/2724/2458
f 1893/2726/2459 757/2725/823 1894/2724/2458
f 756/2727/821 757/2725/823 1893/2726/2459
f 1892/2728/2460 756/2727/821 1893/2726/2459
f 755/2729/819 756/2727/821 1892/2728/2460
f 1891/2730/2461 755/2729/819 1892/2728/2460
f 754/2731/817 755/2729/819 1891/2730/2461
f 1890/2732/2462 754/2731/817 1891/2730/2461
f 753/2733/815 754/2731/817 1890/2732/2462
f 1889/2734/2463 753/2733/815 1890/2732/2462
f 752/2735/813 753/2733/815 1889/2734/2463
f 1888/2736/2464 752/2735/813 1889/2734/2463
f 751/2737/811 752/2735/813 1888/2736/2464
f 1887/2738/2465 751/2737/811 1888/2736/2464
f 750/2739/809 751/2737/811 1887/2738/2465
f 1886/2740/2466 750/2739/809 1887/2738/2465
f 749/2741/807 750/2739/809 1886/2740/2466
f 1885/2742/2467 749/2741/807 1886/2740/2466
f 748/2743/805 749/2741/807 1885/2742/2467
f 1884/2744/2468 748/2743/805 1885/2742/2467
f 747/2745/803 748/2743/805 1884/2744/2468
f 1883/2746/2469 747/2745/803 1884/2744/2468
f 746/2747/801 747/2745/803 1883/2746/2469
f 1882/2748/2470 746/2747/801 1883/2746/2469
f 745/2749/799 746/2747/801 1882/2748/2470
f 1881/2750/2471 745/2749/799 1882/2748/2470
f 744/2751/797 745/2749/799 1881/2750/2471
f 1880/2752/2472 744/2751/797 1881/2750/2471
f 743/2753/795 744/2751/797 1880/2752/2472
f 1879/2754/2473 743/2753/795 1880/2752/2472
f 742/2755/793 743/2753/795 1879/2754/2473
f 1878/2756/2474 742/2755/793 1879/2754/2473
f 741/2757/791 742/2755/793 1878/2756/2474
f 1877/2758/2475 741/2757/791 1878/2756/2474
f 740/2759/789 741/2757/791 1877/2758/2475
f 1876/2760/2476 740/2759/789 1877/2758/2475
f 739/2761/787 740/2759/789 1876/2760/2476
f 1875/2762/2477 739/2761/787 1876/2760/2476
f 738/2763/785 739/2761/787 1875/2762/2477
f 1874/2764/2478 738/2763/785 1875/2762/2477
f 737/2765/783 738/2763/785 1874/2764/2478
f 1873/2766/2479 737/2765/783 1874/2764/2478
f 736/2767/781 737/2765/783 1873/2766/2479
f 1872/2768/2480 736/2767/781 1873/2766/2479
f 735/2769/779 736/2767/781 1872/2768/2480
f 1871/2770/2481 735/2769/779 1872/2768/2480
f 734/2771/777 735/2769/779 1871/2770/2481
f 1870/2772/2482 734/2771/777 1871/2770/2481
f 733/2773/775 734/2771/777 1870/2772/2482
f 1869/2774/2483 733/2773/775 1870/2772/2482
f 732/2775/773 733/2773/775 1869/2774/2483
f 1868/2776/2484 732/2775/773 1869/2774/2483
f 731/2777/771 732/2775/773 1868/2776/2484
f 1867/2778/2485 731/2777/771 1868/2776/2484
f 730/2779/769 731/2777/771 1867/2778/2485
f 1866/2780/2486 730/2779/769 1867/2778/2485
f 729/2781/767 730/2779/769 1866/2780/2486
f 1865/2782/2487 729/2781/767 1866/2780/2486
f 728/2783/765 729/2781/767 1865/2782/2487
f 1864/2784/2488 728/2783/765 1865/2782/2487
f 727/2785/763 728/2783/765 1864/2784/2488
f 1863/2786/2489 727/2785/763 1864/2784/2488
f 726/2787/761 727/2785/763 1863/2786/2489
f 1862/2788/2490 726/2787/761 1863/2786/2489
f 725/2789/759 726/2787/761 1862/2788/2490
f 1861/2790/2491 725/2789/759 1862/2788/2490
f 724/2791/757 725/2789/759 1861/2790/2491
f 1860/2792/2492 724/2791/757 1861/2790/2491
f 723/2793/755 724/2791/757 1860/2792/2492
f 1859/2794/2493 723/2793/755 1860/2792/2492
f 722/2795/753 723/2793/755 1859/2794/2493
f 1858/2796/2494 722/2795/753 1859/2794/2493
f 721/2797/751 722/2795/753 1858/2796/2494
f 1857/2798/2495 721/2797/751 1858/2796/2494
f 720/2799/749 721/2797/751 1857/2798/2495
f 1856/2800/2496 720/2799/749 1857/2798/2495
f 719/2801/747 720/2799/749 1856/2800/2496
f 1586/2802/1619 719/2801/747 1856/2800/2496
f 718/2803/746 719/2801/747 1586/2802/1619
f 1803/2806/2499 1869/2805/2498 1855/2804/2497
f 1868/2807/2500 1869/2805/2498 1803/2806/2499
f 1804/2808/2501 1868/2807/2500 1803/2806/2499
f 1867/2809/2502 1868/2807/2500 1804/2808/2501
f 1866/2810/2503 1867/2809/2502 1804/2808/2501
f 1855/2804/2497 1871/2812/2505 1854/2811/2504
f 1870/2813/2506 1871/2812/2505 1855/2804/2497
f 1869/2805/2498 1870/2813/2506 1855/2804/2497
f 1872/2814/2507 1854/2811/2504 1871/2812/2505
f 1853/2815/2508 1854/2811/2504 1872/2814/2507
f 1873/2816/2509 1853/2815/2508 1872/2814/2507
f 1874/2817/2510 1853/2815/2508 1873/2816/2509
f 1852/2818/2511 1853/2815/2508 1874/2817/2510
f 1875/2819/2512 1852/2818/2511 1874/2817/2510
f 1851/2820/2513 1852/2818/2511 1875/2819/2512
f 1876/2821/2514 1851/2820/2513 1875/2819/2512
f 1877/2822/2515 1851/2820/2513 1876/2821/2514
f 1850/2823/2516 1851/2820/2513 1877/2822/2515
f 1878/2824/2517 1850/2823/2516 1877/2822/2515
f 1849/2825/2518 1850/2823/2516 1878/2824/2517
f 1879/2826/2519 1849/2825/2518 1878/2824/2517
f 1880/2827/2520 1849/2825/2518 1879/2826/2519
f 1848/2828/2521 1849/2825/2518 1880/2827/2520
f 1881/2829/2522 1848/2828/2521 1880/2827/2520
f 1847/2830/2523 1848/2828/2521 1881/2829/2522
f 1882/2831/2524 1847/2830/2523 1881/2829/2522
f 1883/2832/2525 1847/2830/2523 1882/2831/2524
f 1846/2833/2526 1847/2830/2523 1883/2832/2525
f 1884/2834/2527 1846/2833/2526 1883/2832/2525
f 1845/2835/2528 1846/2833/2526 1884/2834/2527
f 1885/2836/2529 1845/2835/2528 1884/2834/2527
f 1844/2837/2530 1845/2835/2528 1885/2836/2529
f 1886/2838/2531 1844/2837/2530 1885/2836/2529
f 1887/2839/2532 1844/2837/2530 1886/2838/2531
f 1843/2840/2533 1844/2837/2530 1887/2839/2532
f 1888/2841/2534 1843/2840/2533 1887/2839/2532
f 1842/2842/2535 1843/2840/2533 1888/2841/2534
f 1889/2843/2536 1842/2842/2535 1888/2841/2534
f 1890/2844/2537 1842/2842/2535 1889/2843/2536
f 1841/2845/2538 1842/2842/2535 1890/2844/2537
f 1891/2846/2539 1841/2845/2538 1890/2844/2537
f 1840/2847/2540 1841/2845/2538 1891/2846/2539
f 1892/2848/2541 1840/2847/2540 1891/2846/2539
f 1893/2849/2542 1840/2847/2540 1892/2848/2541
f 1839/2850/2543 1840/2847/2540 1893/2849/2542
f 1894/2851/2544 1839/2850/2543 1893/2849/2542
f 1838/2852/2545 1839/2850/2543 1894/2851/2544
f 1895/2853/2546 1838/2852/2545 1894/2851/2544
f 1896/2854/2547 1838/2852/2545 1895/2853/2546
f 1837/2855/2548 1838/2852/2545 1896/2854/2547
f 1897/2856/2549 1837/2855/2548 1896/2854/2547
f 1836/2857/2550 1837/2855/2548 1897/2856/2549
f 1898/2858/2551 1836/2857/2550 1897/2856/2549
f 1899/2859/2552 1836/2857/2550 1898/2858/2551
f 1835/2860/2553 1836/2857/2550 1899/2859/2552
f 1900/2861/2554 1835/2860/2553 1899/2859/2552
f 1834/2862/2555 1835/2860/2553 1900/2861/2554
f 1901/2863/2556 1834/2862/2555 1900/2861/2554
f 1833/2864/2557 1834/2862/2555 1901/2863/2556
f 1902/2865/2558 1833/2864/2557 1901/2863/2556
f 1903/2866/2559 1833/2864/2557 1902/2865/2558
f 1832/2867/2560 1833/2864/2557 1903/2866/2559
f 1904/2868/2561 1832/2867/2560 1903/2866/2559
f 1831/2869/2562 1832/2867/2560 1904/2868/2561
f 1905/2870/2563 1831/2869/2562 1904/2868/2561
f 1906/2871/2564 1831/2869/2562 1905/2870/2563
f 1830/2872/2565 1831/2869/2562 1906/2871/2564
f 1907/2873/2566 1830/2872/2565 1906/2871/2564
f 1829/2874/2567 1830/2872/2565 1907/2873/2566
f 1908/2875/2568 1829/2874/2567 1907/2873/2566
f 1909/2876/2569 1829/2874/2567 1908/2875/2568
f 1828/2877/2570 1829/2874/2567 1909/2876/2569
f 1910/2878/2571 1828/2877/2570 1909/2876/2569
f 1827/2879/2572 1828/2877/2570 1910/2878/2571
f 1911/2880/2573 1827/2879/2572 1910/2878/2571
f 1912/2881/2574 1827/2879/2572 1911/2880/2573
f 1826/2882/2575 1827/2879/2572 1912/2881/2574
f 1913/2883/2576 1826/2882/2575 1912/2881/2574
f 1825/2884/2577 1826/2882/2575 1913/2883/2576
f 1914/2885/2578 1825/2884/2577 1913/2883/2576
f 1915/2886/2579 1825/2884/2577 1914/2885/2578
f 1824/2887/2580 1825/2884/2577 1915/2886/2579
f 1916/2888/2581 1824/2887/2580 1915/2886/2579
f 1823/2889/2582 1824/2887/2580 1916/2888/2581
f 1917/2890/2583 1823/2889/2582 1916/2888/2581
f 1918/2891/2584 1823/2889/2582 1917/2890/2583
f 1822/2892/2585 1823/2889/2582 1918/2891/2584
f 1919/2893/2586 1822/2892/2585 1918/2891/2584
f 1821/2894/2587 1822/2892/2585 1919/2893/2586
f 1920/2895/2588 1821/2894/2587 1919/2893/2586
f 1461/2896/2589 1821/2894/2587 1920/2895/2588
f 1820/2897/2590 1821/2894/2587 1461/2896/2589
f 1462/2898/2591 1820/2897/2590 1461/2896/2589
f 1819/2899/2592 1820/2897/2590 1462/2898/2591
f 1463/2900/2593 1819/2899/2592 1462/2898/2591
f 170/2901/179 1819/2899/2592 1463/2900/2593
f 230/2902/181 170/2901/179 1463/2900/2593
f 171/2903/2594 1819/2899/2592 170/2901/179
f 1818/2904/2595 1819/2899/2592 171/2903/2594
f 172/2905/2596 1818/2904/2595 171/2903/2594
f 173/2906/2597 1818/2904/2595 172/2905/2596
f 1817/2907/2598 1818/2904/2595 173/2906/2597
f 174/2908/2599 1817/2907/2598 173/2906/2597
f 1816/2909/2600 1817/2907/2598 174/2908/2599
f 175/2910/2601 1816/2909/2600 174/2908/2599
f 176/2911/2602 1816/2909/2600 175/2910/2601
f 1815/2912/2603 1816/2909/2600 176/2911/2602
f 177/2913/2604 1815/2912/2603 176/2911/2602
f 178/2914/2605 1815/2912/2603 177/2913/2604
f 150/2915/303 1815/2912/2603 178/2914/2605
f 1584/2916/2606 1815/2912/2603 150/2915/303
f 179/2917/302 1584/2916/2606 150/2915/303
f 180/2918/304 1584/2916/2606 179/2917/302
f 181/2919/305 1584/2916/2606 180/2918/304
f 1815/2912/2603 1861/2921/2608 1814/2920/2607
f 1860/2922/2609 1861/2921/2608 1815/2912/2603
f 1859/2923/2610 1860/2922/2609 1815/2912/2603
f 1861/2921/2608 1813/2924/2611 1814/2920/2607
f 1812/2925/2612 1813/2924/2611 1861/2921/2608
f 1811/2926/2613 1812/2925/2612 1861/2921/2608
f 1861/2921/2608 1810/2927/2614 1811/2926/2613
f 1809/2928/2615 1810/2927/2614 1861/2921/2608
f 1808/2929/2616 1809/2928/2615 1861/2921/2608
f 1862/2930/2617 1808/2929/2616 1861/2921/2608
f 1807/2931/2618 1808/2929/2616 1862/2930/2617
f 1863/2932/2619 1807/2931/2618 1862/2930/2617
f 1864/2933/2620 1807/2931/2618 1863/2932/2619
f 1806/2934/2621 1807/2931/2618 1864/2933/2620
f 1865/2935/2622 1806/2934/2621 1864/2933/2620
f 1805/2936/2623 1806/2934/2621 1865/2935/2622
f 1866/2810/2503 1805/2936/2623 1865/2935/2622
f 1804/2808/2501 1805/2936/2623 1866/2810/2503
f 1815/2912/2603 1586/2938/2625 1856/2937/2624
f 1585/2939/2626 1586/2938/2625 1815/2912/2603
f 1584/2916/2606 1585/2939/2626 1815/2912/2603
f 1463/2900/2593 229/2940/182 230/2902/181
f 228/2941/184 229/2940/182 1463/2900/2593
f 1815/2912/2603 1858/2942/2627 1859/2923/2610
f 1857/2943/2628 1858/2942/2627 1815/2912/2603
f 1856/2937/2624 1857/2943/2628 1815/2912/2603
# 1920 vertices
# 2943 texture params
# 2628 normals
# 3852 facets

# 1 groups
