# Mirrored across local XZ from mountback.obj; derived visualization mesh.
# WaveFront *.obj file (generated by Autodesk ATF)


g Body1

v -15.465711 -18.926661 -15.127
v -15.508198 -18.460857 -15.149543
v -15.568863 -18.238541 -15.181732
v -15.661667 -18.03135 -15.230973
v -15.663383 -18.028265 -15.231884
v -15.682503 -18.225994 -15.246522
v -15.739629 -18.417292 -15.289766
v -15.929716 -18.771814 -15.437835
v -16.168632 -19.097384 -15.635075
v -16.428026 -19.404523 -15.864011
v -16.949949 -19.989684 -16.381875
v -17.446405 -20.549184 -16.963731
v -17.895751 -21.08641 -17.599916
v -18.281742 -21.59576 -18.285153
v -18.587708 -22.069743 -19.014519
v -18.704297 -22.288578 -19.393564
v -18.792728 -22.492118 -19.780439
v -18.344966 -22.607669 -19.718509
v -17.939763 -22.811513 -19.609259
v -17.599168 -23.092556 -19.458634
v -17.341716 -23.435504 -19.274832
v -17.181419 -23.821694 -19.067853
v -17.127 -24.23011 -18.848963
v -17.089486 -23.722046 -18.237289
v -16.984009 -23.152482 -17.661754
v -16.820617 -22.537724 -17.125491
v -16.607586 -21.886161 -16.62982
v -16.352904 -21.203329 -16.176561
v -16.064844 -20.492417 -15.76796
v -15.757181 -19.743929 -15.410849
v -15.604496 -19.347984 -15.256604
v -17.268347 -20.679376 -16.9423
v -15.909645 -18.892031 -15.446966
v -15.868048 -18.920996 -15.426504
v -15.82723 -18.950151 -15.404781
v -15.787223 -18.979476 -15.381814
v -15.748055 -19.008949 -15.357621
v -15.702916 -19.043919 -15.32749
v -15.661542 -19.076992 -15.29759
v -15.621324 -19.110156 -15.266248
v -15.5823 -19.143383 -15.233494
v -15.502993 -18.620987 -15.151521
v -15.538659 -18.602457 -15.177152
v -15.577243 -18.582834 -15.203352
v -15.610479 -18.566266 -15.224711
v -15.644218 -18.54975 -15.245305
v -15.678446 -18.533292 -15.265125
v -15.713148 -18.516899 -15.284161
v -15.573743 -18.29487 -15.186728
v -15.605631 -18.286483 -15.205839
v -15.637891 -18.278123 -15.224326
v -16.14495 -19.237268 -15.656036
v -16.094371 -19.27757 -15.634017
v -16.045024 -19.318293 -15.61006
v -15.996966 -19.359389 -15.584193
v -15.950254 -19.40081 -15.556448
v -15.896889 -19.450086 -15.5213
v -15.848479 -19.496789 -15.485882
v -15.80195 -19.543697 -15.44828
v -15.75737 -19.590741 -15.408547
v -16.532979 -19.74184 -16.039195
v -16.465789 -19.797926 -16.015018
v -16.400807 -19.855075 -15.987523
v -16.338165 -19.913168 -15.956768
v -16.277993 -19.972086 -15.922819
v -16.210274 -20.042572 -15.878697
v -16.14996 -20.109693 -15.833255
v -16.093185 -20.177334 -15.784171
v -16.040094 -20.245323 -15.731569
v -16.912681 -20.220423 -16.470967
v -16.826603 -20.290168 -16.445127
v -16.744019 -20.36207 -16.414279
v -16.665193 -20.435894 -16.378528
v -16.590379 -20.511401 -16.337992
v -16.507519 -20.60242 -16.284122
v -16.43522 -20.689636 -16.227648
v -16.368814 -20.77792 -16.16585
v -16.308565 -20.86692 -16.098974
v -17.161439 -20.760534 -16.915171
v -17.059609 -20.84552 -16.881121
v -16.963325 -20.933928 -16.840321
v -16.873039 -21.025342 -16.792963
v -16.774716 -21.136603 -16.72887
v -16.690856 -21.244059 -16.660781
v -16.616013 -21.353437 -16.585608
v -16.550621 -21.464103 -16.503791
v -17.873082 -21.533942 -17.984727
v -17.719876 -21.629797 -17.954264
v -17.575597 -21.735005 -17.913014
v -17.441429 -21.84866 -17.86135
v -17.318495 -21.969798 -17.799715
v -17.189219 -22.121154 -17.71474
v -17.08443 -22.270411 -17.623512
v -16.997293 -22.42456 -17.522393
v -16.928707 -22.582004 -17.412432
v -16.759218 -22.037193 -16.942516
v -16.827412 -21.903802 -17.039079
v -16.909202 -21.77254 -17.127645
v -17.003942 -21.644445 -17.207508
v -17.117802 -21.513074 -17.282063
v -17.224198 -21.406416 -17.336449
v -17.339015 -21.304662 -17.382473
v -17.461517 -21.208472 -17.419837
v -17.590935 -21.118474 -17.448282
v -18.107413 -21.921897 -18.547451
v -17.929549 -22.020216 -18.513584
v -17.762716 -22.131938 -18.467401
v -17.608638 -22.25584 -18.409434
v -17.468944 -22.390587 -18.340309
v -17.324575 -22.561812 -18.24524
v -17.210712 -22.732876 -18.143633
v -17.119937 -22.911124 -18.031678
v -17.053428 -23.094226 -17.91084
v -18.286428 -22.276029 -19.131618
v -18.083813 -22.373071 -19.091909
v -17.894275 -22.488489 -19.039025
v -17.720207 -22.620714 -18.973705
v -17.563873 -22.767998 -18.896818
v -17.404955 -22.958828 -18.7924
v -17.283019 -23.152286 -18.682237
v -17.19016 -23.355861 -18.562417
v -17.127848 -23.566292 -18.434861
v -19.127 -23.137604 -21.564949
v -18.681958 -23.186368 -21.553266
v -18.259233 -23.330215 -21.518802
v -17.88002 -23.561933 -21.463287
v -17.563337 -23.869901 -21.389503
v -17.325062 -24.238677 -21.30115
v -17.177144 -24.649768 -21.202659
v -17.127 -25.082562 -21.098969
v -17.127 -24.923732 -20.51719
v -17.127 -24.728518 -19.946598
v -17.127 -24.497221 -19.389639
v -18.956345 -22.86457 -20.651277
v -18.468965 -22.763608 -20.139729
v -17.149998 -24.623285 -20.567029
v -17.218108 -24.341799 -20.654828
v -17.329959 -24.0734 -20.738545
v -17.483029 -23.824175 -20.816281
v -17.680678 -23.592645 -20.888498
v -17.881844 -23.417342 -20.943177
v -18.10605 -23.269655 -20.989242
v -18.349139 -23.152397 -21.025817
v -18.606729 -23.067905 -21.052171
v -17.148647 -24.425556 -19.974365
v -17.212806 -24.158434 -20.078076
v -17.318262 -23.902995 -20.177252
v -17.462774 -23.664695 -20.269773
v -17.64974 -23.441729 -20.35634
v -17.84047 -23.271179 -20.422557
v -18.053617 -23.125475 -20.479128
v -18.285459 -23.007224 -20.525039
v -18.532068 -22.918629 -20.559436
v -17.147526 -24.220625 -19.470579
v -17.208399 -23.966709 -19.587192
v -17.308527 -23.723318 -19.698972
v -17.445891 -23.495385 -19.803653
v -17.6239 -23.28087 -19.902171
v -17.805837 -23.115429 -19.978152
v -18.009608 -22.972515 -20.043786
v -18.231841 -22.854551 -20.097963
v -19.127 -28 -25.4
v -18.681958 -28 -25.349856
v -18.259233 -28 -25.201938
v -17.88002 -28 -24.963663
v -17.563337 -28 -24.64698
v -17.325062 -28 -24.267767
v -17.177144 -28 -23.845042
v -17.127 -28 -23.4
v -17.127 -27.431048 -23.345555
v -17.127 -26.882746 -23.184195
v -17.127 -26.374998 -22.921779
v -17.127 -25.926232 -22.567829
v -17.127 -25.552737 -22.135195
v -17.127 -25.268069 -21.639578
v -19.127 -23.363301 -22.271102
v -19.127 -23.69093 -22.936122
v -19.127 -24.113287 -23.545388
v -19.127 -24.621089 -24.085507
v -19.127 -25.203172 -24.544606
v -19.127 -25.84674 -24.91259
v -19.127 -26.537644 -25.181372
v -19.127 -27.260695 -25.345041
v -17.177144 -26.072962 -23.255668
v -17.177144 -27.490613 -23.807175
v -17.325062 -27.428108 -24.225254
v -17.563337 -27.372038 -24.600298
v -17.88002 -27.325213 -24.9135
v -18.259233 -27.289981 -25.149156
v -18.681958 -27.26811 -25.295448
v -17.177144 -26.992424 -23.694405
v -17.325062 -26.868789 -24.098647
v -17.563337 -26.75788 -24.461277
v -17.88002 -26.66526 -24.764114
v -18.259233 -26.595571 -24.99197
v -18.681958 -26.552309 -25.13342
v -17.177144 -26.516386 -23.509212
v -17.325062 -26.334338 -23.89073
v -17.563337 -26.171029 -24.232976
v -17.88002 -26.034649 -24.518788
v -18.259233 -25.932036 -24.733835
v -18.681958 -25.868334 -24.867334
v -17.325062 -25.836504 -23.606074
v -17.563337 -25.624386 -23.920411
v -17.88002 -25.447244 -24.182917
v -18.259233 -25.313962 -24.380428
v -18.681958 -25.231221 -24.50304
v -17.177144 -25.322023 -22.567199
v -17.325062 -24.99342 -22.833126
v -17.563337 -24.698642 -23.07168
v -17.88002 -24.452471 -23.270898
v -18.259233 -24.26725 -23.420791
v -18.681958 -24.152267 -23.513843
v -18.681958 -24.654976 -24.048546
v -18.259233 -24.754936 -23.939515
v -17.88002 -24.915958 -23.763883
v -17.563337 -25.129967 -23.530455
v -17.325062 -25.386232 -23.250937
v -17.177144 -25.671902 -22.939345
v -17.177144 -25.031014 -22.147409
v -17.325062 -24.666704 -22.361826
v -17.563337 -24.339893 -22.554171
v -17.88002 -24.066971 -22.714801
v -18.259233 -23.861622 -22.83566
v -18.681958 -23.734145 -22.910687
v -17.177144 -24.805276 -21.689205
v -17.325062 -24.413265 -21.847397
v -17.563337 -24.061607 -21.989306
v -17.88002 -23.767934 -22.107816
v -18.259233 -23.546972 -22.196983
v -18.681958 -23.409802 -22.252337
v -19.127 -47.15 -25.4
v -18.681958 -47.15 -25.349856
v -18.259233 -47.15 -25.201938
v -17.88002 -47.15 -24.963663
v -17.563337 -47.15 -24.64698
v -17.325062 -47.15 -24.267767
v -17.177144 -47.15 -23.845042
v -17.127 -47.15 -23.4
v -18.681958 -37.575 -25.349856
v -18.259233 -37.575 -25.201938
v -17.88002 -37.575 -24.963663
v -17.563337 -37.575 -24.64698
v -17.325062 -37.575 -24.267767
v -17.177144 -37.575 -23.845042
v -19.127 -52.15 -20.4
v -18.681958 -52.099856 -20.4
v -18.259233 -51.951938 -20.4
v -17.88002 -51.713663 -20.4
v -17.563337 -51.39698 -20.4
v -17.325062 -51.017767 -20.4
v -17.177144 -50.595042 -20.4
v -17.127 -50.15 -20.4
v -17.127 -50.104423 -20.920945
v -17.127 -49.969078 -21.42606
v -17.127 -49.748076 -21.9
v -17.127 -49.448133 -22.328363
v -17.127 -49.078363 -22.698133
v -17.127 -48.65 -22.998076
v -17.127 -48.17606 -23.219078
v -17.127 -47.670945 -23.354423
v -19.127 -47.861574 -25.349107
v -19.127 -48.558663 -25.197465
v -19.127 -49.227075 -24.94816
v -19.127 -49.853204 -24.606268
v -19.127 -50.424304 -24.178748
v -19.127 -50.928748 -23.674304
v -19.127 -51.356268 -23.103204
v -19.127 -51.69816 -22.477075
v -19.127 -51.947465 -21.808663
v -19.127 -52.099107 -21.111574
v -17.177144 -49.753589 -22.656023
v -17.177144 -50.559976 -20.890281
v -17.325062 -50.978399 -20.950441
v -17.563337 -51.353751 -21.004408
v -17.88002 -51.667211 -21.049477
v -18.259233 -51.903061 -21.083387
v -18.681958 -52.049473 -21.104438
v -17.177144 -50.455493 -21.37058
v -17.325062 -50.861096 -21.489676
v -17.563337 -51.224947 -21.596512
v -17.88002 -51.528803 -21.685732
v -18.259233 -51.757426 -21.752862
v -18.681958 -51.899352 -21.794536
v -17.177144 -50.28372 -21.831122
v -17.325062 -50.668245 -22.006729
v -17.563337 -51.013189 -22.164259
v -17.88002 -51.301254 -22.295814
v -18.259233 -51.517996 -22.394797
v -18.681958 -51.652547 -22.456244
v -17.177144 -50.048154 -22.26253
v -17.325062 -50.403773 -22.491073
v -17.563337 -50.722787 -22.696091
v -17.88002 -50.989198 -22.867302
v -18.259233 -51.189647 -22.996124
v -18.681958 -51.314084 -23.076094
v -17.325062 -50.073064 -22.932849
v -17.563337 -50.359653 -23.18118
v -17.88002 -50.598986 -23.388564
v -18.259233 -50.779062 -23.5446
v -18.681958 -50.890851 -23.641466
v -17.177144 -49.01253 -23.298154
v -17.325062 -49.241073 -23.653773
v -17.563337 -49.446091 -23.972787
v -17.88002 -49.617302 -24.239198
v -18.259233 -49.746124 -24.439647
v -18.681958 -49.826094 -24.564084
v -18.681958 -50.391466 -24.140851
v -18.259233 -50.2946 -24.029062
v -17.88002 -50.138564 -23.848986
v -17.563337 -49.93118 -23.609653
v -17.325062 -49.682849 -23.323064
v -17.177144 -49.406023 -23.003589
v -17.177144 -48.581122 -23.53372
v -17.325062 -48.756729 -23.918245
v -17.563337 -48.914259 -24.263189
v -17.88002 -49.045814 -24.551254
v -18.259233 -49.144797 -24.767996
v -18.681958 -49.206244 -24.902547
v -17.177144 -48.12058 -23.705493
v -17.325062 -48.239676 -24.111096
v -17.563337 -48.346512 -24.474947
v -17.88002 -48.435732 -24.778803
v -18.259233 -48.502862 -25.007426
v -18.681958 -48.544536 -25.149352
v -17.177144 -47.640281 -23.809976
v -17.325062 -47.700441 -24.228399
v -17.563337 -47.754408 -24.603751
v -17.88002 -47.799477 -24.917211
v -18.259233 -47.833387 -25.153061
v -18.681958 -47.854438 -25.299473
v -19.127 -52.15 20.4
v -18.681958 -52.099856 20.4
v -18.259233 -51.951938 20.4
v -17.88002 -51.713663 20.4
v -17.563337 -51.39698 20.4
v -17.325062 -51.017767 20.4
v -17.177144 -50.595042 20.4
v -17.127 -50.15 20.4
v -18.681958 -52.099856 12.24
v -18.681958 -52.099856 4.08
v -18.681958 -52.099856 -4.08
v -18.681958 -52.099856 -12.24
v -18.259233 -51.951938 12.24
v -18.259233 -51.951938 4.08
v -18.259233 -51.951938 -4.08
v -18.259233 -51.951938 -12.24
v -17.88002 -51.713663 12.24
v -17.88002 -51.713663 4.08
v -17.88002 -51.713663 -4.08
v -17.88002 -51.713663 -12.24
v -17.563337 -51.39698 12.24
v -17.563337 -51.39698 4.08
v -17.563337 -51.39698 -4.08
v -17.563337 -51.39698 -12.24
v -17.325062 -51.017767 12.24
v -17.325062 -51.017767 4.08
v -17.325062 -51.017767 -4.08
v -17.325062 -51.017767 -12.24
v -17.177144 -50.595042 12.24
v -17.177144 -50.595042 4.08
v -17.177144 -50.595042 -4.08
v -17.177144 -50.595042 -12.24
v -19.127 -47.15 25.4
v -18.681958 -47.15 25.349856
v -18.259233 -47.15 25.201938
v -17.88002 -47.15 24.963663
v -17.563337 -47.15 24.64698
v -17.325062 -47.15 24.267767
v -17.177144 -47.15 23.845042
v -17.127 -47.15 23.4
v -17.127 -47.670945 23.354423
v -17.127 -48.17606 23.219078
v -17.127 -48.65 22.998076
v -17.127 -49.078363 22.698133
v -17.127 -49.448133 22.328363
v -17.127 -49.748076 21.9
v -17.127 -49.969078 21.42606
v -17.127 -50.104423 20.920945
v -19.127 -52.099107 21.111574
v -19.127 -51.947465 21.808663
v -19.127 -51.69816 22.477075
v -19.127 -51.356268 23.103204
v -19.127 -50.928748 23.674304
v -19.127 -50.424304 24.178748
v -19.127 -49.853204 24.606268
v -19.127 -49.227075 24.94816
v -19.127 -48.558663 25.197465
v -19.127 -47.861574 25.349107
v -17.177144 -49.406023 23.003589
v -17.177144 -47.640281 23.809976
v -17.325062 -47.700441 24.228399
v -17.563337 -47.754408 24.603751
v -17.88002 -47.799477 24.917211
v -18.259233 -47.833387 25.153061
v -18.681958 -47.854438 25.299473
v -17.177144 -48.12058 23.705493
v -17.325062 -48.239676 24.111096
v -17.563337 -48.346512 24.474947
v -17.88002 -48.435732 24.778803
v -18.259233 -48.502862 25.007426
v -18.681958 -48.544536 25.149352
v -17.177144 -48.581122 23.53372
v -17.325062 -48.756729 23.918245
v -17.563337 -48.914259 24.263189
v -17.88002 -49.045814 24.551254
v -18.259233 -49.144797 24.767996
v -18.681958 -49.206244 24.902547
v -17.177144 -49.01253 23.298154
v -17.325062 -49.241073 23.653773
v -17.563337 -49.446091 23.972787
v -17.88002 -49.617302 24.239198
v -18.259233 -49.746124 24.439647
v -18.681958 -49.826094 24.564084
v -17.325062 -49.682849 23.323064
v -17.563337 -49.93118 23.609653
v -17.88002 -50.138564 23.848986
v -18.259233 -50.2946 24.029062
v -18.681958 -50.391466 24.140851
v -17.177144 -50.048154 22.26253
v -17.325062 -50.403773 22.491073
v -17.563337 -50.722787 22.696091
v -17.88002 -50.989198 22.867302
v -18.259233 -51.189647 22.996124
v -18.681958 -51.314084 23.076094
v -18.681958 -50.890851 23.641466
v -18.259233 -50.779062 23.5446
v -17.88002 -50.598986 23.388564
v -17.563337 -50.359653 23.18118
v -17.325062 -50.073064 22.932849
v -17.177144 -49.753589 22.656023
v -17.177144 -50.28372 21.831122
v -17.325062 -50.668245 22.006729
v -17.563337 -51.013189 22.164259
v -17.88002 -51.301254 22.295814
v -18.259233 -51.517996 22.394797
v -18.681958 -51.652547 22.456244
v -17.177144 -50.455493 21.37058
v -17.325062 -50.861096 21.489676
v -17.563337 -51.224947 21.596512
v -17.88002 -51.528803 21.685732
v -18.259233 -51.757426 21.752862
v -18.681958 -51.899352 21.794536
v -17.177144 -50.559976 20.890281
v -17.325062 -50.978399 20.950441
v -17.563337 -51.353751 21.004408
v -17.88002 -51.667211 21.049477
v -18.259233 -51.903061 21.083387
v -18.681958 -52.049473 21.104438
v -19.127 -28 25.4
v -18.681958 -28 25.349856
v -18.259233 -28 25.201938
v -17.88002 -28 24.963663
v -17.563337 -28 24.64698
v -17.325062 -28 24.267767
v -17.177144 -28 23.845042
v -17.127 -28 23.4
v -18.681958 -37.575 25.349856
v -18.259233 -37.575 25.201938
v -17.88002 -37.575 24.963663
v -17.563337 -37.575 24.64698
v -17.325062 -37.575 24.267767
v -17.177144 -37.575 23.845042
v -19.127 -23.137604 21.564949
v -18.681958 -23.186368 21.553266
v -18.259233 -23.330215 21.518802
v -17.88002 -23.561933 21.463287
v -17.563337 -23.869901 21.389503
v -17.325062 -24.238677 21.30115
v -17.177144 -24.649768 21.202659
v -17.127 -25.082562 21.098969
v -17.127 -25.268069 21.639578
v -17.127 -25.552737 22.135195
v -17.127 -25.926232 22.567829
v -17.127 -26.374998 22.921779
v -17.127 -26.882746 23.184195
v -17.127 -27.431048 23.345555
v -19.127 -27.260695 25.345041
v -19.127 -26.537644 25.181372
v -19.127 -25.84674 24.91259
v -19.127 -25.203172 24.544606
v -19.127 -24.621089 24.085507
v -19.127 -24.113287 23.545388
v -19.127 -23.69093 22.936122
v -19.127 -23.363301 22.271102
v -17.177144 -25.671902 22.939345
v -17.177144 -24.805276 21.689205
v -17.325062 -24.413265 21.847397
v -17.563337 -24.061607 21.989306
v -17.88002 -23.767934 22.107816
v -18.259233 -23.546972 22.196983
v -18.681958 -23.409802 22.252337
v -17.177144 -25.031014 22.147409
v -17.325062 -24.666704 22.361826
v -17.563337 -24.339893 22.554171
v -17.88002 -24.066971 22.714801
v -18.259233 -23.861622 22.83566
v -18.681958 -23.734145 22.910687
v -17.177144 -25.322023 22.567199
v -17.325062 -24.99342 22.833126
v -17.563337 -24.698642 23.07168
v -17.88002 -24.452471 23.270898
v -18.259233 -24.26725 23.420791
v -18.681958 -24.152267 23.513843
v -17.325062 -25.386232 23.250937
v -17.563337 -25.129967 23.530455
v -17.88002 -24.915958 23.763883
v -18.259233 -24.754936 23.939515
v -18.681958 -24.654976 24.048546
v -17.177144 -26.516386 23.509212
v -17.325062 -26.334338 23.89073
v -17.563337 -26.171029 24.232976
v -17.88002 -26.034649 24.518788
v -18.259233 -25.932036 24.733835
v -18.681958 -25.868334 24.867334
v -18.681958 -25.231221 24.50304
v -18.259233 -25.313962 24.380428
v -17.88002 -25.447244 24.182917
v -17.563337 -25.624386 23.920411
v -17.325062 -25.836504 23.606074
v -17.177144 -26.072962 23.255668
v -17.177144 -26.992424 23.694405
v -17.325062 -26.868789 24.098647
v -17.563337 -26.75788 24.461277
v -17.88002 -26.66526 24.764114
v -18.259233 -26.595571 24.99197
v -18.681958 -26.552309 25.13342
v -17.177144 -27.490613 23.807175
v -17.325062 -27.428108 24.225254
v -17.563337 -27.372038 24.600298
v -17.88002 -27.325213 24.9135
v -18.259233 -27.289981 25.149156
v -18.681958 -27.26811 25.295448
v -18.956345 -22.86457 20.651277
v -18.792728 -22.492118 19.780439
v -18.344966 -22.607669 19.718509
v -17.939763 -22.811513 19.609259
v -17.599168 -23.092556 19.458634
v -17.341716 -23.435504 19.274832
v -17.181419 -23.821694 19.067853
v -17.127 -24.23011 18.848963
v -17.127 -24.497221 19.389639
v -17.127 -24.728518 19.946598
v -17.127 -24.923732 20.51719
v -18.587608 -22.729759 20.155275
v -18.734862 -23.039226 21.061116
v -18.443518 -23.117064 21.036838
v -18.167866 -23.235991 20.999743
v -17.914152 -23.393327 20.950667
v -17.680678 -23.592645 20.888498
v -17.506517 -23.792481 20.826167
v -17.362296 -24.013013 20.75738
v -17.250766 -24.250148 20.683415
v -17.17417 -24.499604 20.605607
v -18.655132 -22.88686 20.571771
v -18.375698 -22.970728 20.539209
v -18.112496 -23.091847 20.492184
v -17.871147 -23.247644 20.431695
v -17.64974 -23.441729 20.35634
v -17.484971 -23.634283 20.28158
v -17.348771 -23.845374 20.199623
v -17.243587 -24.071313 20.111902
v -17.171411 -24.308254 20.019908
v -17.169118 -24.109175 19.521763
v -17.237616 -23.88378 19.625279
v -17.337511 -23.668297 19.724241
v -17.467007 -23.466211 19.817051
v -17.6239 -23.28087 19.902171
v -17.835134 -23.092465 19.988698
v -18.065987 -22.939211 20.059082
v -18.318517 -22.817491 20.114983
v -15.663383 -18.028265 15.231884
v -15.661667 -18.03135 15.230973
v -15.56879 -18.238734 15.181693
v -15.508039 -18.461645 15.149459
v -15.465711 -18.926661 15.127
v -15.604495 -19.347985 15.256603
v -15.757179 -19.74393 15.410848
v -16.064844 -20.492416 15.76796
v -16.352904 -21.203329 16.176561
v -16.607586 -21.886161 16.629821
v -16.820617 -22.537724 17.125491
v -16.984009 -23.152482 17.661754
v -17.089486 -23.722046 18.237289
v -18.704297 -22.288578 19.393564
v -18.587708 -22.069743 19.014519
v -18.281742 -21.59576 18.285153
v -17.895751 -21.08641 17.599916
v -17.446406 -20.549184 16.963732
v -16.949949 -19.989684 16.381875
v -16.428026 -19.404523 15.864011
v -16.168629 -19.097385 15.635074
v -15.929715 -18.771814 15.437835
v -15.739629 -18.417291 15.289766
v -15.682503 -18.225994 15.246522
v -17.660686 -21.074466 17.45962
v -15.583083 -18.292401 15.192414
v -15.61871 -18.283079 15.213434
v -15.654791 -18.273792 15.23368
v -15.512351 -18.616087 15.158382
v -15.54453 -18.599443 15.181239
v -15.577243 -18.582834 15.203352
v -15.616565 -18.563265 15.228506
v -15.654236 -18.544902 15.251216
v -15.692506 -18.526615 15.272963
v -15.731354 -18.508413 15.293736
v -15.600439 -19.128042 15.249027
v -15.635959 -19.098198 15.277938
v -15.672433 -19.068414 15.305699
v -15.709833 -19.03871 15.33229
v -15.74813 -19.00911 15.357692
v -15.794501 -18.974298 15.386147
v -15.839235 -18.941707 15.411374
v -15.884961 -18.909334 15.435054
v -15.931637 -18.877208 15.457166
v -15.778085 -19.569098 15.427515
v -15.818887 -19.526857 15.462435
v -15.861243 -19.484746 15.495617
v -15.905103 -19.442814 15.527023
v -15.950417 -19.401111 15.556617
v -16.005761 -19.352195 15.589201
v -16.059586 -19.306554 15.617481
v -16.114987 -19.261393 15.643386
v -16.171885 -19.216777 15.666879
v -16.064545 -20.213818 15.756719
v -16.113651 -20.152824 15.802693
v -16.165692 -20.092161 15.845787
v -16.220558 -20.031956 15.885915
v -16.278136 -19.972331 15.922993
v -16.349506 -19.902795 15.962767
v -16.419842 -19.838389 15.996131
v -16.493029 -19.775197 16.025437
v -16.56888 -19.713379 16.05061
v -16.336018 -20.825519 16.130969
v -16.392492 -20.745761 16.189202
v -16.453867 -20.666687 16.243256
v -16.519939 -20.588549 16.292961
v -16.590493 -20.511601 16.338158
v -16.67933 -20.422556 16.385545
v -16.76806 -20.340897 16.424037
v -16.861348 -20.261705 16.456419
v -16.958822 -20.185296 16.482559
v -16.580031 -21.412485 16.542931
v -16.642374 -21.31344 16.614028
v -16.712234 -21.215624 16.67962
v -16.789272 -21.119494 16.739408
v -16.873123 -21.025501 16.793113
v -16.980458 -20.917799 16.848371
v -17.089102 -20.820296 16.892
v -17.204447 -20.727182 16.927203
v -17.325824 -20.638996 16.953778
v -16.789387 -21.974842 16.988673
v -16.855816 -21.855643 17.072548
v -16.933058 -21.738474 17.149742
v -17.020596 -21.624079 17.219772
v -17.117859 -21.513194 17.282191
v -17.244495 -21.38768 17.345562
v -17.37435 -21.275874 17.394507
v -17.513448 -21.171192 17.432625
v -16.958412 -22.508271 17.464903
v -17.027065 -22.367827 17.560544
v -17.110477 -22.230525 17.648714
v -17.207908 -22.097504 17.728694
v -17.318528 -21.969882 17.799816
v -17.465017 -21.827528 17.871583
v -17.617078 -21.703217 17.926352
v -17.78124 -21.589709 17.968075
v -17.9558 -21.488175 17.996326
v -17.081427 -23.00833 17.968339
v -17.150369 -22.845323 18.073791
v -17.238629 -22.686942 18.171608
v -17.34521 -22.534842 18.260785
v -17.46896 -22.390638 18.340379
v -17.635601 -22.232555 18.420873
v -17.810559 -22.0978 18.482309
v -18.000702 -21.978594 18.528937
v -18.20354 -21.876489 18.560155
v -17.153089 -23.467413 18.495293
v -17.220622 -23.280484 18.607264
v -17.312497 -23.100084 18.71239
v -17.427426 -22.928518 18.80934
v -17.563877 -22.76802 18.896853
v -17.750555 -22.595567 18.986482
v -17.948528 -22.452737 19.055947
v -18.164814 -22.331331 19.109716
v -18.395946 -22.23328 19.146936
v -20.631448 -23.250909 21.964075
v -22.127 -23.400532 22.360841
v -22.127 -23.030614 21.619015
v -22.127 -22.573789 20.927636
v -22.127 -22.03418 20.300187
v -22.127 -21.416974 19.751171
v -22.127 -21.081679 19.511184
v -22.127 -20.729773 19.296744
v -22.127 -20.362139 19.109745
v -22.127 -19.980578 18.95247
v -22.127 -19.587721 18.827279
v -22.127 -19.185337 18.735915
v -22.127 -18.777107 18.680242
v -22.127 -18.365317 18.661446
v -20.880254 -18.205463 17.999929
v -19.632183 -18.09214 17.337708
v -18.380689 -18.023832 16.673673
v -17.127 -18.000032 16.008471
v -17.194684 -19.763182 16.407592
v -17.292199 -19.095005 16.23361
v -17.338092 -18.551363 16.155094
v -18.289049 -21.419107 18.10241
v -18.504802 -20.902063 17.750061
v -18.689095 -20.335234 17.462233
v -18.838616 -19.728558 17.244123
v -18.950577 -19.092408 17.099898
v -19.011382 -18.57635 17.039477
v -18.991151 -22.328215 19.568906
v -20.273855 -22.339633 20.044285
v -19.141003 -22.12629 19.322192
v -19.28531 -21.904716 19.089405
v -19.426667 -21.658459 18.866542
v -19.560671 -21.39393 18.660769
v -19.776202 -20.888753 18.343902
v -19.96354 -20.33966 18.087936
v -20.119603 -19.755489 17.897117
v -20.241742 -19.145426 17.774813
v -20.313128 -18.651616 17.727602
v -19.491733 -23.067757 21.335325
v -19.652517 -22.963092 21.058605
v -19.811844 -22.837367 20.789925
v -19.96899 -22.691155 20.530504
v -20.123231 -22.52503 20.281564
v -20.420203 -22.135896 19.819674
v -20.561631 -21.91483 19.608691
v -20.700768 -21.671397 19.40765
v -20.83337 -21.411917 19.222959
v -21.048632 -20.920607 18.940752
v -21.238711 -20.39088 18.715663
v -21.400759 -19.830526 18.551105
v -21.532279 -19.247612 18.449752
v -21.613473 -18.776773 18.415077
v -18.836471 -22.50938 19.828388
v -20.888776 -23.161292 21.729741
v -21.044262 -23.043773 21.476141
v -21.198476 -22.907805 21.231129
v -21.350787 -22.753946 20.995709
v -21.500563 -22.582757 20.770885
v -21.647179 -22.394849 20.557624
v -21.790057 -22.191063 20.35674
v -21.928626 -21.9723 20.169003
v -22.065546 -21.733551 19.991081
v -22.127 -28 25.4
v -22.127 -27.272709 25.346822
v -22.127 -26.560888 25.188419
v -22.127 -25.879679 24.928161
v -22.127 -25.243572 24.571583
v -22.127 -24.666097 24.12627
v -22.127 -24.159538 23.601695
v -22.127 -23.734671 23.009017
v -22.127 -47.15 25.4
v -22.127 -52.15 20.4
v -22.127 -52.099107 21.111574
v -22.127 -51.947465 21.808663
v -22.127 -51.69816 22.477075
v -22.127 -51.356268 23.103204
v -22.127 -50.928748 23.674304
v -22.127 -50.424304 24.178748
v -22.127 -49.853204 24.606268
v -22.127 -49.227075 24.94816
v -22.127 -48.558663 25.197465
v -22.127 -47.861574 25.349107
v -22.127 -52.15 -20.4
v -22.127 -47.15 -25.4
v -22.127 -47.861574 -25.349107
v -22.127 -48.558663 -25.197465
v -22.127 -49.227075 -24.94816
v -22.127 -49.853204 -24.606268
v -22.127 -50.424304 -24.178748
v -22.127 -50.928748 -23.674304
v -22.127 -51.356268 -23.103204
v -22.127 -51.69816 -22.477075
v -22.127 -51.947465 -21.808663
v -22.127 -52.099107 -21.111574
v -22.127 -28 -25.4
v -20.631448 -23.250909 -21.964075
v -22.127 -23.400532 -22.360841
v -22.127 -23.734671 -23.009017
v -22.127 -24.159538 -23.601695
v -22.127 -24.666097 -24.12627
v -22.127 -25.243572 -24.571583
v -22.127 -25.879679 -24.928161
v -22.127 -26.560888 -25.188419
v -22.127 -27.272709 -25.346822
v -17.127 -18.000032 -16.008471
v -18.380689 -18.023832 -16.673673
v -19.632183 -18.09214 -17.337708
v -20.880254 -18.205463 -17.999929
v -22.127 -18.365317 -18.661446
v -22.127 -18.776702 -18.680192
v -22.127 -19.183559 -18.735574
v -22.127 -19.584172 -18.826306
v -22.127 -19.976826 -18.951102
v -22.127 -20.358879 -19.108233
v -22.127 -20.726635 -19.294984
v -22.127 -21.078989 -19.509415
v -22.127 -21.41496 -19.749631
v -22.127 -22.033486 -20.299478
v -22.127 -22.573607 -20.927442
v -22.127 -23.030539 -21.618906
v -19.794703 -22.331461 -19.867022
v -16.758425 -18.562133 -15.848868
v -20.922357 -19.797784 -18.307164
v -20.762529 -20.366822 -18.481401
v -21.640987 -20.951602 -19.219597
v -21.425981 -21.435466 -19.485798
v -21.293768 -21.692569 -19.66111
v -21.155357 -21.934563 -19.852446
v -21.015244 -22.154703 -20.053266
v -20.870491 -22.358565 -20.267511
v -20.721706 -22.545187 -20.494306
v -20.569514 -22.713677 -20.732733
v -20.414586 -22.863407 -20.981708
v -20.257603 -22.993807 -21.240107
v -20.099249 -23.104309 -21.506809
v -19.166828 -22.943479 -20.913792
v -19.327973 -22.821977 -20.637199
v -19.486836 -22.679078 -20.369681
v -19.642661 -22.515358 -20.112535
v -19.942275 -22.12835 -19.634219
v -20.084708 -21.907071 -19.41516
v -20.224918 -21.662029 -19.205592
v -20.358272 -21.400064 -19.01272
v -20.573524 -20.903636 -18.717821
v -21.050455 -19.204982 -18.198029
v -21.128231 -18.724804 -18.158604
v -21.996771 -19.88335 -18.855978
v -21.832163 -20.431794 -19.008637
v -18.870099 -22.129934 -19.218319
v -19.014998 -21.908616 -18.980968
v -19.157112 -21.661568 -18.753019
v -19.291665 -21.395692 -18.542361
v -19.507132 -20.888144 -18.218229
v -19.693773 -20.335516 -17.955705
v -19.848461 -19.746859 -17.759219
v -19.968521 -19.131587 -17.632295
v -20.037887 -18.632313 -17.582181
v -18.225287 -21.421491 -18.074507
v -18.440935 -20.904214 -17.720539
v -18.62499 -20.336899 -17.431191
v -18.774134 -19.729524 -17.211705
v -18.885575 -19.092502 -17.066285
v -18.945968 -18.574619 -17.00499
v -17.556279 -20.37063 -16.908012
v -17.699414 -19.745414 -16.664697
v -17.801574 -19.087333 -16.5
v -17.852354 -18.551301 -16.426974
v -16.71797 -19.115853 -15.93422
v -22.086648 -22.210057 -20.474344
v -21.94454 -22.413454 -20.670025
v -21.798808 -22.6015 -20.877984
v -21.650015 -22.773376 -21.097446
v -21.498765 -22.92848 -21.327488
v -21.345671 -23.066259 -21.567152
v -21.191345 -23.18616 -21.815478
v -17.127 -28 -18.848963
v -17.099487 -27.476197 -18.325161
v -17.017252 -26.958159 -17.807122
v -16.8812 -26.451587 -17.30055
v -16.692827 -25.962054 -16.811017
v -16.454207 -25.49495 -16.343913
v -16.167966 -25.055413 -15.904376
v -15.837254 -24.648282 -15.497245
v -15.465711 -24.278037 -15.127
v -15.465711 5 -15.127
v -22.127 5 -18.661446
v -15.465711 -24.278037 15.127
v -15.837254 -24.648282 15.497245
v -16.167966 -25.055413 15.904376
v -16.454207 -25.49495 16.343913
v -16.692827 -25.962054 16.811017
v -16.8812 -26.451587 17.30055
v -17.017252 -26.958159 17.807122
v -17.099487 -27.476197 18.325161
v -17.127 -28 18.848963
v -22.127 5 18.661446
v -15.465711 5 15.127
v -17.127 -28 -10.127
v -17.076107 -27.288426 -10.127
v -16.924465 -26.591337 -10.127
v -16.67516 -25.922925 -10.127
v -16.333268 -25.296796 -10.127
v -15.905748 -24.725696 -10.127
v -15.401304 -24.221252 -10.127
v -14.830204 -23.793732 -10.127
v -14.204075 -23.45184 -10.127
v -13.535663 -23.202535 -10.127
v -12.838574 -23.050893 -10.127
v -12.127 -23 -10.127
v -12.127 -23 -15.127
v -12.855568 -23.053366 -15.127
v -13.568584 -23.212325 -15.127
v -14.250828 -23.473483 -15.127
v -14.887735 -23.831266 -15.127
v -17.127 -28 10.127
v -17.127 0 10.127
v -17.127 0 -10.127
v -17.127 -39.45 -16
v -17.127 -38.843627 -15.943811
v -17.127 -38.257903 -15.777158
v -17.127 -37.712774 -15.505717
v -17.127 -37.226804 -15.138729
v -17.127 -36.816543 -14.688694
v -17.127 -36.495961 -14.170937
v -17.127 -36.275975 -13.603088
v -17.127 -36.164077 -13.004486
v -17.127 -36.164077 -12.395514
v -17.127 -36.275975 -11.796912
v -17.127 -36.495961 -11.229063
v -17.127 -36.816543 -10.711306
v -17.127 -37.226804 -10.261271
v -17.127 -37.712774 -9.894283
v -17.127 -38.257903 -9.622842
v -17.127 -38.843627 -9.456189
v -17.127 -39.45 -9.4
v -17.127 -40.056373 -9.456189
v -17.127 -40.642097 -9.622842
v -17.127 -41.187226 -9.894283
v -17.127 -41.673196 -10.261271
v -17.127 -42.083457 -10.711306
v -17.127 -42.404039 -11.229063
v -17.127 -42.624025 -11.796912
v -17.127 -42.735923 -12.395514
v -17.127 -42.735923 -13.004486
v -17.127 -42.624025 -13.603088
v -17.127 -42.404039 -14.170937
v -17.127 -42.083457 -14.688694
v -17.127 -41.673196 -15.138729
v -17.127 -41.187226 -15.505717
v -17.127 -40.642097 -15.777158
v -17.127 -40.056373 -15.943811
v -17.127 -39.45 9.4
v -17.127 -38.843627 9.456189
v -17.127 -38.257903 9.622842
v -17.127 -37.712774 9.894283
v -17.127 -37.226804 10.261271
v -17.127 -36.816543 10.711306
v -17.127 -36.495961 11.229063
v -17.127 -36.275975 11.796912
v -17.127 -36.164077 12.395514
v -17.127 -36.164077 13.004486
v -17.127 -36.275975 13.603088
v -17.127 -36.495961 14.170937
v -17.127 -36.816543 14.688694
v -17.127 -37.226804 15.138729
v -17.127 -37.712774 15.505717
v -17.127 -38.257903 15.777158
v -17.127 -38.843627 15.943811
v -17.127 -39.45 16
v -17.127 -40.056373 15.943811
v -17.127 -40.642097 15.777158
v -17.127 -41.187226 15.505717
v -17.127 -41.673196 15.138729
v -17.127 -42.083457 14.688694
v -17.127 -42.404039 14.170937
v -17.127 -42.624025 13.603088
v -17.127 -42.735923 13.004486
v -17.127 -42.735923 12.395514
v -17.127 -42.624025 11.796912
v -17.127 -42.404039 11.229063
v -17.127 -42.083457 10.711306
v -17.127 -41.673196 10.261271
v -17.127 -41.187226 9.894283
v -17.127 -40.642097 9.622842
v -17.127 -40.056373 9.456189
v -14.887735 -23.831266 15.127
v -14.250828 -23.473483 15.127
v -13.568584 -23.212325 15.127
v -12.855568 -23.053366 15.127
v -12.127 -23 15.127
v -12.127 -23 10.127
v -12.838574 -23.050893 10.127
v -13.535663 -23.202535 10.127
v -14.204075 -23.45184 10.127
v -14.830204 -23.793732 10.127
v -15.401304 -24.221252 10.127
v -15.905748 -24.725696 10.127
v -16.333268 -25.296796 10.127
v -16.67516 -25.922925 10.127
v -16.924465 -26.591337 10.127
v -17.076107 -27.288426 10.127
v 17.127 -23 -10.127
v 17.127 -23 10.127
v -1.299084 -23 15.127
v -0.051365 -23 15.786921
v 1.245479 -23 16.344142
v 2.583012 -23 16.795036
v 3.952531 -23 17.13667
v 5.345129 -23 17.366823
v 6.751745 -23 17.483996
v 8.163229 -23 17.487428
v 9.570398 -23 17.377096
v 10.964099 -23 17.153717
v 12.335264 -23 16.818746
v 13.674973 -23 16.374361
v 14.974511 -23 15.823454
v 16.225424 -23 15.169607
v 17.419574 -23 14.417075
v 18.549192 -23 13.570753
v 19.606931 -23 12.636148
v 20.585908 -23 11.619338
v 21.479755 -23 10.526939
v 22.282658 -23 9.366057
v 22.989392 -23 8.144245
v 23.595361 -23 6.869451
v 24.096622 -23 5.549968
v 24.489914 -23 4.194379
v 24.772679 -23 2.811505
v 24.943077 -23 1.41034
v 25 -23 0
v 24.943077 -23 -1.41034
v 24.772679 -23 -2.811505
v 24.489914 -23 -4.194379
v 24.096622 -23 -5.549968
v 23.595361 -23 -6.869451
v 22.989392 -23 -8.144245
v 22.282658 -23 -9.366057
v 21.479755 -23 -10.526939
v 20.585908 -23 -11.619338
v 19.606931 -23 -12.636148
v 18.549192 -23 -13.570753
v 17.419574 -23 -14.417075
v 16.225424 -23 -15.169607
v 14.974511 -23 -15.823454
v 13.674973 -23 -16.374361
v 12.335264 -23 -16.818746
v 10.964099 -23 -17.153717
v 9.570398 -23 -17.377096
v 8.163229 -23 -17.487428
v 6.751745 -23 -17.483996
v 5.345129 -23 -17.366823
v 3.952531 -23 -17.13667
v 2.583012 -23 -16.795036
v 1.245479 -23 -16.344142
v -0.051365 -23 -15.786921
v -1.299084 -23 -15.127
v -22.127 -39.45 9.4
v -22.127 -40.056373 9.456189
v -22.127 -40.642097 9.622842
v -22.127 -41.187226 9.894283
v -22.127 -41.673196 10.261271
v -22.127 -42.083457 10.711306
v -22.127 -42.404039 11.229063
v -22.127 -42.624025 11.796912
v -22.127 -42.735923 12.395514
v -22.127 -42.735923 13.004486
v -22.127 -42.624025 13.603088
v -22.127 -42.404039 14.170937
v -22.127 -42.083457 14.688694
v -22.127 -41.673196 15.138729
v -22.127 -41.187226 15.505717
v -22.127 -40.642097 15.777158
v -22.127 -40.056373 15.943811
v -22.127 -39.45 16
v -22.127 -38.843627 15.943811
v -22.127 -38.257903 15.777158
v -22.127 -37.712774 15.505717
v -22.127 -37.226804 15.138729
v -22.127 -36.816543 14.688694
v -22.127 -36.495961 14.170937
v -22.127 -36.275975 13.603088
v -22.127 -36.164077 13.004486
v -22.127 -36.164077 12.395514
v -22.127 -36.275975 11.796912
v -22.127 -36.495961 11.229063
v -22.127 -36.816543 10.711306
v -22.127 -37.226804 10.261271
v -22.127 -37.712774 9.894283
v -22.127 -38.257903 9.622842
v -22.127 -38.843627 9.456189
v -22.127 -39.45 -16
v -22.127 -40.056373 -15.943811
v -22.127 -40.642097 -15.777158
v -22.127 -41.187226 -15.505717
v -22.127 -41.673196 -15.138729
v -22.127 -42.083457 -14.688694
v -22.127 -42.404039 -14.170937
v -22.127 -42.624025 -13.603088
v -22.127 -42.735923 -13.004486
v -22.127 -42.735923 -12.395514
v -22.127 -42.624025 -11.796912
v -22.127 -42.404039 -11.229063
v -22.127 -42.083457 -10.711306
v -22.127 -41.673196 -10.261271
v -22.127 -41.187226 -9.894283
v -22.127 -40.642097 -9.622842
v -22.127 -40.056373 -9.456189
v -22.127 -39.45 -9.4
v -22.127 -38.843627 -9.456189
v -22.127 -38.257903 -9.622842
v -22.127 -37.712774 -9.894283
v -22.127 -37.226804 -10.261271
v -22.127 -36.816543 -10.711306
v -22.127 -36.495961 -11.229063
v -22.127 -36.275975 -11.796912
v -22.127 -36.164077 -12.395514
v -22.127 -36.164077 -13.004486
v -22.127 -36.275975 -13.603088
v -22.127 -36.495961 -14.170937
v -22.127 -36.816543 -14.688694
v -22.127 -37.226804 -15.138729
v -22.127 -37.712774 -15.505717
v -22.127 -38.257903 -15.777158
v -22.127 -38.843627 -15.943811
v -1.299084 -6 -15.127
v -1.289185 -5.7373 -15.132754
v -1.299084 -5.285459 -15.127
v -1.289185 -5.7373 15.132754
v -1.299084 -6 15.127
v -1.299084 -5.285459 15.127
v 22.127 5 9.607334
v 22.127 -8 9.607334
v 22.135969 -8.410892 9.593994
v 22.162446 -8.824796 9.554005
v 22.205786 -9.238435 9.487415
v 22.265344 -9.648529 9.39427
v 22.340473 -10.0518 9.274618
v 22.43053 -10.444969 9.128506
v 22.534479 -10.82489 8.956056
v 22.649886 -11.189427 8.758896
v 22.90522 -11.865667 8.301225
v 23.176892 -12.460332 7.777123
v 23.457963 -12.984327 7.182539
v 23.74983 -13.461041 6.49556
v 24.024072 -13.860223 5.761854
v 24.261587 -14.175362 5.029102
v 24.475505 -14.438508 4.2489
v 24.66161 -14.653426 3.422519
v 24.810725 -14.81709 2.566365
v 24.916569 -14.929398 1.697819
v 24.979315 -14.993999 0.835953
v 25 -15.01469 0
v 24.979315 -14.993999 -0.835953
v 24.916569 -14.929398 -1.697819
v 24.810725 -14.81709 -2.566365
v 24.66161 -14.653426 -3.422519
v 24.475505 -14.438508 -4.2489
v 24.261587 -14.175362 -5.029102
v 24.024072 -13.860223 -5.761854
v 23.74983 -13.461041 -6.49556
v 23.457963 -12.984327 -7.182539
v 23.176892 -12.460332 -7.777123
v 22.90522 -11.865667 -8.301225
v 22.649886 -11.189427 -8.758896
v 22.534479 -10.82489 -8.956056
v 22.43053 -10.444969 -9.128506
v 22.340473 -10.0518 -9.274618
v 22.265344 -9.648529 -9.39427
v 22.205786 -9.238435 -9.487415
v 22.162446 -8.824796 -9.554005
v 22.135969 -8.410892 -9.593994
v 22.127 -8 -9.607334
v 22.127 5 -9.607334
v 21.310874 5 -10.747547
v 20.40608 5 -11.81876
v 19.418429 5 -12.814096
v 18.35426 5 -13.727164
v 17.220407 5 -14.552103
v 16.024147 5 -15.283616
v 14.773162 5 -15.917007
v 13.475483 5 -16.44821
v 12.139441 5 -16.873814
v 10.773613 5 -17.191087
v 9.386768 5 -17.397991
v 7.98781 5 -17.4932
v 6.58572 5 -17.476101
v 5.1895 5 -17.346803
v 5.16727 4.461108 -17.343845
v 5.099111 3.914556 -17.334524
v 5.045566 3.471292 -17.327147
v 5.032672 3.02541 -17.325424
v 5.060236 2.580257 -17.32925
v 5.128065 2.139177 -17.338517
v 5.235864 1.705908 -17.352985
v 5.383009 1.284982 -17.371649
v 5.568894 0.880494 -17.393256
v 5.792921 0.496521 -17.416555
v 6.054251 0.137557 -17.440197
v 6.351304 -0.190746 -17.462305
v 6.68294 -0.483689 -17.480939
v 7.047952 -0.73659 -17.49416
v 7.440449 -0.942859 -17.499894
v 7.855908 -1.099133 -17.49638
v 8.287299 -1.202862 -17.482261
v 8.727718 -1.253398 -17.456881
v 9.373196 -1.298369 -17.39939
v 10.021159 -1.364566 -17.317433
v 10.663473 -1.453732 -17.211385
v 11.292427 -1.567145 -17.083348
v 11.900625 -1.705224 -16.93703
v 12.480679 -1.868366 -16.776171
v 13.039246 -2.062136 -16.600061
v 13.608712 -2.305751 -16.399156
v 14.157358 -2.599111 -16.184123
v 14.653471 -2.931275 -15.97115
v 15.095004 -3.307092 -15.76559
v 15.497311 -3.749816 -15.565325
v 15.835967 -4.252708 -15.387058
v 16.089656 -4.806774 -15.246907
v 16.180811 -5.098048 -15.195181
v 16.246369 -5.395776 -15.157566
v 16.285868 -5.697335 -15.134707
v 16.299084 -6 -15.127
v 16.299084 -8 -15.127
v 16.286574 -8.374086 -15.134441
v 16.249119 -8.750988 -15.156396
v 16.099805 -9.501472 -15.241651
v 15.852013 -10.227918 -15.378368
v 15.508463 -10.908182 -15.559696
v 15.084546 -11.52762 -15.770511
v 14.600815 -12.074109 -15.994597
v 14.05463 -12.557276 -16.226002
v 13.424938 -12.99952 -16.46647
v 12.753032 -13.372562 -16.692824
v 12.083187 -13.668819 -16.889018
v 11.371617 -13.917323 -17.065668
v 10.618112 -14.12152 -17.219593
v 9.837706 -14.277847 -17.343102
v 9.04627 -14.385484 -17.430829
v 8.261189 -14.447579 -17.482848
v 7.5 -14.467524 -17.5
v 6.738811 -14.447579 -17.482848
v 5.95373 -14.385484 -17.430829
v 5.162294 -14.277847 -17.343102
v 4.381888 -14.12152 -17.219593
v 3.628383 -13.917323 -17.065668
v 2.916813 -13.668819 -16.889018
v 2.246968 -13.372562 -16.692824
v 1.575062 -12.99952 -16.46647
v 0.94537 -12.557276 -16.226002
v 0.399185 -12.074109 -15.994597
v -0.084546 -11.52762 -15.770511
v -0.508463 -10.908182 -15.559696
v -0.852013 -10.227918 -15.378368
v -1.099805 -9.501472 -15.241651
v -1.249119 -8.750988 -15.156396
v -1.286574 -8.374086 -15.134441
v -1.299084 -8 -15.127
v -1.299084 -8 15.127
v -1.286574 -8.374086 15.134441
v -1.249119 -8.750988 15.156396
v -1.099805 -9.501472 15.241651
v -0.852013 -10.227918 15.378368
v -0.508463 -10.908182 15.559696
v -0.084546 -11.52762 15.770511
v 0.399185 -12.074109 15.994597
v 0.94537 -12.557276 16.226002
v 1.575062 -12.99952 16.46647
v 2.246968 -13.372562 16.692824
v 2.916813 -13.668819 16.889018
v 3.628383 -13.917323 17.065668
v 4.381888 -14.12152 17.219593
v 5.162294 -14.277847 17.343102
v 5.95373 -14.385484 17.430829
v 6.738811 -14.447579 17.482848
v 7.5 -14.467524 17.5
v 8.261189 -14.447579 17.482848
v 9.04627 -14.385484 17.430829
v 9.837706 -14.277847 17.343102
v 10.618112 -14.12152 17.219593
v 11.371617 -13.917323 17.065668
v 12.083187 -13.668819 16.889018
v 12.753032 -13.372562 16.692824
v 13.424938 -12.99952 16.46647
v 14.05463 -12.557276 16.226002
v 14.600815 -12.074109 15.994597
v 15.084546 -11.52762 15.770511
v 15.508463 -10.908182 15.559696
v 15.852013 -10.227918 15.378368
v 16.099805 -9.501472 15.241651
v 16.249119 -8.750988 15.156396
v 16.286574 -8.374086 15.134441
v 16.299084 -8 15.127
v 16.299084 -6 15.127
v 16.285868 -5.697335 15.134707
v 16.246369 -5.395776 15.157566
v 16.180811 -5.098048 15.195181
v 16.089656 -4.806774 15.246907
v 15.835967 -4.252708 15.387058
v 15.497311 -3.749816 15.565325
v 15.095004 -3.307092 15.76559
v 14.653471 -2.931275 15.97115
v 14.157358 -2.599111 16.184123
v 13.608712 -2.305751 16.399156
v 13.039246 -2.062136 16.600061
v 12.480679 -1.868366 16.776171
v 11.900625 -1.705224 16.93703
v 11.292427 -1.567145 17.083348
v 10.663473 -1.453732 17.211385
v 10.021159 -1.364566 17.317433
v 9.373196 -1.298369 17.39939
v 8.727718 -1.253398 17.456881
v 8.288173 -1.203018 17.482175
v 7.859077 -1.100096 17.496239
v 7.444369 -0.944612 17.499908
v 7.051035 -0.738452 17.494247
v 6.687446 -0.487226 17.481137
v 6.355143 -0.194559 17.462512
v 6.056346 0.134951 17.440385
v 5.7942 0.494536 17.416741
v 5.569604 0.879258 17.39324
v 5.383352 1.284285 17.371528
v 5.2361 1.705115 17.353005
v 5.128285 2.138044 17.338582
v 5.060334 2.579475 17.329111
v 5.032688 3.025152 17.325256
v 5.045568 3.471279 17.327079
v 5.099111 3.914556 17.334524
v 5.16727 4.461108 17.343845
v 5.1895 5 17.346803
v 6.58572 5 17.476101
v 7.98781 5 17.4932
v 9.386768 5 17.397991
v 10.773613 5 17.191087
v 12.139441 5 16.873814
v 13.475483 5 16.44821
v 14.773162 5 15.917007
v 16.024147 5 15.283616
v 17.220407 5 14.552103
v 18.35426 5 13.727164
v 19.418429 5 12.814096
v 20.40608 5 11.81876
v 21.310874 5 10.747547
v 12.5 5 8
v 12.554631 5 8.519779
v 12.716136 5 9.016842
v 12.977458 5 9.469463
v 13.327173 5 9.857862
v 13.75 5 10.165064
v 14.227458 5 10.377641
v 14.738679 5 10.486305
v 15.261321 5 10.486305
v 15.772542 5 10.377641
v 16.25 5 10.165064
v 16.672827 5 9.857862
v 17.022542 5 9.469463
v 17.283864 5 9.016842
v 17.445369 5 8.519779
v 17.5 5 8
v 17.445369 5 7.480221
v 17.283864 5 6.983158
v 17.022542 5 6.530537
v 16.672827 5 6.142138
v 16.25 5 5.834936
v 15.772542 5 5.622359
v 15.261321 5 5.513695
v 14.738679 5 5.513695
v 14.227458 5 5.622359
v 13.75 5 5.834936
v 13.327173 5 6.142138
v 12.977458 5 6.530537
v 12.716136 5 6.983158
v 12.554631 5 7.480221
v 12.5 5 -8
v 12.554631 5 -7.480221
v 12.716136 5 -6.983158
v 12.977458 5 -6.530537
v 13.327173 5 -6.142138
v 13.75 5 -5.834936
v 14.227458 5 -5.622359
v 14.738679 5 -5.513695
v 15.261321 5 -5.513695
v 15.772542 5 -5.622359
v 16.25 5 -5.834936
v 16.672827 5 -6.142138
v 17.022542 5 -6.530537
v 17.283864 5 -6.983158
v 17.445369 5 -7.480221
v 17.5 5 -8
v 17.445369 5 -8.519779
v 17.283864 5 -9.016842
v 17.022542 5 -9.469463
v 16.672827 5 -9.857862
v 16.25 5 -10.165064
v 15.772542 5 -10.377641
v 15.261321 5 -10.486305
v 14.738679 5 -10.486305
v 14.227458 5 -10.377641
v 13.75 5 -10.165064
v 13.327173 5 -9.857862
v 12.977458 5 -9.469463
v 12.716136 5 -9.016842
v 12.554631 5 -8.519779
v 5.1895 5 10.127
v 6.974851 5 10.127
v 7.627482 5 10.084224
v 8.268946 5 9.956629
v 8.888268 5 9.746398
v 9.474851 5 9.457127
v 10.018658 5 9.093767
v 10.510385 5 8.662534
v 15.637385 5 3.535534
v 16.104557 5 2.996388
v 16.490246 5 2.396245
v 16.7866 5 1.747321
v 16.987585 5 1.062826
v 17.089112 5 0.356696
v 17.089112 5 -0.356696
v 16.987585 5 -1.062826
v 16.7866 5 -1.747321
v 16.490246 5 -2.396245
v 16.104557 5 -2.996388
v 15.637385 5 -3.535534
v 10.510385 5 -8.662534
v 10.018658 5 -9.093767
v 9.474851 5 -9.457127
v 8.888268 5 -9.746398
v 8.268946 5 -9.956629
v 7.627482 5 -10.084224
v 6.974851 5 -10.127
v 5.1895 5 -10.127
v -7.9355 5 15.127
v -7.905286 4.370993 15.127
v -7.814921 3.747779 15.127
v -7.665238 3.136095 15.127
v -7.485637 2.39863 15.127
v -7.369664 1.675948 15.127
v -7.291599 0.974671 15.127
v -7.225723 0.301422 15.127
v -7.142833 -0.361995 15.127
v -7.009732 -1.038602 15.127
v -6.794947 -1.726799 15.127
v -6.647087 -2.074741 15.127
v -6.469741 -2.419984 15.127
v -6.043081 -3.064111 15.127
v -5.527464 -3.640368 15.127
v -4.935872 -4.139069 15.127
v -4.282233 -4.553004 15.127
v -3.578208 -4.878056 15.127
v -2.838268 -5.109777 15.127
v -2.074296 -5.246068 15.127
v -0.386991 -5.70973 15.133754
v 0.507979 -5.636059 15.137655
v 1.389104 -5.516937 15.146374
v 2.249792 -5.352938 15.16189
v 3.083468 -5.145041 15.187666
v 3.883185 -4.89603 15.228701
v 4.641941 -4.608888 15.290066
v 5.352739 -4.286598 15.37683
v 6.008058 -3.932659 15.494667
v 6.601486 -3.554069 15.648811
v 7.128872 -3.159281 15.842547
v 7.586109 -2.75675 16.07912
v 7.970617 -2.355439 16.360766
v 8.285399 -1.965406 16.686112
v 8.535309 -1.595616 17.052716
v -7.53727 2.748794 14.375633
v -7.366042 2.326084 13.700044
v -7.14485 1.878207 13.109583
v -6.870554 1.417972 12.608261
v -6.543037 0.95867 12.195033
v -6.162349 0.513655 11.868568
v -5.732014 0.095411 11.621444
v -5.25792 -0.288005 11.441529
v -4.745782 -0.629297 11.316865
v -4.201391 -0.921566 11.23509
v -3.630699 -1.161428 11.184334
v -3.039338 -1.34697 11.156385
v -2.432906 -1.476248 11.14331
v -1.816992 -1.547376 11.137244
v -1.197112 -1.559691 11.134606
v -0.578803 -1.513705 11.137664
v 0.032394 -1.409973 11.149068
v 0.630937 -1.249051 11.171467
v 1.211342 -1.031661 11.210138
v 1.767909 -0.760951 11.276132
v 2.294772 -0.441085 11.380843
v 2.786069 -0.07623 11.535665
v 3.235579 0.328794 11.753123
v 3.637982 0.764342 12.044799
v 3.989798 1.218616 12.41809
v 4.287615 1.679786 12.880235
v 4.530909 2.134646 13.433394
v 4.722659 2.568957 14.07377
v 4.868358 2.971886 14.793824
v 4.974995 3.335524 15.58384
v 5.049563 3.651977 16.434096
v -6.95479 1.473137 13.382116
v -6.975797 -0.365239 14.925632
v -6.638051 1.019183 12.894578
v -5.829911 0.137009 12.201346
v 5.079386 -4.042856 15.431714
v 2.442584 -0.378007 11.92681
v 6.293673 -3.353922 15.718724
v 3.250302 0.29385 12.303216
v 7.251842 -2.608737 16.15332
v 3.903608 1.03428 12.908641
v 8.309121 -1.317606 17.350265
v 4.632356 2.247805 14.485461
v 5.073847 2.210935 17.130829
v 4.985485 2.762492 16.842388
v 4.984608 3.199009 16.606118
v 5.976843 0.197828 17.393681
v 5.739048 0.443263 17.269115
v 5.383766 0.910585 17.013555
v 5.116179 1.411672 16.718168
v 4.943448 1.933597 16.39054
v 4.870691 2.463237 16.038776
v 4.884332 2.877747 15.750208
v 7.959054 -1.232646 17.375798
v 7.614678 -1.123968 17.380103
v 7.27881 -0.992468 17.363146
v 6.954265 -0.839042 17.324896
v 6.643774 -0.664716 17.265454
v 6.349698 -0.471082 17.185491
v 6.0743 -0.259881 17.085832
v 5.814461 -0.027661 16.964467
v 5.578917 0.219234 16.824264
v 5.229442 0.683706 16.53482
v 4.970029 1.174889 16.198527
v 4.807834 1.679727 15.824266
v 4.747862 2.185119 15.421552
v 4.772958 2.575656 15.090811
v 8.100176 -1.646242 16.973776
v 7.751456 -1.542422 17.007518
v 7.408541 -1.416551 17.017237
v 7.074303 -1.269691 17.002856
v 6.751614 -1.102902 16.964298
v 6.443257 -0.917365 16.901641
v 6.151629 -0.714782 16.815626
v 5.879024 -0.496989 16.707171
v 5.622429 -0.260569 16.574079
v 5.390557 -0.012144 16.419483
v 5.048652 0.448309 16.098618
v 4.798175 0.92687 15.724178
v 4.646219 1.410483 15.306283
v 4.597646 1.886229 14.855793
v 7.835889 -1.995187 16.634431
v 7.492266 -1.868519 16.675594
v 7.154463 -1.721901 16.690218
v 6.825361 -1.556585 16.678183
v 6.507839 -1.373827 16.639372
v 6.204682 -1.174988 16.573839
v 5.918287 -0.961882 16.482389
v 5.650945 -0.736446 16.366022
v 5.399754 -0.495288 16.222372
v 5.173308 -0.245338 16.054808
v 4.84098 0.209792 15.705619
v 4.599996 0.672904 15.296776
v 4.457311 1.131113 14.839515
v 4.417621 1.571881 14.345913
v 4.458914 1.899646 13.939852
v 7.510224 -2.357973 16.33459
v 7.176301 -2.205011 16.381324
v 6.848088 -2.034598 16.399415
v 6.528408 -1.848205 16.388715
v 6.220085 -1.647304 16.349074
v 5.925851 -1.433451 16.280534
v 5.648051 -1.208574 16.183952
v 5.388927 -0.974701 16.060401
v 5.145696 -0.728459 15.907362
v 4.92671 -0.4771 15.728416
v 4.606165 -0.028574 15.354651
v 4.375036 0.41658 14.916214
v 4.240063 0.845831 14.425267
v 4.205756 1.247231 13.894892
v 4.249573 1.537301 13.458405
v 6.927335 -2.436853 16.202179
v 6.608383 -2.249376 16.22127
v 6.297733 -2.047925 16.210436
v 5.998132 -1.834119 16.169519
v 5.712238 -1.609648 16.09856
v 5.442333 -1.37651 15.998448
v 5.190596 -1.136784 15.870298
v 4.954328 -0.887106 15.711495
v 4.741646 -0.634938 15.525756
v 4.430428 -0.191447 15.137693
v 4.206184 0.240672 14.682379
v 4.07546 0.649219 14.172461
v 4.042633 1.022738 13.621539
v 4.085658 1.286293 13.168121
v 6.642795 -3.108904 15.846107
v 6.343831 -2.899487 15.894144
v 6.049927 -2.678336 15.911025
v 5.763589 -2.447335 15.896613
v 5.487319 -2.20837 15.850771
v 5.223542 -1.963366 15.773569
v 4.974339 -1.714427 15.665949
v 4.741704 -1.463701 15.529089
v 4.52311 -1.207813 15.360206
v 4.326034 -0.954598 15.163262
v 4.036762 -0.521845 14.752957
v 3.826925 -0.115897 14.272658
v 3.702576 0.251867 13.735555
v 3.667802 0.571105 13.155816
v 3.703518 0.783436 12.678917
v 3.863407 0.796841 13.375481
v 3.896512 0.450929 13.9428
v 4.023775 0.063046 14.468054
v 4.240958 -0.355895 14.937283
v 4.541746 -0.794083 15.3375
v 4.747104 -1.046873 15.52923
v 4.975126 -1.299794 15.693309
v 5.21799 -1.545183 15.825896
v 5.478309 -1.786409 15.929693
v 5.753988 -2.021351 16.003549
v 6.042836 -2.247952 16.046547
v 6.342296 -2.464398 16.058636
v 6.649731 -2.66893 16.039971
v 6.962502 -2.85979 15.990703
v 6.010282 -3.126767 15.764057
v 5.731635 -2.889788 15.777938
v 5.460077 -2.644982 15.760257
v 5.197955 -2.394344 15.710906
v 4.947541 -2.139898 15.629977
v 4.710791 -1.883778 15.518437
v 4.489578 -1.62815 15.377485
v 4.281471 -1.369622 15.204263
v 4.093551 -1.116183 15.002843
v 3.816854 -0.688868 14.584383
v 3.614773 -0.295446 14.095655
v 3.493064 0.05316 13.549926
v 3.455656 0.34719 12.961432
v 3.485658 0.535909 12.477569
v 5.510986 -3.823056 15.51236
v 5.262842 -3.564467 15.548528
v 5.018716 -3.299627 15.553344
v 4.780595 -3.030697 15.526775
v 4.550467 -2.759834 15.46879
v 4.33026 -2.489198 15.379549
v 4.121643 -2.220947 15.260053
v 3.926215 -1.957242 15.111522
v 3.741752 -1.694643 14.930966
v 3.574448 -1.441357 14.722658
v 3.325961 -1.024419 14.293164
v 3.141107 -0.653535 13.794682
v 3.024966 -0.338691 13.240306
v 2.981103 -0.088536 12.644054
v 2.997724 0.059407 12.154477
v 3.22681 0.126756 12.791216
v 3.267389 -0.144068 13.38511
v 3.386454 -0.474895 13.936509
v 3.580248 -0.856535 14.431229
v 3.843342 -1.278537 14.856042
v 4.02131 -1.532 15.061237
v 4.217999 -1.792783 15.238347
v 4.426756 -2.052773 15.383194
v 4.649912 -2.315383 15.498707
v 4.885727 -2.578443 15.583672
v 5.132385 -2.8398 15.637104
v 5.387778 -3.097353 15.658877
v 5.649736 -3.349013 15.649065
v 5.916086 -3.592691 15.607745
v 4.850294 -3.771347 15.461779
v 4.624836 -3.495168 15.46084
v 4.404808 -3.216522 15.428913
v 4.192009 -2.937613 15.366011
v 3.988183 -2.660636 15.272335
v 3.794845 -2.387741 15.148894
v 3.613448 -2.121066 14.996914
v 3.441888 -1.857139 14.813345
v 3.285875 -1.60423 14.602543
v 3.052965 -1.191978 14.169892
v 2.877833 -0.830556 13.669652
v 2.765184 -0.529505 13.114696
v 2.718375 -0.296977 12.518777
v 2.728217 -0.165249 12.029883
v 3.64582 -4.622796 15.26376
v 3.475812 -4.323837 15.273545
v 3.308322 -4.023939 15.254021
v 3.144596 -3.725331 15.205338
v 2.98588 -3.430242 15.127645
v 2.833387 -3.140869 15.021255
v 2.68818 -2.859277 14.887183
v 2.551283 -2.587495 14.726633
v 2.421006 -2.321943 14.536415
v 2.301573 -2.070927 14.321075
v 2.12048 -1.670129 13.88536
v 1.979943 -1.329571 13.387607
v 1.883471 -1.057655 12.839752
v 1.833678 -0.861341 12.254487
v 1.827797 -0.762343 11.775627
v 2.438856 -0.496383 12.413415
v 2.487725 -0.714272 13.007069
v 2.59597 -1.003713 13.560854
v 2.760467 -1.356999 14.061339
v 2.976898 -1.765002 14.495931
v 3.121119 -2.017379 14.708687
v 3.279286 -2.282193 14.89485
v 3.446179 -2.55114 15.049992
v 3.623775 -2.827728 15.177211
v 3.810766 -3.109848 15.275288
v 4.00579 -3.395371 15.343207
v 4.207285 -3.682088 15.380727
v 4.413642 -3.967769 15.387789
v 4.62325 -4.250187 15.36433
v 2.595008 -4.932052 15.200023
v 2.46465 -4.622424 15.1969
v 2.336131 -4.313575 15.165787
v 2.210363 -4.007691 15.106909
v 2.088255 -3.70696 15.02049
v 1.970697 -3.413532 14.906902
v 1.85847 -3.12939 14.767154
v 1.752331 -2.856478 14.60242
v 1.650919 -2.591145 14.40944
v 1.557463 -2.341646 14.192843
v 1.414361 -1.946376 13.758396
v 1.301144 -1.614492 13.265812
v 1.220499 -1.353804 12.726353
v 1.174481 -1.170716 12.151953
v 1.16307 -1.083236 11.682796
v 1.487013 -5.169244 15.162555
v 1.395414 -4.853407 15.148937
v 1.305054 -4.539513 15.108492
v 1.216545 -4.229694 15.041499
v 1.130502 -3.926083 14.948238
v 1.047524 -3.63077 14.829121
v 0.96814 -3.345666 14.685144
v 0.892865 -3.072632 14.517455
v 0.820703 -2.807966 14.322742
v 0.753919 -2.559845 14.105681
v 0.650836 -2.168489 13.673349
v 0.568024 -1.842035 13.186157
v 0.507359 -1.58786 12.654791
v 0.47031 -1.411972 12.090541
v 0.458126 -1.330465 11.630336
v 0.338167 -5.328116 15.141626
v 0.284255 -5.008893 15.120886
v 0.23105 -4.692328 15.074141
v 0.178904 -4.380508 15.001703
v 0.128169 -4.075521 14.903886
v 0.079185 -3.779412 14.781128
v 0.032259 -3.494036 14.634413
v -0.012314 -3.221199 14.464868
v -0.055135 -2.95716 14.269146
v -0.094875 -2.710037 14.051952
v -0.156524 -2.321163 13.621401
v -0.206527 -1.99787 13.138238
v -0.243782 -1.747248 12.612749
v -0.267416 -1.575057 12.055786
v -0.276205 -1.496457 11.601972
v -0.708296 -5.402206 15.133617
v -0.729092 -5.081707 15.109501
v -0.749619 -4.764174 15.059782
v -0.769742 -4.451671 14.984787
v -0.789329 -4.146262 14.884846
v -0.808248 -3.849965 14.760408
v -0.826384 -3.564611 14.612449
v -0.843622 -3.291978 14.442085
v -0.860199 -3.028303 14.245955
v -0.875601 -2.781676 14.028773
v -0.899546 -2.393908 13.599212
v -0.919045 -2.071902 13.118117
v -0.933674 -1.822619 12.595581
v -0.943095 -1.651708 12.042243
v -0.946753 -1.574031 11.591598
v -1.750093 -5.090851 15.109114
v -1.738117 -4.773366 15.059006
v -1.726374 -4.460929 14.983686
v -1.714942 -4.155599 14.883483
v -1.703898 -3.85939 14.758847
v -1.693308 -3.574128 14.610754
v -1.683238 -3.301586 14.440317
v -1.673551 -3.038 14.244174
v -1.664546 -2.791453 14.027039
v -1.65053 -2.403789 13.597696
v -1.639092 -2.08183 13.116969
v -1.63048 -1.832521 12.594926
v -1.624888 -1.6615 12.042173
v -1.622666 -1.583676 11.592032
v -2.7666 -5.034969 15.117976
v -2.722012 -4.718248 15.070149
v -2.678306 -4.406354 14.99679
v -2.635774 -4.101365 14.898217
v -2.594702 -3.805314 14.774873
v -2.555345 -3.520046 14.627738
v -2.517949 -3.247356 14.457933
v -2.482006 -2.983496 14.262107
v -2.448632 -2.73657 14.044968
v -2.396805 -2.348053 13.614877
v -2.354688 -2.025092 13.132576
v -2.323201 -1.774731 12.60828
v -2.303076 -1.602694 12.05276
v -2.295423 -1.52413 11.6002
v -3.688657 -4.599716 15.094388
v -3.612555 -4.289014 15.025295
v -3.538552 -3.984775 14.930271
v -3.467158 -3.689076 14.809739
v -3.398824 -3.403805 14.664689
v -3.333989 -3.130804 14.496262
v -3.271789 -2.866354 14.301131
v -3.21417 -2.618613 14.083986
v -3.12508 -2.228252 13.652272
v -3.053273 -1.903115 13.166551
v -3.000361 -1.650464 12.637358
v -2.967611 -1.476207 12.075819
v -2.95634 -1.396013 11.617996
v -4.526007 -4.112598 15.074125
v -4.419786 -3.81024 14.984474
v -4.317443 -3.515698 14.868258
v -4.219648 -3.230924 14.726476
v -4.127046 -2.957823 14.560294
v -4.038434 -2.692721 14.366426
v -3.956616 -2.443842 14.149525
v -3.830876 -2.050496 13.715896
v -3.730695 -1.721416 13.225642
v -3.658405 -1.464202 12.689762
v -3.615808 -1.285062 12.119892
v -3.603589 -1.20093 11.654745
v -5.258259 -3.585647 15.064902
v -5.124699 -3.293709 14.954381
v -4.997328 -3.01046 14.817031
v -4.877021 -2.737881 14.654041
v -4.762259 -2.472354 14.462181
v -4.656725 -2.222161 14.246046
v -4.495767 -1.824584 13.810896
v -4.369407 -1.489225 13.31591
v -4.280709 -1.224141 12.772647
v -4.231991 -1.035969 12.193372
v -4.222246 -0.944123 11.719878
v -5.876908 -3.03134 15.072463
v -5.719941 -2.751233 14.940698
v -5.572114 -2.48025 14.781938
v -5.431625 -2.214837 14.593022
v -5.303058 -1.963305 14.378461
v -5.108767 -1.560117 13.9429
v -4.958997 -1.215484 13.443934
v -4.85755 -0.938052 12.893735
v -4.807234 -0.735029 12.305258
v -4.804067 -0.630055 11.823467
v -6.378966 -2.465823 15.101328
v -6.204271 -2.1981 14.947842
v -6.038905 -1.933767 14.763021
v -5.888351 -1.681109 14.551254
v -5.663088 -1.270834 14.117577
v -5.492918 -0.913189 13.617073
v -5.382366 -0.617526 13.062489
v -5.334677 -0.391793 12.467433
v -5.341755 -0.266266 11.979446
v -6.582724 -1.640487 14.97349
v -6.411757 -1.387118 14.766147
v -6.158282 -0.968493 14.338001
v -5.970426 -0.594078 13.840464
v -5.853387 -0.274018 13.286694
v -5.810795 -0.017145 12.690779
v -6.830543 -1.492636 15.094223
v -6.650125 -1.23913 14.889828
v -6.383704 -0.815931 14.466233
v -6.187917 -0.431746 13.97251
v -6.068276 -0.097133 13.421922
v -6.028581 0.17859 12.828689
v -6.053775 0.350228 12.341142
v -6.263288 0.569433 12.502385
v -6.232318 0.37813 12.985855
v -6.26921 0.08132 13.573804
v -6.391216 -0.269431 14.11891
v -6.594386 -0.664293 14.606916
v -6.872917 -1.092287 15.024541
v -6.791439 -0.514141 14.759947
v -6.581286 -0.107891 14.279887
v -6.456809 0.260314 13.742996
v -6.422104 0.580119 13.163449
v -6.458012 0.792979 12.686692
v -6.598318 0.783438 13.361935
v -6.631731 0.439332 13.929902
v -6.758968 0.052817 14.45579
v -7.148078 -0.217363 15.104487
v -6.924827 0.212643 14.647091
v -6.794442 0.617893 14.134927
v -6.761282 0.987024 13.581639
v -6.803583 1.246438 13.1263
v -6.91132 1.189816 13.822891
v -6.945411 0.795515 14.358482
v -7.07943 0.37154 14.854264
v -7.152625 1.06151 14.733017
v -7.114552 1.492892 14.229777
v -7.156812 1.811643 13.815735
v -7.290015 1.788034 14.687722
v -7.327206 2.139554 14.305636
v -7.468212 2.451464 14.848739
v -7.9355 5 10.033848
v -7.920493 4.565131 10.037282
v -7.875404 4.124689 10.046521
v -7.800136 3.682603 10.059968
v -7.694589 3.242804 10.076029
v -7.558663 2.809224 10.093106
v -7.392309 2.385763 10.109544
v -7.196964 1.975544 10.122071
v -6.974851 1.581569 10.127
v -6.485736 0.885837 10.127
v -5.910756 0.259201 10.127
v -5.259567 -0.287817 10.127
v -4.543105 -0.746028 10.127
v -3.773403 -1.107739 10.127
v -2.963388 -1.366873 10.127
v -2.126663 -1.51908 10.127
v -1.27728 -1.561802 10.127
v -0.429505 -1.494322 10.127
v 0.402424 -1.317775 10.127
v 1.204536 -1.035123 10.127
v 1.96336 -0.651116 10.127
v 2.666151 -0.172201 10.127
v 3.301108 0.393578 10.127
v 3.857565 1.036719 10.127
v 4.326178 1.746422 10.127
v 4.699077 2.510766 10.127
v 4.969999 3.316915 10.127
v 5.134393 4.151331 10.127
v -17.5 5 -8
v -17.445369 5 -7.480221
v -17.283864 5 -6.983158
v -17.022542 5 -6.530537
v -16.672827 5 -6.142138
v -16.25 5 -5.834936
v -15.772542 5 -5.622359
v -15.261321 5 -5.513695
v -14.738679 5 -5.513695
v -14.227458 5 -5.622359
v -13.75 5 -5.834936
v -13.327173 5 -6.142138
v -12.977458 5 -6.530537
v -12.716136 5 -6.983158
v -12.554631 5 -7.480221
v -12.5 5 -8
v -12.554631 5 -8.519779
v -12.716136 5 -9.016842
v -12.977458 5 -9.469463
v -13.327173 5 -9.857862
v -13.75 5 -10.165064
v -14.227458 5 -10.377641
v -14.738679 5 -10.486305
v -15.261321 5 -10.486305
v -15.772542 5 -10.377641
v -16.25 5 -10.165064
v -16.672827 5 -9.857862
v -17.022542 5 -9.469463
v -17.283864 5 -9.016842
v -17.445369 5 -8.519779
v -17.5 5 8
v -17.445369 5 8.519779
v -17.283864 5 9.016842
v -17.022542 5 9.469463
v -16.672827 5 9.857862
v -16.25 5 10.165064
v -15.772542 5 10.377641
v -15.261321 5 10.486305
v -14.738679 5 10.486305
v -14.227458 5 10.377641
v -13.75 5 10.165064
v -13.327173 5 9.857862
v -12.977458 5 9.469463
v -12.716136 5 9.016842
v -12.554631 5 8.519779
v -12.5 5 8
v -12.554631 5 7.480221
v -12.716136 5 6.983158
v -12.977458 5 6.530537
v -13.327173 5 6.142138
v -13.75 5 5.834936
v -14.227458 5 5.622359
v -14.738679 5 5.513695
v -15.261321 5 5.513695
v -15.772542 5 5.622359
v -16.25 5 5.834936
v -16.672827 5 6.142138
v -17.022542 5 6.530537
v -17.283864 5 6.983158
v -17.445369 5 7.480221
v -7.9355 5 -15.127
v -7.9355 5 -10.033848
v -8.648641 5 -9.838521
v -9.325179 5 -9.540158
v -9.950317 5 -9.145283
v -10.510385 5 -8.662534
v -15.637385 5 -3.535534
v -16.104557 5 -2.996388
v -16.490246 5 -2.396245
v -16.7866 5 -1.747321
v -16.987585 5 -1.062826
v -17.089112 5 -0.356696
v -17.089112 5 0.356696
v -16.987585 5 1.062826
v -16.7866 5 1.747321
v -16.490246 5 2.396245
v -16.104557 5 2.996388
v -15.637385 5 3.535534
v -10.510385 5 8.662534
v -9.950317 5 9.145283
v -9.325179 5 9.540158
v -8.648641 5 9.838521
v 8.53536 -1.595565 -17.052714
v 8.285459 -1.965343 -16.686123
v 7.969931 -2.355439 -16.361204
v 7.58443 -2.756736 -16.08015
v 7.128769 -3.159709 -15.842529
v 6.602841 -3.554843 -15.64785
v 6.008445 -3.932514 -15.494415
v 5.352448 -4.285605 -15.377052
v 4.64169 -4.608881 -15.290431
v 3.882996 -4.897116 -15.22923
v 3.083347 -5.145663 -15.187815
v 2.249832 -5.352588 -15.161134
v 1.389147 -5.516515 -15.145619
v 0.507973 -5.63605 -15.137741
v -0.387008 -5.709827 -15.134018
v -2.079592 -5.245461 -15.127
v -2.848577 -5.107247 -15.127
v -3.59363 -4.872092 -15.127
v -4.301638 -4.542403 -15.127
v -4.959053 -4.122001 -15.127
v -5.552449 -3.615996 -15.127
v -6.067716 -3.031985 -15.127
v -6.492016 -2.379859 -15.127
v -6.66773 -2.030076 -15.127
v -6.81405 -1.676499 -15.127
v -7.022873 -0.985922 -15.127
v -7.148719 -0.324212 -15.127
v -7.228882 0.329359 -15.127
v -7.37343 1.700053 -15.127
v -7.488307 2.411375 -15.127
v -7.665238 3.136095 -15.127
v -7.814921 3.747779 -15.127
v -7.905286 4.370993 -15.127
v 5.134393 4.151331 -10.127
v 4.969999 3.316915 -10.127
v 4.699077 2.510766 -10.127
v 4.326178 1.746422 -10.127
v 3.857565 1.036719 -10.127
v 3.301108 0.393578 -10.127
v 2.666151 -0.172201 -10.127
v 1.96336 -0.651116 -10.127
v 1.204536 -1.035123 -10.127
v 0.402424 -1.317775 -10.127
v -0.429505 -1.494322 -10.127
v -1.27728 -1.561802 -10.127
v -2.126663 -1.51908 -10.127
v -2.963388 -1.366873 -10.127
v -3.773403 -1.107739 -10.127
v -4.543105 -0.746028 -10.127
v -5.259567 -0.287817 -10.127
v -5.910756 0.259201 -10.127
v -6.485736 0.885837 -10.127
v -6.974851 1.581569 -10.127
v -7.196964 1.975544 -10.122071
v -7.392309 2.385763 -10.109544
v -7.558663 2.809224 -10.093106
v -7.694589 3.242804 -10.076029
v -7.800136 3.682603 -10.059968
v -7.875404 4.124689 -10.046521
v -7.920493 4.565131 -10.037282
v -7.537233 2.748733 -14.375647
v -7.366004 2.326015 -13.700028
v -7.145401 1.8782 -13.108636
v -6.871479 1.418011 -12.606739
v -6.54262 0.959295 -12.195874
v -6.161684 0.514197 -11.86978
v -5.732112 0.094522 -11.621163
v -5.258064 -0.288491 -11.441015
v -4.745871 -0.628334 -11.31602
v -4.201438 -0.920825 -11.234672
v -3.630629 -1.161798 -11.185577
v -3.039264 -1.347328 -11.157255
v -2.432863 -1.475874 -11.141419
v -1.816952 -1.546916 -11.135075
v -1.197074 -1.559896 -11.135573
v -0.578769 -1.514259 -11.14027
v 0.032448 -1.40993 -11.149367
v 0.631016 -1.248496 -11.169906
v 1.211338 -1.031901 -11.20982
v 1.767816 -0.76209 -11.277039
v 2.294641 -0.441287 -11.381504
v 2.785898 -0.075204 -11.536042
v 3.235869 0.328863 -11.752615
v 3.63879 0.763546 -12.043249
v 3.989365 1.218325 -12.418697
v 4.28668 1.679786 -12.881761
v 4.530823 2.134644 -13.433546
v 4.722789 2.569363 -14.073599
v 4.868522 2.972586 -14.793544
v 4.975103 3.336157 -15.583606
v 5.049572 3.652042 -16.434082
v 4.863635 2.817896 -15.608991
v 4.20879 1.473137 -13.382116
v 6.943771 -2.874832 -15.981815
v 6.656379 -3.099578 -15.85107
v 3.307775 0.350228 -12.341142
v -5.743724 0.059407 -12.154477
v -6.986958 -0.355895 -14.937283
v -6.831658 1.286293 -13.168121
v 4.747608 2.512669 -14.965551
v 4.720421 2.127201 -15.304286
v 4.777991 1.626962 -15.716658
v 4.93812 1.12578 -16.099761
v 5.195825 0.636743 -16.443815
v 5.543958 0.172922 -16.739691
v 5.778903 -0.074259 -16.882865
v 6.038253 -0.307223 -17.006674
v 6.313271 -0.519574 -17.108192
v 6.607056 -0.714759 -17.18947
v 6.917334 -0.891018 -17.249664
v 7.241737 -1.04674 -17.288087
v 7.577519 -1.180872 -17.304641
v 7.921852 -1.292489 -17.299366
v 8.271905 -1.380668 -17.272302
v 6.206794 -0.078346 -17.411133
v 5.945636 0.150965 -17.299887
v 5.70823 0.396713 -17.172032
v 5.354052 0.863642 -16.90941
v 5.08811 1.363099 -16.605564
v 4.917569 1.882118 -16.268349
v 4.847526 2.407569 -15.90616
v 5.247884 1.652364 -17.338865
v 5.064026 2.188393 -17.064434
v 4.97696 2.738457 -16.770559
v 4.977306 3.173453 -16.52981
v 4.602027 2.182978 -14.376412
v 4.565781 1.827317 -14.753838
v 4.612425 1.357656 -15.212891
v 4.762518 0.878433 -15.63861
v 5.011226 0.402517 -16.019897
v 5.351476 -0.057056 -16.346408
v 5.582465 -0.305767 -16.503596
v 5.838217 -0.543026 -16.638803
v 6.110035 -0.762156 -16.74885
v 6.400909 -0.96657 -16.835967
v 6.708543 -1.154411 -16.89922
v 7.030537 -1.323958 -16.937855
v 7.364103 -1.473999 -16.951797
v 7.706363 -1.603439 -16.941131
v 8.054441 -1.711184 -16.905943
v 4.423378 1.834323 -13.847242
v 4.38134 1.513237 -14.259268
v 4.419806 1.079422 -14.760073
v 4.56098 0.626304 -15.223919
v 4.800197 0.166327 -15.638533
v 5.130538 -0.287677 -15.992491
v 5.355771 -0.537896 -16.16225
v 5.605693 -0.779969 -16.307699
v 5.87175 -1.006908 -16.425427
v 6.156818 -1.222099 -16.51783
v 6.458613 -1.423589 -16.583894
v 6.774747 -1.609542 -16.622803
v 7.102437 -1.778562 -16.634506
v 7.43881 -1.929357 -16.619128
v 7.780993 -2.060633 -16.576794
v 4.057583 1.246438 -13.1263
v 4.015282 0.987024 -13.581639
v 4.048442 0.617893 -14.134927
v 4.178827 0.212643 -14.647091
v 4.402078 -0.217363 -15.104487
v 4.711684 -0.65999 -15.494427
v 4.923191 -0.912245 -15.681124
v 5.158113 -1.162429 -15.840798
v 5.408383 -1.403048 -15.969713
v 5.676688 -1.637467 -16.070496
v 5.960863 -1.863601 -16.142027
v 6.258645 -2.079444 -16.183411
v 6.567393 -2.283287 -16.194605
v 6.884382 -2.473487 -16.175764
v 7.206885 -2.648405 -16.127041
v 7.445766 -2.422055 -16.286906
v 7.114289 -2.264269 -16.334065
v 6.788478 -2.089507 -16.352299
v 6.471138 -1.899279 -16.341459
v 6.165069 -1.695092 -16.301394
v 5.872985 -1.478536 -16.232148
v 5.597213 -1.251559 -16.134586
v 5.339978 -1.016198 -16.009794
v 5.098517 -0.769086 -15.855225
v 4.881123 -0.517525 -15.674499
v 4.562898 -0.070289 -15.29703
v 4.33343 0.37154 -14.854264
v 4.199411 0.795515 -14.358482
v 4.16532 1.189816 -13.822891
v 3.712012 0.792979 -12.686692
v 3.676104 0.580119 -13.163449
v 3.710809 0.260314 -13.742996
v 3.835286 -0.107891 -14.279887
v 4.045439 -0.514141 -14.759947
v 4.335204 -0.947046 -15.169984
v 4.532634 -1.200276 -15.366762
v 4.751629 -1.456127 -15.535468
v 4.9847 -1.706764 -15.672146
v 5.234375 -1.955561 -15.779576
v 5.498657 -2.20037 -15.85658
v 5.77546 -2.439085 -15.902216
v 6.062354 -2.669782 -15.916418
v 6.35683 -2.890574 -15.899323
v 6.631919 -2.682723 -16.030916
v 6.325384 -2.477069 -16.049389
v 6.026793 -2.25964 -16.037082
v 5.738775 -2.032202 -15.993845
v 5.463874 -1.796581 -15.919728
v 5.204273 -1.554837 -15.815652
v 4.962061 -1.309091 -15.682768
v 4.734627 -1.055977 -15.518369
v 4.52977 -0.803169 -15.326306
v 4.229631 -0.365377 -14.92547
v 4.012783 0.052644 -14.455592
v 3.885525 0.439114 -13.929663
v 3.852087 0.783161 -13.36165
v 3.891796 1.018848 -12.894254
v 3.517288 0.569433 -12.502385
v 3.486318 0.37813 -12.985855
v 3.52321 0.08132 -13.573804
v 3.645216 -0.269431 -14.11891
v 3.848386 -0.664293 -14.606916
v 4.126917 -1.092287 -15.024541
v 4.316191 -1.345751 -15.225431
v 4.525857 -1.604038 -15.398085
v 4.748777 -1.859172 -15.538444
v 4.987392 -2.11454 -15.649358
v 5.239813 -2.367975 -15.729628
v 5.504064 -2.617342 -15.778291
v 5.777848 -2.860626 -15.795261
v 6.058796 -3.095839 -15.780652
v 6.344536 -3.320994 -15.734582
v 3.083911 0.137009 -12.201346
v 3.064795 -0.017145 -12.690779
v 3.107387 -0.274018 -13.286694
v 3.224426 -0.594078 -13.840464
v 3.412282 -0.968493 -14.338001
v 3.665757 -1.387118 -14.766147
v 3.836724 -1.640487 -14.97349
v 4.025397 -1.902519 -15.152932
v 4.225426 -2.165036 -15.300235
v 4.439067 -2.431469 -15.418366
v 4.664674 -2.699652 -15.506107
v 4.900525 -2.967426 -15.562464
v 5.144631 -3.23265 -15.587288
v 5.394939 -3.493187 -15.580628
v 5.649395 -3.746899 -15.542532
v 6.008431 -3.537296 -15.632038
v 5.737849 -3.297151 -15.674621
v 5.471746 -3.048612 -15.685662
v 5.212339 -2.793753 -15.665075
v 4.961845 -2.534645 -15.612777
v 4.72241 -2.273377 -15.528882
v 4.495888 -2.012101 -15.414371
v 4.28405 -1.75299 -15.270455
v 4.084543 -1.492636 -15.094223
v 3.904125 -1.23913 -14.889828
v 3.637704 -0.815931 -14.466233
v 3.441917 -0.431746 -13.97251
v 3.322276 -0.097133 -13.421922
v 3.282581 0.17859 -12.828689
v 2.595755 -0.266266 -11.979446
v 2.588677 -0.391793 -12.467433
v 2.636366 -0.617526 -13.062489
v 2.746918 -0.913189 -13.617073
v 2.917088 -1.270834 -14.117577
v 3.142351 -1.681109 -14.551254
v 3.292905 -1.933767 -14.763021
v 3.458271 -2.1981 -14.947842
v 3.632966 -2.465823 -15.101328
v 3.819034 -2.740425 -15.226551
v 4.01509 -3.019781 -15.322288
v 4.219688 -3.301751 -15.387528
v 4.431168 -3.584135 -15.422052
v 4.647817 -3.864719 -15.425824
v 4.867924 -4.141286 -15.398809
v 2.058067 -0.630055 -11.823467
v 2.061234 -0.735029 -12.305258
v 2.11155 -0.938052 -12.893735
v 2.212997 -1.215484 -13.443934
v 2.362767 -1.560117 -13.9429
v 2.557058 -1.963305 -14.378461
v 2.685625 -2.214837 -14.593022
v 2.826114 -2.48025 -14.781938
v 2.973941 -2.751233 -14.940698
v 3.130908 -3.03134 -15.072463
v 3.29589 -3.318513 -15.176022
v 3.467722 -3.610662 -15.250357
v 3.64507 -3.90558 -15.295178
v 3.826561 -4.201033 -15.310366
v 4.010823 -4.494787 -15.295801
v 1.476246 -0.944123 -11.719878
v 1.485991 -1.035969 -12.193372
v 1.534709 -1.224141 -12.772647
v 1.623407 -1.489225 -13.31591
v 1.749767 -1.824584 -13.810896
v 1.910725 -2.222161 -14.246046
v 2.016259 -2.472354 -14.462181
v 2.131021 -2.737881 -14.654041
v 2.251328 -3.01046 -14.817031
v 2.378699 -3.293709 -14.954381
v 2.512259 -3.585647 -15.064902
v 2.651102 -3.884252 -15.147581
v 2.794198 -4.18735 -15.202069
v 2.940489 -4.492732 -15.228173
v 3.088916 -4.798187 -15.225699
v 0.857589 -1.20093 -11.654745
v 0.869808 -1.285062 -12.119892
v 0.912405 -1.464202 -12.689762
v 0.984695 -1.721416 -13.225642
v 1.084876 -2.050496 -13.715896
v 1.210616 -2.443842 -14.149525
v 1.292434 -2.692721 -14.366426
v 1.381046 -2.957823 -14.560294
v 1.473648 -3.230924 -14.726476
v 1.571443 -3.515698 -14.868258
v 1.673786 -3.81024 -14.984474
v 1.780007 -4.112598 -15.074125
v 1.889348 -4.420647 -15.136815
v 2.001034 -4.73222 -15.172295
v 2.114286 -5.045153 -15.180313
v 0.21034 -1.396013 -11.617996
v 0.221611 -1.476207 -12.075819
v 0.254361 -1.650464 -12.637358
v 0.307273 -1.903115 -13.166551
v 0.37908 -2.228252 -13.652272
v 0.46817 -2.618613 -14.083986
v 0.525789 -2.866354 -14.301131
v 0.587989 -3.130804 -14.496262
v 0.652824 -3.403805 -14.664689
v 0.721158 -3.689076 -14.809739
v 0.792552 -3.984775 -14.930271
v 0.866555 -4.289014 -15.025295
v 0.942657 -4.599716 -15.094388
v 1.020335 -4.914767 -15.137256
v 1.099066 -5.23205 -15.153609
v -0.450577 -1.52413 -11.6002
v -0.442924 -1.602694 -12.05276
v -0.422799 -1.774731 -12.60828
v -0.391312 -2.025092 -13.132576
v -0.349195 -2.348053 -13.614877
v -0.297368 -2.73657 -14.044968
v -0.263994 -2.983496 -14.262107
v -0.228051 -3.247356 -14.457933
v -0.190655 -3.520046 -14.627738
v -0.151298 -3.805314 -14.774873
v -0.110226 -4.101365 -14.898217
v -0.067694 -4.406354 -14.99679
v -0.023988 -4.718248 -15.070149
v 0.0206 -5.034969 -15.117976
v 0.065779 -5.354441 -15.139954
v -1.123334 -1.583676 -11.592032
v -1.121112 -1.6615 -12.042173
v -1.11552 -1.832521 -12.594926
v -1.106908 -2.08183 -13.116969
v -1.09547 -2.403789 -13.597696
v -1.081454 -2.791453 -14.027039
v -1.072449 -3.038 -14.244174
v -1.062762 -3.301586 -14.440317
v -1.052692 -3.574128 -14.610754
v -1.042102 -3.85939 -14.758847
v -1.031058 -4.155599 -14.883483
v -1.019626 -4.460929 -14.983686
v -1.007883 -4.773366 -15.059006
v -0.995907 -5.090851 -15.109114
v -0.983773 -5.411325 -15.133681
v -1.799247 -1.574031 -11.591598
v -1.802905 -1.651708 -12.042243
v -1.812326 -1.822619 -12.595581
v -1.826955 -2.071902 -13.118117
v -1.846454 -2.393908 -13.599212
v -1.870399 -2.781676 -14.028773
v -1.885801 -3.028303 -14.245955
v -1.902378 -3.291978 -14.442085
v -1.919616 -3.564611 -14.612449
v -1.937752 -3.849965 -14.760408
v -1.956671 -4.146262 -14.884846
v -1.976258 -4.451671 -14.984787
v -1.996381 -4.764174 -15.059782
v -2.016908 -5.081707 -15.109501
v -2.469795 -1.496457 -11.601972
v -2.478584 -1.575057 -12.055786
v -2.502218 -1.747248 -12.612749
v -2.539473 -1.99787 -13.138238
v -2.589476 -2.321163 -13.621401
v -2.651125 -2.710037 -14.051952
v -2.690865 -2.95716 -14.269146
v -2.733686 -3.221199 -14.464868
v -2.778259 -3.494036 -14.634413
v -2.825185 -3.779412 -14.781128
v -2.874169 -4.075521 -14.903886
v -2.924904 -4.380508 -15.001703
v -2.97705 -4.692328 -15.074141
v -3.030255 -5.008893 -15.120886
v -3.204126 -1.330465 -11.630336
v -3.21631 -1.411972 -12.090541
v -3.253359 -1.58786 -12.654791
v -3.314024 -1.842035 -13.186157
v -3.396836 -2.168489 -13.673349
v -3.499919 -2.559845 -14.105681
v -3.566703 -2.807966 -14.322742
v -3.638865 -3.072632 -14.517455
v -3.71414 -3.345666 -14.685144
v -3.793524 -3.63077 -14.829121
v -3.876502 -3.926083 -14.948238
v -3.962545 -4.229694 -15.041499
v -4.051054 -4.539513 -15.108492
v -3.90907 -1.083236 -11.682796
v -3.920481 -1.170716 -12.151953
v -3.966499 -1.353804 -12.726353
v -4.047144 -1.614492 -13.265812
v -4.160361 -1.946376 -13.758396
v -4.303463 -2.341646 -14.192843
v -4.396919 -2.591145 -14.40944
v -4.498331 -2.856478 -14.60242
v -4.60447 -3.12939 -14.767154
v -4.716697 -3.413532 -14.906902
v -4.834255 -3.70696 -15.02049
v -4.956363 -4.007691 -15.106909
v -4.573797 -0.762343 -11.775627
v -4.579678 -0.861341 -12.254487
v -4.629471 -1.057655 -12.839752
v -4.725943 -1.329571 -13.387607
v -4.86648 -1.670129 -13.88536
v -5.047573 -2.070927 -14.321075
v -5.167006 -2.321943 -14.536415
v -5.297283 -2.587495 -14.726633
v -5.43418 -2.859277 -14.887183
v -5.579387 -3.140869 -15.021255
v -5.188584 -0.378007 -11.92681
v -5.184856 -0.496383 -12.413415
v -5.233725 -0.714272 -13.007069
v -5.34197 -1.003713 -13.560854
v -5.506467 -1.356999 -14.061339
v -5.722898 -1.765002 -14.495931
v -5.867119 -2.017379 -14.708687
v -6.025286 -2.282193 -14.89485
v -6.192179 -2.55114 -15.049992
v -5.474217 -0.165249 -12.029883
v -5.464375 -0.296977 -12.518777
v -5.511184 -0.529505 -13.114696
v -5.623833 -0.830556 -13.669652
v -5.798965 -1.191978 -14.169892
v -6.031875 -1.60423 -14.602543
v -6.187888 -1.857139 -14.813345
v -6.359448 -2.121066 -14.996914
v -5.727103 -0.088536 -12.644054
v -5.770966 -0.338691 -13.240306
v -5.887107 -0.653535 -13.794682
v -6.071961 -1.024419 -14.293164
v -6.320448 -1.441357 -14.722658
v -6.487752 -1.694643 -14.930966
v -6.672215 -1.957242 -15.111522
v -6.231658 0.535909 -12.477569
v -6.201656 0.34719 -12.961432
v -6.239064 0.05316 -13.549926
v -6.360773 -0.295446 -14.095655
v -6.562854 -0.688868 -14.584383
v -6.839551 -1.116183 -15.002843
v -6.76731 -1.532 -15.061237
v -6.589342 -1.278537 -14.856042
v -6.326248 -0.856535 -14.431229
v -6.132454 -0.474895 -13.936509
v -6.013389 -0.144068 -13.38511
v -5.97281 0.126756 -12.791216
v -5.996302 0.29385 -12.303216
v -6.649608 1.03428 -12.908641
v -6.609407 0.796841 -13.375481
v -6.642512 0.450929 -13.9428
v -6.769775 0.063046 -14.468054
v -6.783091 -0.521586 -14.753231
v -6.573596 -0.115308 -14.27327
v -6.449586 0.252865 -13.73654
v -6.415176 0.572623 -13.157211
v -6.451211 0.785459 -12.680663
v -6.788633 1.022738 -13.621539
v -6.82146 0.649219 -14.172461
v -6.952184 0.240672 -14.682379
v -7.182735 1.858616 -13.881281
v -7.140933 1.535036 -14.291139
v -7.179815 1.098622 -14.789326
v -7.121036 0.41658 -14.916214
v -6.986063 0.845831 -14.425267
v -6.951756 1.247231 -13.894892
v -6.995573 1.537301 -13.458405
v -7.341561 2.169449 -14.354671
v -7.305027 1.815214 -14.733596
v -7.474007 2.465352 -14.875892
v 6.974851 0 -10.127
v 17.127 0 -10.127
v -6.974851 0 -10.127
v -10.510385 0 8.662534
v -10.018658 0 9.093767
v -9.474851 0 9.457127
v -8.888268 0 9.746398
v -8.268946 0 9.956629
v -7.627482 0 10.084224
v -6.974851 0 10.127
v 17.127 0 10.127
v 6.974851 0 10.127
v -7.627482 0 -10.084224
v -8.268946 0 -9.956629
v -8.888268 0 -9.746398
v -9.474851 0 -9.457127
v -10.018658 0 -9.093767
v -10.510385 0 -8.662534
v -15.637385 0 -3.535534
v -16.104557 0 -2.996388
v -16.490246 0 -2.396245
v -16.7866 0 -1.747321
v -16.987585 0 -1.062826
v -17.089112 0 -0.356696
v -17.089112 0 0.356696
v -16.987585 0 1.062826
v -16.7866 0 1.747321
v -16.490246 0 2.396245
v -16.104557 0 2.996388
v -15.637385 0 3.535534
v 10.510385 0 -8.662534
v 10.018658 0 -9.093767
v 9.474851 0 -9.457127
v 8.888268 0 -9.746398
v 8.268946 0 -9.956629
v 7.627482 0 -10.084224
v 7.627482 0 10.084224
v 8.268946 0 9.956629
v 8.888268 0 9.746398
v 9.474851 0 9.457127
v 10.018658 0 9.093767
v 10.510385 0 8.662534
v 15.637385 0 3.535534
v 16.104557 0 2.996388
v 16.490246 0 2.396245
v 16.7866 0 1.747321
v 16.987585 0 1.062826
v 17.089112 0 0.356696
v 17.089112 0 -0.356696
v 16.987585 0 -1.062826
v 16.7866 0 -1.747321
v 16.490246 0 -2.396245
v 16.104557 0 -2.996388
v 15.637385 0 -3.535534
v -17.5 2 -8
v -17.445369 2 -7.480221
v -17.283864 2 -6.983158
v -17.022542 2 -6.530537
v -16.672827 2 -6.142138
v -16.25 2 -5.834936
v -15.772542 2 -5.622359
v -15.261321 2 -5.513695
v -14.738679 2 -5.513695
v -14.227458 2 -5.622359
v -13.75 2 -5.834936
v -13.327173 2 -6.142138
v -12.977458 2 -6.530537
v -12.716136 2 -6.983158
v -12.554631 2 -7.480221
v -12.5 2 -8
v -12.554631 2 -8.519779
v -12.716136 2 -9.016842
v -12.977458 2 -9.469463
v -13.327173 2 -9.857862
v -13.75 2 -10.165064
v -14.227458 2 -10.377641
v -14.738679 2 -10.486305
v -15.261321 2 -10.486305
v -15.772542 2 -10.377641
v -16.25 2 -10.165064
v -16.672827 2 -9.857862
v -17.022542 2 -9.469463
v -17.283864 2 -9.016842
v -17.445369 2 -8.519779
v -16.308 2 -8
v -16.263431 2 -7.661465
v -16.132761 2 -7.346
v -15.924896 2 -7.075104
v -15.654 2 -6.867239
v -15.338535 2 -6.736569
v -15 2 -6.692
v -14.661465 2 -6.736569
v -14.346 2 -6.867239
v -14.075104 2 -7.075104
v -13.867239 2 -7.346
v -13.736569 2 -7.661465
v -13.692 2 -8
v -13.736569 2 -8.338535
v -13.867239 2 -8.654
v -14.075104 2 -8.924896
v -14.346 2 -9.132761
v -14.661465 2 -9.263431
v -15 2 -9.308
v -15.338535 2 -9.263431
v -15.654 2 -9.132761
v -15.924896 2 -8.924896
v -16.132761 2 -8.654
v -16.263431 2 -8.338535
v -17.5 2 8
v -17.445369 2 8.519779
v -17.283864 2 9.016842
v -17.022542 2 9.469463
v -16.672827 2 9.857862
v -16.25 2 10.165064
v -15.772542 2 10.377641
v -15.261321 2 10.486305
v -14.738679 2 10.486305
v -14.227458 2 10.377641
v -13.75 2 10.165064
v -13.327173 2 9.857862
v -12.977458 2 9.469463
v -12.716136 2 9.016842
v -12.554631 2 8.519779
v -12.5 2 8
v -12.554631 2 7.480221
v -12.716136 2 6.983158
v -12.977458 2 6.530537
v -13.327173 2 6.142138
v -13.75 2 5.834936
v -14.227458 2 5.622359
v -14.738679 2 5.513695
v -15.261321 2 5.513695
v -15.772542 2 5.622359
v -16.25 2 5.834936
v -16.672827 2 6.142138
v -17.022542 2 6.530537
v -17.283864 2 6.983158
v -17.445369 2 7.480221
v -16.308 2 8
v -16.263431 2 8.338535
v -16.132761 2 8.654
v -15.924896 2 8.924896
v -15.654 2 9.132761
v -15.338535 2 9.263431
v -15 2 9.308
v -14.661465 2 9.263431
v -14.346 2 9.132761
v -14.075104 2 8.924896
v -13.867239 2 8.654
v -13.736569 2 8.338535
v -13.692 2 8
v -13.736569 2 7.661465
v -13.867239 2 7.346
v -14.075104 2 7.075104
v -14.346 2 6.867239
v -14.661465 2 6.736569
v -15 2 6.692
v -15.338535 2 6.736569
v -15.654 2 6.867239
v -15.924896 2 7.075104
v -16.132761 2 7.346
v -16.263431 2 7.661465
v 12.5 2 -8
v 12.554631 2 -7.480221
v 12.716136 2 -6.983158
v 12.977458 2 -6.530537
v 13.327173 2 -6.142138
v 13.75 2 -5.834936
v 14.227458 2 -5.622359
v 14.738679 2 -5.513695
v 15.261321 2 -5.513695
v 15.772542 2 -5.622359
v 16.25 2 -5.834936
v 16.672827 2 -6.142138
v 17.022542 2 -6.530537
v 17.283864 2 -6.983158
v 17.445369 2 -7.480221
v 17.5 2 -8
v 17.445369 2 -8.519779
v 17.283864 2 -9.016842
v 17.022542 2 -9.469463
v 16.672827 2 -9.857862
v 16.25 2 -10.165064
v 15.772542 2 -10.377641
v 15.261321 2 -10.486305
v 14.738679 2 -10.486305
v 14.227458 2 -10.377641
v 13.75 2 -10.165064
v 13.327173 2 -9.857862
v 12.977458 2 -9.469463
v 12.716136 2 -9.016842
v 12.554631 2 -8.519779
v 13.692 2 -8
v 13.736569 2 -7.661465
v 13.867239 2 -7.346
v 14.075104 2 -7.075104
v 14.346 2 -6.867239
v 14.661465 2 -6.736569
v 15 2 -6.692
v 15.338535 2 -6.736569
v 15.654 2 -6.867239
v 15.924896 2 -7.075104
v 16.132761 2 -7.346
v 16.263431 2 -7.661465
v 16.308 2 -8
v 16.263431 2 -8.338535
v 16.132761 2 -8.654
v 15.924896 2 -8.924896
v 15.654 2 -9.132761
v 15.338535 2 -9.263431
v 15 2 -9.308
v 14.661465 2 -9.263431
v 14.346 2 -9.132761
v 14.075104 2 -8.924896
v 13.867239 2 -8.654
v 13.736569 2 -8.338535
v 12.5 2 8
v 12.554631 2 8.519779
v 12.716136 2 9.016842
v 12.977458 2 9.469463
v 13.327173 2 9.857862
v 13.75 2 10.165064
v 14.227458 2 10.377641
v 14.738679 2 10.486305
v 15.261321 2 10.486305
v 15.772542 2 10.377641
v 16.25 2 10.165064
v 16.672827 2 9.857862
v 17.022542 2 9.469463
v 17.283864 2 9.016842
v 17.445369 2 8.519779
v 17.5 2 8
v 17.445369 2 7.480221
v 17.283864 2 6.983158
v 17.022542 2 6.530537
v 16.672827 2 6.142138
v 16.25 2 5.834936
v 15.772542 2 5.622359
v 15.261321 2 5.513695
v 14.738679 2 5.513695
v 14.227458 2 5.622359
v 13.75 2 5.834936
v 13.327173 2 6.142138
v 12.977458 2 6.530537
v 12.716136 2 6.983158
v 12.554631 2 7.480221
v 13.692 2 8
v 13.736569 2 8.338535
v 13.867239 2 8.654
v 14.075104 2 8.924896
v 14.346 2 9.132761
v 14.661465 2 9.263431
v 15 2 9.308
v 15.338535 2 9.263431
v 15.654 2 9.132761
v 15.924896 2 8.924896
v 16.132761 2 8.654
v 16.263431 2 8.338535
v 16.308 2 8
v 16.263431 2 7.661465
v 16.132761 2 7.346
v 15.924896 2 7.075104
v 15.654 2 6.867239
v 15.338535 2 6.736569
v 15 2 6.692
v 14.661465 2 6.736569
v 14.346 2 6.867239
v 14.075104 2 7.075104
v 13.867239 2 7.346
v 13.736569 2 7.661465
v 13.692 0 8
v 13.736569 0 7.661465
v 13.867239 0 7.346
v 14.075104 0 7.075104
v 14.346 0 6.867239
v 14.661465 0 6.736569
v 15 0 6.692
v 15.338535 0 6.736569
v 15.654 0 6.867239
v 15.924896 0 7.075104
v 16.132761 0 7.346
v 16.263431 0 7.661465
v 16.308 0 8
v 16.263431 0 8.338535
v 16.132761 0 8.654
v 15.924896 0 8.924896
v 15.654 0 9.132761
v 15.338535 0 9.263431
v 15 0 9.308
v 14.661465 0 9.263431
v 14.346 0 9.132761
v 14.075104 0 8.924896
v 13.867239 0 8.654
v 13.736569 0 8.338535
v 13.692 0 -8
v 13.736569 0 -8.338535
v 13.867239 0 -8.654
v 14.075104 0 -8.924896
v 14.346 0 -9.132761
v 14.661465 0 -9.263431
v 15 0 -9.308
v 15.338535 0 -9.263431
v 15.654 0 -9.132761
v 15.924896 0 -8.924896
v 16.132761 0 -8.654
v 16.263431 0 -8.338535
v 16.308 0 -8
v 16.263431 0 -7.661465
v 16.132761 0 -7.346
v 15.924896 0 -7.075104
v 15.654 0 -6.867239
v 15.338535 0 -6.736569
v 15 0 -6.692
v 14.661465 0 -6.736569
v 14.346 0 -6.867239
v 14.075104 0 -7.075104
v 13.867239 0 -7.346
v 13.736569 0 -7.661465
v -16.308 0 8
v -16.263431 0 8.338535
v -16.132761 0 8.654
v -15.924896 0 8.924896
v -15.654 0 9.132761
v -15.338535 0 9.263431
v -15 0 9.308
v -14.661465 0 9.263431
v -14.346 0 9.132761
v -14.075104 0 8.924896
v -13.867239 0 8.654
v -13.736569 0 8.338535
v -13.692 0 8
v -13.736569 0 7.661465
v -13.867239 0 7.346
v -14.075104 0 7.075104
v -14.346 0 6.867239
v -14.661465 0 6.736569
v -15 0 6.692
v -15.338535 0 6.736569
v -15.654 0 6.867239
v -15.924896 0 7.075104
v -16.132761 0 7.346
v -16.263431 0 7.661465
v -16.308 0 -8
v -16.263431 0 -7.661465
v -16.132761 0 -7.346
v -15.924896 0 -7.075104
v -15.654 0 -6.867239
v -15.338535 0 -6.736569
v -15 0 -6.692
v -14.661465 0 -6.736569
v -14.346 0 -6.867239
v -14.075104 0 -7.075104
v -13.867239 0 -7.346
v -13.736569 0 -7.661465
v -13.692 0 -8
v -13.736569 0 -8.338535
v -13.867239 0 -8.654
v -14.075104 0 -8.924896
v -14.346 0 -9.132761
v -14.661465 0 -9.263431
v -15 0 -9.308
v -15.338535 0 -9.263431
v -15.654 0 -9.132761
v -15.924896 0 -8.924896
v -16.132761 0 -8.654
v -16.263431 0 -8.338535
vt -0.090406 -0.037015 0.000000
vt -0.108253 -0.023067 0.000000
vt -0.153846 0.000000 0.000000
vt -0.138648 0.024186 0.000000
vt -0.153846 0.041364 0.000000
vt -0.138648 0.071439 0.000000
vt -0.153846 0.082727 0.000000
vt -0.138648 0.145236 0.000000
vt -0.153846 0.165455 0.000000
vt -0.138648 0.219034 0.000000
vt -0.153846 0.248182 0.000000
vt -0.138648 0.292831 0.000000
vt -0.153846 0.330909 0.000000
vt -0.138648 0.366629 0.000000
vt -0.153846 0.413636 0.000000
vt -0.138648 0.440426 0.000000
vt -0.153846 0.496364 0.000000
vt -0.138648 0.514224 0.000000
vt -0.153846 0.579091 0.000000
vt -0.138648 0.588021 0.000000
vt -0.153846 0.661818 0.000000
vt -0.128206 0.661818 0.000000
vt -0.123450 0.588021 0.000000
vt -0.108253 0.588021 0.000000
vt -0.108253 0.514224 0.000000
vt -0.093055 0.514224 0.000000
vt -0.093055 0.440426 0.000000
vt -0.076923 0.440426 0.000000
vt -0.076923 0.366629 0.000000
vt -0.063265 0.366629 0.000000
vt -0.063265 0.292831 0.000000
vt -0.049607 0.292831 0.000000
vt -0.049607 0.219034 0.000000
vt -0.035949 0.219034 0.000000
vt -0.035949 0.145236 0.000000
vt -0.022291 0.145236 0.000000
vt -0.022291 0.071439 0.000000
vt -0.000000 0.106587 0.000000
vt -0.000000 0.060318 0.000000
vt -0.022291 0.024186 0.000000
vt -0.000000 0.014048 0.000000
vt -0.022291 -0.023067 0.000000
vt -0.000000 -0.032221 0.000000
vt -0.022291 -0.050773 0.000000
vt -0.000160 -0.055360 0.000000
vt -0.000870 -0.078121 0.000000
vt -0.000150 -0.078478 0.000000
vt -0.047671 -0.056594 0.000000
vt -0.076923 -0.023067 0.000000
vt -0.093055 -0.023067 0.000000
vt -0.108253 0.024186 0.000000
vt -0.123450 0.024186 0.000000
vt -0.123450 0.071439 0.000000
vt -0.035949 -0.050773 0.000000
vt -0.049607 -0.050773 0.000000
vt -0.063265 -0.023067 0.000000
vt -0.076923 0.024186 0.000000
vt -0.063265 0.024186 0.000000
vt -0.076923 0.071439 0.000000
vt -0.063265 0.071439 0.000000
vt -0.076923 0.145236 0.000000
vt -0.063265 0.145236 0.000000
vt -0.076923 0.219034 0.000000
vt -0.063265 0.219034 0.000000
vt -0.076923 0.292831 0.000000
vt -0.000000 0.199126 0.000000
vt -0.022291 0.219034 0.000000
vt -0.035949 0.292831 0.000000
vt -0.049607 0.366629 0.000000
vt -0.063265 0.440426 0.000000
vt -0.076923 0.514224 0.000000
vt -0.093055 0.588021 0.000000
vt -0.102564 0.661818 0.000000
vt -0.000000 0.291664 0.000000
vt -0.022291 0.292831 0.000000
vt -0.035949 0.366629 0.000000
vt -0.049607 0.440426 0.000000
vt -0.063265 0.514224 0.000000
vt -0.076923 0.588021 0.000000
vt -0.000000 0.384203 0.000000
vt -0.022291 0.366629 0.000000
vt -0.035949 0.440426 0.000000
vt -0.049607 0.514224 0.000000
vt -0.063265 0.588021 0.000000
vt -0.076923 0.661818 0.000000
vt -0.022291 0.440426 0.000000
vt -0.000000 0.476741 0.000000
vt -0.022291 0.514224 0.000000
vt -0.000000 0.569280 0.000000
vt -0.022291 0.588021 0.000000
vt -0.000000 0.615549 0.000000
vt -0.025640 0.661818 0.000000
vt -0.000000 0.661818 0.000000
vt -0.051283 0.661818 0.000000
vt -0.035949 0.588021 0.000000
vt -0.035949 0.514224 0.000000
vt -0.049607 0.588021 0.000000
vt -0.035949 0.024186 0.000000
vt -0.035949 -0.023067 0.000000
vt -0.049607 0.024186 0.000000
vt -0.049607 -0.023067 0.000000
vt -0.035949 0.071439 0.000000
vt -0.049607 0.071439 0.000000
vt -0.049607 0.145236 0.000000
vt -0.093055 0.024186 0.000000
vt -0.093055 0.071439 0.000000
vt -0.093055 0.145236 0.000000
vt -0.093055 0.219034 0.000000
vt -0.093055 0.292831 0.000000
vt -0.093055 0.366629 0.000000
vt -0.108253 0.071439 0.000000
vt -0.123450 0.145236 0.000000
vt -0.108253 0.145236 0.000000
vt -0.108253 0.219034 0.000000
vt -0.108253 0.292831 0.000000
vt -0.108253 0.366629 0.000000
vt -0.108253 0.440426 0.000000
vt -0.123450 0.219034 0.000000
vt -0.123450 0.292831 0.000000
vt -0.123450 0.366629 0.000000
vt -0.123450 0.440426 0.000000
vt -0.123450 0.514224 0.000000
vt -0.000000 0.103678 0.000000
vt -0.000000 0.207356 0.000000
vt -0.042320 0.151917 0.000000
vt -0.042437 0.207356 0.000000
vt -0.068874 0.151917 0.000000
vt -0.084879 0.207356 0.000000
vt -0.095428 0.151917 0.000000
vt -0.127316 0.207356 0.000000
vt -0.121982 0.151917 0.000000
vt -0.148536 0.151917 0.000000
vt -0.121982 0.096479 0.000000
vt -0.148536 0.096479 0.000000
vt -0.121982 0.048239 0.000000
vt -0.148536 0.048239 0.000000
vt -0.148536 0.000000 0.000000
vt -0.179045 0.048239 0.000000
vt -0.198048 0.000000 0.000000
vt -0.208552 0.048239 0.000000
vt -0.238059 0.048239 0.000000
vt -0.238059 0.096479 0.000000
vt -0.267566 0.096479 0.000000
vt -0.267566 0.151917 0.000000
vt -0.297073 0.103678 0.000000
vt -0.297073 0.155517 0.000000
vt -0.297073 0.207356 0.000000
vt -0.254636 0.207356 0.000000
vt -0.238059 0.151917 0.000000
vt -0.212193 0.207356 0.000000
vt -0.208552 0.151917 0.000000
vt -0.179045 0.151917 0.000000
vt -0.179045 0.096479 0.000000
vt -0.169757 0.207356 0.000000
vt -0.297073 0.051839 0.000000
vt -0.267566 0.048239 0.000000
vt -0.247562 0.000000 0.000000
vt -0.297073 0.000000 0.000000
vt -0.099025 0.000000 0.000000
vt -0.095428 0.048239 0.000000
vt -0.095428 0.096479 0.000000
vt -0.068874 0.048239 0.000000
vt -0.049511 0.000000 0.000000
vt -0.042320 0.048239 0.000000
vt -0.000000 0.000000 0.000000
vt -0.042320 0.096479 0.000000
vt -0.208552 0.096479 0.000000
vt -0.068874 0.096479 0.000000
vt 0.000000 -1.386766 0.000000
vt 0.044880 -1.386766 0.000000
vt 0.000000 -1.321257 0.000000
vt 0.044880 -1.321257 0.000000
vt 0.000000 -1.255748 0.000000
vt 0.044880 -1.255748 0.000000
vt 0.000000 -1.190239 0.000000
vt 0.044880 -1.190239 0.000000
vt 0.000000 -1.124729 0.000000
vt 0.044880 -1.124729 0.000000
vt 0.000000 -1.059220 0.000000
vt 0.044880 -1.059220 0.000000
vt 0.000000 -0.993711 0.000000
vt 0.044880 -0.993711 0.000000
vt 0.000000 -0.928202 0.000000
vt 0.044880 -0.928202 0.000000
vt 0.000000 -0.862693 0.000000
vt 0.044880 -0.862693 0.000000
vt 0.000000 -0.797184 0.000000
vt 0.044880 -0.797184 0.000000
vt 0.089760 -0.862693 0.000000
vt 0.089760 -0.797184 0.000000
vt 0.134640 -0.862693 0.000000
vt 0.134640 -0.797184 0.000000
vt 0.179520 -0.862693 0.000000
vt 0.179520 -0.797184 0.000000
vt 0.224399 -0.862693 0.000000
vt 0.224399 -0.797184 0.000000
vt 0.269279 -0.862693 0.000000
vt 0.269279 -0.797184 0.000000
vt 0.314159 -0.797184 0.000000
vt 0.314159 -0.881410 0.000000
vt 0.269279 -0.928202 0.000000
vt 0.314159 -0.965636 0.000000
vt 0.269279 -0.993711 0.000000
vt 0.314159 -1.049862 0.000000
vt 0.269279 -1.059220 0.000000
vt 0.269279 -1.124729 0.000000
vt 0.224399 -1.059220 0.000000
vt 0.224399 -1.124729 0.000000
vt 0.179520 -1.059220 0.000000
vt 0.179520 -1.124729 0.000000
vt 0.134640 -1.059220 0.000000
vt 0.134640 -1.124729 0.000000
vt 0.089760 -1.059220 0.000000
vt 0.089760 -1.124729 0.000000
vt 0.089760 -1.386766 0.000000
vt 0.089760 -1.321257 0.000000
vt 0.089760 -1.255748 0.000000
vt 0.089760 -1.190239 0.000000
vt 0.134640 -1.386766 0.000000
vt 0.134640 -1.321257 0.000000
vt 0.134640 -1.255748 0.000000
vt 0.134640 -1.190239 0.000000
vt 0.179520 -1.386766 0.000000
vt 0.179520 -1.321257 0.000000
vt 0.179520 -1.255748 0.000000
vt 0.179520 -1.190239 0.000000
vt 0.224399 -1.386766 0.000000
vt 0.224399 -1.321257 0.000000
vt 0.224399 -1.255748 0.000000
vt 0.224399 -1.190239 0.000000
vt 0.269279 -1.386766 0.000000
vt 0.269279 -1.321257 0.000000
vt 0.269279 -1.255748 0.000000
vt 0.269279 -1.190239 0.000000
vt 0.314159 -1.386766 0.000000
vt 0.314159 -1.302540 0.000000
vt 0.314159 -1.218314 0.000000
vt 0.314159 -1.134088 0.000000
vt 0.224399 -0.993711 0.000000
vt 0.224399 -0.928202 0.000000
vt 0.179520 -0.993711 0.000000
vt 0.179520 -0.928202 0.000000
vt 0.134640 -0.993711 0.000000
vt 0.134640 -0.928202 0.000000
vt 0.089760 -0.993711 0.000000
vt 0.089760 -0.928202 0.000000
vt -2.800000 0.157080 0.000000
vt -4.715000 0.157080 0.000000
vt -3.757500 0.112200 0.000000
vt -4.715000 0.112200 0.000000
vt -3.757500 0.067320 0.000000
vt -4.715000 0.067320 0.000000
vt -3.757500 0.022440 0.000000
vt -4.715000 0.022440 0.000000
vt -3.757500 -0.022440 0.000000
vt -4.715000 -0.022440 0.000000
vt -3.757500 -0.067320 0.000000
vt -4.715000 -0.067320 0.000000
vt -3.757500 -0.112200 0.000000
vt -4.715000 -0.112200 0.000000
vt -4.715000 -0.157080 0.000000
vt -2.800000 -0.157080 0.000000
vt -2.800000 -0.112200 0.000000
vt -2.800000 -0.067320 0.000000
vt -2.800000 -0.022440 0.000000
vt -2.800000 0.022440 0.000000
vt -2.800000 0.067320 0.000000
vt -2.800000 0.112200 0.000000
vt -0.000000 0.693383 0.000000
vt 0.044880 0.693383 0.000000
vt 0.000000 0.756418 0.000000
vt 0.044880 0.756418 0.000000
vt 0.000000 0.819453 0.000000
vt 0.044880 0.819453 0.000000
vt 0.000000 0.882488 0.000000
vt 0.044880 0.882488 0.000000
vt 0.000000 0.945522 0.000000
vt 0.044880 0.945522 0.000000
vt 0.000000 1.008557 0.000000
vt 0.044880 1.008557 0.000000
vt 0.000000 1.071592 0.000000
vt 0.044880 1.071592 0.000000
vt 0.000000 1.134627 0.000000
vt 0.044880 1.134627 0.000000
vt 0.000000 1.197662 0.000000
vt 0.044880 1.197662 0.000000
vt 0.000000 1.260696 0.000000
vt 0.044880 1.260696 0.000000
vt 0.000000 1.323731 0.000000
vt 0.044880 1.323731 0.000000
vt -0.000000 1.386766 0.000000
vt 0.044880 1.386766 0.000000
vt 0.089760 1.323731 0.000000
vt 0.089760 1.386766 0.000000
vt 0.134640 1.323731 0.000000
vt 0.134640 1.386766 0.000000
vt 0.179520 1.323731 0.000000
vt 0.179520 1.386766 0.000000
vt 0.224399 1.323731 0.000000
vt 0.224399 1.386766 0.000000
vt 0.269279 1.323731 0.000000
vt 0.269279 1.386766 0.000000
vt 0.314159 1.386766 0.000000
vt 0.314159 1.309724 0.000000
vt 0.269279 1.260696 0.000000
vt 0.314159 1.232681 0.000000
vt 0.269279 1.197662 0.000000
vt 0.314159 1.155638 0.000000
vt 0.269279 1.134627 0.000000
vt 0.314159 1.078596 0.000000
vt 0.269279 1.071592 0.000000
vt 0.269279 1.008557 0.000000
vt 0.224399 1.071592 0.000000
vt 0.224399 1.008557 0.000000
vt 0.179520 1.071592 0.000000
vt 0.179520 1.008557 0.000000
vt 0.134640 1.071592 0.000000
vt 0.134640 1.008557 0.000000
vt 0.089760 1.071592 0.000000
vt 0.089760 1.008557 0.000000
vt 0.089760 0.693383 0.000000
vt 0.089760 0.756418 0.000000
vt 0.089760 0.819453 0.000000
vt 0.089760 0.882488 0.000000
vt 0.089760 0.945522 0.000000
vt 0.134640 0.693383 0.000000
vt 0.134640 0.756418 0.000000
vt 0.134640 0.819453 0.000000
vt 0.134640 0.882488 0.000000
vt 0.134640 0.945522 0.000000
vt 0.179520 0.693383 0.000000
vt 0.179520 0.756418 0.000000
vt 0.179520 0.819453 0.000000
vt 0.179520 0.882488 0.000000
vt 0.179520 0.945522 0.000000
vt 0.224399 0.693383 0.000000
vt 0.224399 0.756418 0.000000
vt 0.224399 0.819453 0.000000
vt 0.224399 0.882488 0.000000
vt 0.224399 0.945522 0.000000
vt 0.269279 0.693383 0.000000
vt 0.269279 0.756418 0.000000
vt 0.269279 0.819453 0.000000
vt 0.269279 0.882488 0.000000
vt 0.269279 0.945522 0.000000
vt 0.314159 0.693383 0.000000
vt 0.314159 0.770426 0.000000
vt 0.314159 0.847468 0.000000
vt 0.314159 0.924511 0.000000
vt 0.314159 1.001553 0.000000
vt 0.224399 1.134627 0.000000
vt 0.224399 1.197662 0.000000
vt 0.224399 1.260696 0.000000
vt 0.179520 1.134627 0.000000
vt 0.179520 1.197662 0.000000
vt 0.179520 1.260696 0.000000
vt 0.134640 1.134627 0.000000
vt 0.134640 1.197662 0.000000
vt 0.134640 1.260696 0.000000
vt 0.089760 1.134627 0.000000
vt 0.089760 1.197662 0.000000
vt 0.089760 1.260696 0.000000
vt -3.412296 0.112200 0.000000
vt -2.596296 0.112200 0.000000
vt -3.412296 0.157080 0.000000
vt -1.780296 0.112200 0.000000
vt -0.964296 0.112200 0.000000
vt -0.964296 0.067320 0.000000
vt -0.148296 0.067320 0.000000
vt -0.148296 0.022440 0.000000
vt 0.667704 0.022440 0.000000
vt 0.667704 -0.022440 0.000000
vt -0.148296 -0.022440 0.000000
vt 0.667704 -0.067320 0.000000
vt -0.148296 -0.067320 0.000000
vt 0.667704 -0.112200 0.000000
vt -0.148296 -0.112200 0.000000
vt 0.667704 -0.157080 0.000000
vt -0.964296 -0.112200 0.000000
vt -1.780296 -0.112200 0.000000
vt -1.780296 -0.067320 0.000000
vt -2.596296 -0.067320 0.000000
vt -2.596296 -0.022440 0.000000
vt -3.412296 -0.022440 0.000000
vt -3.412296 0.022440 0.000000
vt -2.596296 0.022440 0.000000
vt -3.412296 0.067320 0.000000
vt -2.596296 0.067320 0.000000
vt -3.412296 -0.067320 0.000000
vt -2.596296 -0.112200 0.000000
vt -3.412296 -0.157080 0.000000
vt -3.412296 -0.112200 0.000000
vt 0.667704 0.067320 0.000000
vt -0.148296 0.112200 0.000000
vt 0.667704 0.157080 0.000000
vt 0.667704 0.112200 0.000000
vt -1.780296 0.067320 0.000000
vt -1.780296 0.022440 0.000000
vt -1.780296 -0.022440 0.000000
vt -0.964296 0.022440 0.000000
vt -0.964296 -0.022440 0.000000
vt -0.964296 -0.067320 0.000000
vt -0.000000 0.000000 0.000000
vt 0.044880 0.000000 0.000000
vt -0.000000 0.063035 0.000000
vt 0.044880 0.063035 0.000000
vt -0.000000 0.126070 0.000000
vt 0.044880 0.126070 0.000000
vt -0.000000 0.189104 0.000000
vt 0.044880 0.189104 0.000000
vt -0.000000 0.252139 0.000000
vt 0.044880 0.252139 0.000000
vt -0.000000 0.315174 0.000000
vt 0.044880 0.315174 0.000000
vt -0.000000 0.378209 0.000000
vt 0.044880 0.378209 0.000000
vt -0.000000 0.441244 0.000000
vt 0.044880 0.441244 0.000000
vt -0.000000 0.504279 0.000000
vt 0.044880 0.504279 0.000000
vt -0.000000 0.567313 0.000000
vt 0.044880 0.567313 0.000000
vt -0.000000 0.630348 0.000000
vt 0.044880 0.630348 0.000000
vt 0.000000 0.693383 0.000000
vt 0.044880 0.693383 0.000000
vt 0.089760 0.630348 0.000000
vt 0.089760 0.693383 0.000000
vt 0.134640 0.630348 0.000000
vt 0.134640 0.693383 0.000000
vt 0.179520 0.630348 0.000000
vt 0.179520 0.693383 0.000000
vt 0.224399 0.630348 0.000000
vt 0.224399 0.693383 0.000000
vt 0.269279 0.630348 0.000000
vt 0.269279 0.693383 0.000000
vt 0.314159 0.693383 0.000000
vt 0.314159 0.616340 0.000000
vt 0.269279 0.567313 0.000000
vt 0.314159 0.539298 0.000000
vt 0.269279 0.504279 0.000000
vt 0.314159 0.462255 0.000000
vt 0.269279 0.441244 0.000000
vt 0.314159 0.385213 0.000000
vt 0.269279 0.378209 0.000000
vt 0.269279 0.315174 0.000000
vt 0.224399 0.378209 0.000000
vt 0.224399 0.315174 0.000000
vt 0.179520 0.378209 0.000000
vt 0.179520 0.315174 0.000000
vt 0.134640 0.378209 0.000000
vt 0.134640 0.315174 0.000000
vt 0.089760 0.378209 0.000000
vt 0.089760 0.315174 0.000000
vt 0.089760 0.000000 0.000000
vt 0.089760 0.063035 0.000000
vt 0.089760 0.126070 0.000000
vt 0.089760 0.189104 0.000000
vt 0.089760 0.252139 0.000000
vt 0.134640 0.000000 0.000000
vt 0.134640 0.063035 0.000000
vt 0.134640 0.126070 0.000000
vt 0.134640 0.189104 0.000000
vt 0.134640 0.252139 0.000000
vt 0.179520 0.000000 0.000000
vt 0.179520 0.063035 0.000000
vt 0.179520 0.126070 0.000000
vt 0.179520 0.189104 0.000000
vt 0.179520 0.252139 0.000000
vt 0.224399 0.000000 0.000000
vt 0.224399 0.063035 0.000000
vt 0.224399 0.126070 0.000000
vt 0.224399 0.189104 0.000000
vt 0.224399 0.252139 0.000000
vt 0.269279 0.000000 0.000000
vt 0.269279 0.063035 0.000000
vt 0.269279 0.126070 0.000000
vt 0.269279 0.189104 0.000000
vt 0.269279 0.252139 0.000000
vt 0.314159 0.000000 0.000000
vt 0.314159 0.077043 0.000000
vt 0.314159 0.154085 0.000000
vt 0.314159 0.231128 0.000000
vt 0.314159 0.308170 0.000000
vt 0.224399 0.441244 0.000000
vt 0.224399 0.504279 0.000000
vt 0.224399 0.567313 0.000000
vt 0.179520 0.441244 0.000000
vt 0.179520 0.504279 0.000000
vt 0.179520 0.567313 0.000000
vt 0.134640 0.441244 0.000000
vt 0.134640 0.504279 0.000000
vt 0.134640 0.567313 0.000000
vt 0.089760 0.441244 0.000000
vt 0.089760 0.504279 0.000000
vt 0.089760 0.567313 0.000000
vt 4.715000 0.157080 0.000000
vt 2.800000 0.157080 0.000000
vt 3.757500 0.112200 0.000000
vt 2.800000 0.112200 0.000000
vt 3.757500 0.067320 0.000000
vt 2.800000 0.067320 0.000000
vt 3.757500 0.022440 0.000000
vt 2.800000 0.022440 0.000000
vt 3.757500 -0.022440 0.000000
vt 2.800000 -0.022440 0.000000
vt 3.757500 -0.067320 0.000000
vt 2.800000 -0.067320 0.000000
vt 3.757500 -0.112200 0.000000
vt 2.800000 -0.112200 0.000000
vt 2.800000 -0.157080 0.000000
vt 4.715000 -0.157080 0.000000
vt 4.715000 -0.112200 0.000000
vt 4.715000 -0.067320 0.000000
vt 4.715000 -0.022440 0.000000
vt 4.715000 0.022440 0.000000
vt 4.715000 0.067320 0.000000
vt 4.715000 0.112200 0.000000
vt 0.000000 -0.589582 0.000000
vt 0.044880 -0.589582 0.000000
vt -0.000000 -0.524073 0.000000
vt 0.044880 -0.524073 0.000000
vt -0.000000 -0.458564 0.000000
vt 0.044880 -0.458564 0.000000
vt -0.000000 -0.393055 0.000000
vt 0.044880 -0.393055 0.000000
vt -0.000000 -0.327546 0.000000
vt 0.044880 -0.327546 0.000000
vt -0.000000 -0.262037 0.000000
vt 0.044880 -0.262037 0.000000
vt -0.000000 -0.196527 0.000000
vt 0.044880 -0.196527 0.000000
vt -0.000000 -0.131018 0.000000
vt 0.044880 -0.131018 0.000000
vt -0.000000 -0.065509 0.000000
vt 0.044880 -0.065509 0.000000
vt 0.000000 0.000000 0.000000
vt 0.044880 0.000000 0.000000
vt 0.089760 -0.065509 0.000000
vt 0.089760 0.000000 0.000000
vt 0.134640 -0.065509 0.000000
vt 0.134640 0.000000 0.000000
vt 0.179520 -0.065509 0.000000
vt 0.179520 0.000000 0.000000
vt 0.224399 -0.065509 0.000000
vt 0.224399 0.000000 0.000000
vt 0.269279 -0.065509 0.000000
vt 0.269279 0.000000 0.000000
vt 0.314159 0.000000 0.000000
vt 0.314159 -0.084226 0.000000
vt 0.269279 -0.131018 0.000000
vt 0.314159 -0.168452 0.000000
vt 0.269279 -0.196527 0.000000
vt 0.314159 -0.252678 0.000000
vt 0.269279 -0.262037 0.000000
vt 0.269279 -0.327546 0.000000
vt 0.224399 -0.262037 0.000000
vt 0.224399 -0.327546 0.000000
vt 0.179520 -0.262037 0.000000
vt 0.179520 -0.327546 0.000000
vt 0.134640 -0.262037 0.000000
vt 0.134640 -0.327546 0.000000
vt 0.089760 -0.262037 0.000000
vt 0.089760 -0.327546 0.000000
vt 0.089760 -0.589582 0.000000
vt 0.089760 -0.524073 0.000000
vt 0.089760 -0.458564 0.000000
vt 0.089760 -0.393055 0.000000
vt 0.134640 -0.589582 0.000000
vt 0.134640 -0.524073 0.000000
vt 0.134640 -0.458564 0.000000
vt 0.134640 -0.393055 0.000000
vt 0.179520 -0.589582 0.000000
vt 0.179520 -0.524073 0.000000
vt 0.179520 -0.458564 0.000000
vt 0.179520 -0.393055 0.000000
vt 0.224399 -0.589582 0.000000
vt 0.224399 -0.524073 0.000000
vt 0.224399 -0.458564 0.000000
vt 0.224399 -0.393055 0.000000
vt 0.269279 -0.589582 0.000000
vt 0.269279 -0.524073 0.000000
vt 0.269279 -0.458564 0.000000
vt 0.269279 -0.393055 0.000000
vt 0.314159 -0.589582 0.000000
vt 0.314159 -0.505356 0.000000
vt 0.314159 -0.421130 0.000000
vt 0.314159 -0.336904 0.000000
vt 0.224399 -0.196527 0.000000
vt 0.224399 -0.131018 0.000000
vt 0.179520 -0.196527 0.000000
vt 0.179520 -0.131018 0.000000
vt 0.134640 -0.196527 0.000000
vt 0.134640 -0.131018 0.000000
vt 0.089760 -0.196527 0.000000
vt 0.089760 -0.131018 0.000000
vt -0.000000 0.207356 0.000000
vt -0.042437 0.207356 0.000000
vt -0.000000 0.155517 0.000000
vt -0.042347 0.151917 0.000000
vt -0.000000 0.103678 0.000000
vt -0.042347 0.096479 0.000000
vt -0.000000 0.051839 0.000000
vt -0.042347 0.048239 0.000000
vt -0.000000 0.000000 0.000000
vt -0.049511 0.000000 0.000000
vt -0.068894 0.048239 0.000000
vt -0.099025 0.000000 0.000000
vt -0.095442 0.048239 0.000000
vt -0.121989 0.048239 0.000000
vt -0.121989 0.096479 0.000000
vt -0.148536 0.096479 0.000000
vt -0.148536 0.151917 0.000000
vt -0.179079 0.151917 0.000000
vt -0.169757 0.207356 0.000000
vt -0.212193 0.207356 0.000000
vt -0.068894 0.151917 0.000000
vt -0.084879 0.207356 0.000000
vt -0.095442 0.151917 0.000000
vt -0.127316 0.207356 0.000000
vt -0.121989 0.151917 0.000000
vt -0.254636 0.207356 0.000000
vt -0.238076 0.151917 0.000000
vt -0.208578 0.151917 0.000000
vt -0.179079 0.096479 0.000000
vt -0.148536 0.048239 0.000000
vt -0.148536 0.000000 0.000000
vt -0.267574 0.151917 0.000000
vt -0.297073 0.207356 0.000000
vt -0.297073 0.103678 0.000000
vt -0.297073 0.000000 0.000000
vt -0.267574 0.048239 0.000000
vt -0.267574 0.096479 0.000000
vt -0.238076 0.096479 0.000000
vt -0.208578 0.096479 0.000000
vt -0.247562 0.000000 0.000000
vt -0.238076 0.048239 0.000000
vt -0.208578 0.048239 0.000000
vt -0.198048 0.000000 0.000000
vt -0.179079 0.048239 0.000000
vt -0.095442 0.096479 0.000000
vt -0.068894 0.096479 0.000000
vt -0.153696 -0.078478 0.000000
vt -0.152976 -0.078121 0.000000
vt -0.153686 -0.055360 0.000000
vt -0.106132 -0.056576 0.000000
vt -0.138650 -0.050773 0.000000
vt -0.123453 -0.050773 0.000000
vt -0.138650 -0.023067 0.000000
vt -0.123453 -0.023067 0.000000
vt -0.138650 0.024205 0.000000
vt -0.123453 0.024205 0.000000
vt -0.138650 0.071476 0.000000
vt -0.123453 0.071476 0.000000
vt -0.138650 0.145269 0.000000
vt -0.123453 0.145269 0.000000
vt -0.138650 0.219062 0.000000
vt -0.123453 0.219062 0.000000
vt -0.138650 0.292855 0.000000
vt -0.123453 0.292855 0.000000
vt -0.138650 0.366647 0.000000
vt -0.123453 0.366647 0.000000
vt -0.138650 0.440440 0.000000
vt -0.123453 0.440440 0.000000
vt -0.138650 0.514233 0.000000
vt -0.123453 0.514233 0.000000
vt -0.138650 0.588026 0.000000
vt -0.123453 0.588026 0.000000
vt -0.128206 0.661818 0.000000
vt -0.108257 0.588026 0.000000
vt -0.102564 0.661818 0.000000
vt -0.093060 0.588026 0.000000
vt -0.076923 0.588026 0.000000
vt -0.076923 0.514233 0.000000
vt -0.063266 0.514233 0.000000
vt -0.063266 0.440440 0.000000
vt -0.049609 0.440440 0.000000
vt -0.049609 0.366647 0.000000
vt -0.035952 0.366647 0.000000
vt -0.035952 0.292855 0.000000
vt -0.022295 0.292855 0.000000
vt -0.022295 0.219062 0.000000
vt -0.000000 0.248182 0.000000
vt -0.000000 0.165455 0.000000
vt -0.022295 0.145269 0.000000
vt -0.000000 0.082727 0.000000
vt -0.022295 0.071476 0.000000
vt -0.000000 0.041364 0.000000
vt -0.022295 0.024205 0.000000
vt -0.000000 0.000000 0.000000
vt -0.035952 0.024205 0.000000
vt -0.049609 0.024205 0.000000
vt -0.049609 0.071476 0.000000
vt -0.063266 0.071476 0.000000
vt -0.063266 0.145269 0.000000
vt -0.076923 0.145269 0.000000
vt -0.076923 0.219062 0.000000
vt -0.093060 0.219062 0.000000
vt -0.093060 0.292855 0.000000
vt -0.108257 0.292855 0.000000
vt -0.108257 0.366647 0.000000
vt -0.108257 -0.050773 0.000000
vt -0.063304 -0.036949 0.000000
vt -0.108257 -0.023067 0.000000
vt -0.093060 -0.023067 0.000000
vt -0.108257 0.024205 0.000000
vt -0.093060 0.024205 0.000000
vt -0.108257 0.071476 0.000000
vt -0.093060 0.071476 0.000000
vt -0.108257 0.145269 0.000000
vt -0.093060 0.145269 0.000000
vt -0.108257 0.219062 0.000000
vt -0.049609 -0.023067 0.000000
vt -0.063266 -0.023067 0.000000
vt -0.076923 -0.023067 0.000000
vt -0.076923 0.024205 0.000000
vt -0.000000 0.330909 0.000000
vt -0.022295 0.366647 0.000000
vt -0.035952 0.440440 0.000000
vt -0.049609 0.514233 0.000000
vt -0.063266 0.588026 0.000000
vt -0.076923 0.661818 0.000000
vt -0.000000 0.413636 0.000000
vt -0.022295 0.440440 0.000000
vt -0.035952 0.514233 0.000000
vt -0.049609 0.588026 0.000000
vt -0.000000 0.496364 0.000000
vt -0.022295 0.514233 0.000000
vt -0.035952 0.588026 0.000000
vt -0.051283 0.661818 0.000000
vt -0.000000 0.579091 0.000000
vt -0.022295 0.588026 0.000000
vt -0.000000 0.661818 0.000000
vt -0.025640 0.661818 0.000000
vt -0.153846 0.661818 0.000000
vt -0.153846 0.615549 0.000000
vt -0.153846 0.569280 0.000000
vt -0.153846 0.476741 0.000000
vt -0.153846 0.384203 0.000000
vt -0.153846 0.291664 0.000000
vt -0.153846 0.199126 0.000000
vt -0.153846 0.106587 0.000000
vt -0.153846 0.060318 0.000000
vt -0.153846 0.014048 0.000000
vt -0.153846 -0.032221 0.000000
vt -0.063266 0.024205 0.000000
vt -0.035952 0.071476 0.000000
vt -0.035952 0.145269 0.000000
vt -0.035952 0.219062 0.000000
vt -0.076923 0.071476 0.000000
vt -0.049609 0.145269 0.000000
vt -0.063266 0.219062 0.000000
vt -0.076923 0.292855 0.000000
vt -0.093060 0.366647 0.000000
vt -0.108257 0.440440 0.000000
vt -0.049609 0.219062 0.000000
vt -0.049609 0.292855 0.000000
vt -0.063266 0.292855 0.000000
vt -0.076923 0.366647 0.000000
vt -0.093060 0.440440 0.000000
vt -0.108257 0.514233 0.000000
vt -0.063266 0.366647 0.000000
vt -0.076923 0.440440 0.000000
vt -0.093060 0.514233 0.000000
vt 0.000003 0.301564 0.000000
vt 0.017342 0.303129 0.000000
vt 0.000002 0.455661 0.000000
vt 0.034340 0.309134 0.000000
vt 0.050604 0.479743 0.000000
vt 0.066587 0.330440 0.000000
vt 0.097157 0.358460 0.000000
vt 0.101207 0.479743 0.000000
vt 0.126949 0.390088 0.000000
vt 0.165250 0.479743 0.000000
vt 0.186595 0.457701 0.000000
vt 0.165250 0.657922 0.000000
vt 0.229293 0.657922 0.000000
vt 0.165250 0.796817 0.000000
vt 0.229293 0.796817 0.000000
vt 0.165250 0.935712 0.000000
vt 0.229293 0.935712 0.000000
vt 0.174824 1.016938 0.000000
vt 0.218421 1.029172 0.000000
vt 0.262002 1.042799 0.000000
vt 0.293336 0.935712 0.000000
vt 0.305612 1.057710 0.000000
vt 0.357379 0.935712 0.000000
vt 0.349379 1.073821 0.000000
vt 0.393818 1.084498 0.000000
vt 0.437784 1.109266 0.000000
vt 0.430257 1.084498 0.000000
vt 0.465820 1.084498 0.000000
vt 0.465820 0.935712 0.000000
vt 0.501382 0.935712 0.000000
vt 0.501382 0.796817 0.000000
vt 0.533330 0.790370 0.000000
vt 0.493502 0.762057 0.000000
vt 0.465820 0.796817 0.000000
vt 0.454912 0.731757 0.000000
vt 0.430257 0.796817 0.000000
vt 0.381471 0.666792 0.000000
vt 0.393818 0.796817 0.000000
vt 0.357379 0.796817 0.000000
vt 0.248105 0.527855 0.000000
vt 0.293336 0.657922 0.000000
vt 0.293336 0.796817 0.000000
vt 0.312793 0.598164 0.000000
vt 0.357379 0.657922 0.000000
vt 0.536945 0.796817 0.000000
vt 0.622274 0.850973 0.000000
vt 0.572507 0.935712 0.000000
vt 0.608070 0.935712 0.000000
vt 0.572507 1.084498 0.000000
vt 0.608070 1.084498 0.000000
vt 0.619891 1.189899 0.000000
vt 0.643632 1.084498 0.000000
vt 0.679195 1.084498 0.000000
vt 0.679195 0.935712 0.000000
vt 0.714757 1.073739 0.000000
vt 0.714757 0.914194 0.000000
vt 0.643632 0.935712 0.000000
vt 0.714757 1.233284 0.000000
vt 0.527751 1.148253 0.000000
vt 0.536945 1.084498 0.000000
vt 0.536945 0.935712 0.000000
vt 0.501382 1.084498 0.000000
vt 0.131235 1.006207 0.000000
vt 0.101207 0.935712 0.000000
vt 0.101207 0.796817 0.000000
vt 0.101207 0.657922 0.000000
vt 0.087553 0.997048 0.000000
vt 0.050604 0.935712 0.000000
vt 0.050604 0.796817 0.000000
vt 0.050604 0.657922 0.000000
vt 0.043846 0.989547 0.000000
vt 0.000013 0.983739 0.000000
vt 0.000003 0.851717 0.000000
vt 0.000001 0.719698 0.000000
vt 0.000003 0.587680 0.000000
vt 0.430257 0.935712 0.000000
vt 0.393818 0.935712 0.000000
vt 3.340875 0.275124 0.000000
vt 3.340875 0.200921 0.000000
vt 3.491320 0.233622 0.000000
vt 3.640875 0.191205 0.000000
vt 3.340875 0.126719 0.000000
vt 3.640875 0.118217 0.000000
vt 3.340875 0.052516 0.000000
vt 3.640875 0.045229 0.000000
vt 3.340875 -0.021686 0.000000
vt 3.640875 -0.027759 0.000000
vt 3.340875 -0.095889 0.000000
vt 3.640875 -0.100747 0.000000
vt 3.340875 -0.170092 0.000000
vt 3.640875 -0.173735 0.000000
vt 3.340875 -0.244294 0.000000
vt 3.640875 -0.246723 0.000000
vt 3.340875 -0.318497 0.000000
vt 3.640875 -0.319711 0.000000
vt 3.340875 -0.392699 0.000000
vt 3.640875 -0.392699 0.000000
vt 4.125400 -4.715000 0.000000
vt 4.425400 -4.715000 0.000000
vt 4.125400 -2.800000 0.000000
vt 4.425400 -2.800000 0.000000
vt 2.212700 0.392699 0.000000
vt 1.912700 0.392699 0.000000
vt 2.212700 0.321299 0.000000
vt 1.912700 0.321299 0.000000
vt 2.212700 0.249899 0.000000
vt 1.912700 0.249899 0.000000
vt 2.212700 0.178500 0.000000
vt 1.912700 0.178500 0.000000
vt 2.212700 0.107100 0.000000
vt 1.912700 0.107100 0.000000
vt 2.212700 0.035700 0.000000
vt 1.912700 0.035700 0.000000
vt 2.212700 -0.035700 0.000000
vt 1.912700 -0.035700 0.000000
vt 2.212700 -0.107100 0.000000
vt 1.912700 -0.107100 0.000000
vt 2.212700 -0.178500 0.000000
vt 1.912700 -0.178500 0.000000
vt 2.212700 -0.249899 0.000000
vt 1.912700 -0.249899 0.000000
vt 2.212700 -0.321299 0.000000
vt 1.912700 -0.321299 0.000000
vt 2.212700 -0.392699 0.000000
vt 1.912700 -0.392699 0.000000
vt 4.580000 0.300000 0.000000
vt 0.500000 0.300000 0.000000
vt 4.580000 0.000000 0.000000
vt 0.500000 0.000000 0.000000
vt -0.000000 0.392699 0.000000
vt -0.300000 0.392699 0.000000
vt -0.000000 0.321299 0.000000
vt -0.300000 0.321299 0.000000
vt -0.000000 0.249899 0.000000
vt -0.300000 0.249899 0.000000
vt -0.000000 0.178500 0.000000
vt -0.300000 0.178500 0.000000
vt -0.000000 0.107100 0.000000
vt -0.300000 0.107100 0.000000
vt -0.000000 0.035700 0.000000
vt -0.300000 0.035700 0.000000
vt -0.000000 -0.035700 0.000000
vt -0.300000 -0.035700 0.000000
vt -0.000000 -0.107100 0.000000
vt -0.300000 -0.107100 0.000000
vt -0.000000 -0.178500 0.000000
vt -0.300000 -0.178500 0.000000
vt -0.000000 -0.249899 0.000000
vt -0.300000 -0.249899 0.000000
vt -0.000000 -0.321299 0.000000
vt -0.300000 -0.321299 0.000000
vt 0.000000 -0.392699 0.000000
vt -0.300000 -0.392699 0.000000
vt 0.300000 -2.800000 0.000000
vt -0.000000 -2.800000 0.000000
vt 0.300000 -4.715000 0.000000
vt -0.000000 -4.715000 0.000000
vt -1.428175 -0.392699 0.000000
vt -1.128175 -0.392699 0.000000
vt -1.428175 -0.319711 0.000000
vt -1.128175 -0.318497 0.000000
vt -1.428175 -0.246723 0.000000
vt -1.128175 -0.244294 0.000000
vt -1.428175 -0.173735 0.000000
vt -1.128175 -0.170092 0.000000
vt -1.428175 -0.100747 0.000000
vt -1.128175 -0.095889 0.000000
vt -1.428175 -0.027759 0.000000
vt -1.128175 -0.021686 0.000000
vt -1.428175 0.045229 0.000000
vt -1.128175 0.052516 0.000000
vt -1.428175 0.118217 0.000000
vt -1.128175 0.126719 0.000000
vt -1.428175 0.191205 0.000000
vt -1.128175 0.200921 0.000000
vt -1.278620 0.233622 0.000000
vt -1.128175 0.275124 0.000000
vt 0.622274 0.931959 0.000000
vt 0.643664 0.899043 0.000000
vt 0.714757 0.868739 0.000000
vt 0.679211 0.782578 0.000000
vt 0.714757 0.709193 0.000000
vt 0.679211 0.666113 0.000000
vt 0.714757 0.549648 0.000000
vt 0.643664 0.666113 0.000000
vt 0.619876 0.593040 0.000000
vt 0.608118 0.666113 0.000000
vt 0.572571 0.666113 0.000000
vt 0.572571 0.782578 0.000000
vt 0.537024 0.782578 0.000000
vt 0.537024 0.899043 0.000000
vt 0.501478 0.899043 0.000000
vt 0.533330 0.992563 0.000000
vt 0.493502 1.020876 0.000000
vt 0.608118 0.899043 0.000000
vt 0.572571 0.899043 0.000000
vt 0.454912 1.051176 0.000000
vt 0.465931 1.015509 0.000000
vt 0.465931 0.899043 0.000000
vt 0.501478 0.782578 0.000000
vt 0.537024 0.666113 0.000000
vt 0.527722 0.634692 0.000000
vt 0.430385 1.015509 0.000000
vt 0.381471 1.116141 0.000000
vt 0.393882 1.015509 0.000000
vt 0.357379 1.015509 0.000000
vt 0.393882 0.899043 0.000000
vt 0.357379 0.899043 0.000000
vt 0.393882 0.782578 0.000000
vt 0.357379 0.782578 0.000000
vt 0.349110 0.709214 0.000000
vt 0.293372 0.782578 0.000000
vt 0.305271 0.725343 0.000000
vt 0.261622 0.740258 0.000000
vt 0.229366 0.899043 0.000000
vt 0.229366 0.782578 0.000000
vt 0.165359 0.899043 0.000000
vt 0.218041 0.753873 0.000000
vt 0.174402 0.766106 0.000000
vt 0.165359 0.782578 0.000000
vt 0.130846 0.776814 0.000000
vt 0.101353 0.899043 0.000000
vt 0.101353 1.015509 0.000000
vt 0.050677 1.015509 0.000000
vt 0.050677 1.131974 0.000000
vt 0.000001 1.063235 0.000000
vt 0.000003 1.195253 0.000000
vt 0.050677 1.248439 0.000000
vt 0.000002 1.327272 0.000000
vt 0.050677 1.364904 0.000000
vt 0.017342 1.479803 0.000000
vt 0.034340 1.473799 0.000000
vt 0.066587 1.452493 0.000000
vt 0.097157 1.424473 0.000000
vt 0.101353 1.364904 0.000000
vt 0.126949 1.392845 0.000000
vt 0.101353 1.248439 0.000000
vt 0.165359 1.248439 0.000000
vt 0.165359 1.131974 0.000000
vt 0.229366 1.131974 0.000000
vt 0.229366 1.015509 0.000000
vt 0.293372 1.015509 0.000000
vt 0.293372 0.899043 0.000000
vt 0.357379 1.131974 0.000000
vt 0.312793 1.184769 0.000000
vt 0.293372 1.131974 0.000000
vt 0.248105 1.255078 0.000000
vt 0.229366 1.248439 0.000000
vt 0.186595 1.325232 0.000000
vt 0.000003 1.481369 0.000000
vt 0.000003 0.931216 0.000000
vt 0.050677 0.899043 0.000000
vt 0.087361 0.785922 0.000000
vt 0.000013 0.799194 0.000000
vt 0.043803 0.793393 0.000000
vt 0.437677 0.673712 0.000000
vt 0.430385 0.782578 0.000000
vt 0.430385 0.899043 0.000000
vt 0.465931 0.666113 0.000000
vt 0.465931 0.782578 0.000000
vt 0.501478 0.666113 0.000000
vt 0.608118 0.782578 0.000000
vt 0.643664 0.782578 0.000000
vt 0.165359 1.015509 0.000000
vt 0.101353 1.131974 0.000000
vt -1.892666 0.000000 0.000000
vt -1.934798 0.018991 0.000000
vt -2.427804 -0.000000 0.000000
vt -1.974393 0.040697 0.000000
vt -2.464828 0.052477 0.000000
vt -2.049242 0.087851 0.000000
vt -2.505541 0.104953 0.000000
vt -2.120333 0.137866 0.000000
vt -2.549495 0.157430 0.000000
vt -2.188616 0.189880 0.000000
vt -2.596205 0.209906 0.000000
vt -2.253772 0.243857 0.000000
vt -2.645159 0.262383 0.000000
vt -2.315248 0.299947 0.000000
vt -2.695816 0.314859 0.000000
vt -2.372205 0.358492 0.000000
vt -2.747620 0.367336 0.000000
vt -2.423011 0.419812 0.000000
vt -2.800000 0.419812 0.000000
vt -0.424100 1.802383 0.000000
vt -0.566024 1.800003 0.000000
vt -0.754089 -0.500000 0.000000
vt -0.731712 1.802827 0.000000
vt -0.731906 1.803135 0.000000
vt -0.742412 1.823854 0.000000
vt -0.749280 1.846086 0.000000
vt -0.754089 1.892666 0.000000
vt -0.000000 -0.500000 0.000000
vt -0.282425 1.809214 0.000000
vt -0.141138 1.820546 0.000000
vt -0.000000 1.836532 0.000000
vt 2.800000 0.419812 0.000000
vt 2.423011 0.419812 0.000000
vt 2.747620 0.367336 0.000000
vt 2.372205 0.358492 0.000000
vt 2.695816 0.314859 0.000000
vt 2.315248 0.299947 0.000000
vt 2.645159 0.262383 0.000000
vt 2.253772 0.243857 0.000000
vt 2.596205 0.209906 0.000000
vt 2.188616 0.189880 0.000000
vt 2.549495 0.157430 0.000000
vt 2.120333 0.137866 0.000000
vt 2.505541 0.104953 0.000000
vt 2.049242 0.087851 0.000000
vt 2.464828 0.052477 0.000000
vt 1.974393 0.040696 0.000000
vt 2.427804 -0.000000 0.000000
vt 1.934798 0.018990 0.000000
vt 1.892666 -0.000000 0.000000
vt -0.022183 1.803135 0.000000
vt -0.022377 1.802827 0.000000
vt -0.000000 -0.500000 0.000000
vt -0.188066 1.800003 0.000000
vt -0.329989 1.802383 0.000000
vt -0.754089 -0.500000 0.000000
vt -0.471664 1.809214 0.000000
vt -0.612952 1.820546 0.000000
vt -0.754089 1.836532 0.000000
vt 0.000000 1.892666 0.000000
vt -0.004792 1.846165 0.000000
vt -0.011669 1.823873 0.000000
vt -1.782600 -0.392699 0.000000
vt -0.910404 -0.392699 0.000000
vt -1.730220 -0.340223 0.000000
vt -0.910404 -0.321299 0.000000
vt -1.678416 -0.287746 0.000000
vt -0.910404 -0.249899 0.000000
vt -1.627759 -0.235269 0.000000
vt -0.910404 -0.178500 0.000000
vt -1.578806 -0.182793 0.000000
vt -1.532095 -0.130316 0.000000
vt -0.910404 -0.107100 0.000000
vt -1.488142 -0.077840 0.000000
vt -0.910404 -0.035700 0.000000
vt -1.447429 -0.025363 0.000000
vt -1.410404 0.027113 0.000000
vt -0.910404 0.035700 0.000000
vt -1.410404 0.100230 0.000000
vt -0.910404 0.107100 0.000000
vt -1.410404 0.173348 0.000000
vt -0.910404 0.178500 0.000000
vt -1.410404 0.246465 0.000000
vt -0.910404 0.249899 0.000000
vt -1.410404 0.319582 0.000000
vt -0.910404 0.321299 0.000000
vt -1.410404 0.392699 0.000000
vt -0.910404 0.392699 0.000000
vt 2.368550 -2.526807 0.000000
vt 2.314489 -2.508256 0.000000
vt 2.089488 -2.800000 0.000000
vt 2.256311 -2.492373 0.000000
vt 2.199252 -2.472852 0.000000
vt 2.143556 -2.449722 0.000000
vt 2.089488 -2.423011 0.000000
vt 1.217292 -2.800000 0.000000
vt 1.564901 -3.627598 0.000000
vt 1.621686 -3.649596 0.000000
vt 1.673461 -3.681654 0.000000
vt 1.217292 0.000000 0.000000
vt -0.808108 0.000000 0.000000
vt -0.808108 -2.800000 0.000000
vt 1.166876 -3.825790 0.000000
vt -0.757692 -3.825790 0.000000
vt 1.150211 -3.884363 0.000000
vt -0.741027 -3.884363 0.000000
vt 1.144592 -3.945000 0.000000
vt -0.735408 -3.945000 0.000000
vt 1.150211 -4.005637 0.000000
vt -0.741027 -4.005637 0.000000
vt 1.166876 -4.064210 0.000000
vt -0.757692 -4.064210 0.000000
vt 1.194020 -4.118723 0.000000
vt -0.784836 -4.118723 0.000000
vt 1.230719 -4.167320 0.000000
vt -0.821535 -4.167320 0.000000
vt 1.275722 -4.208346 0.000000
vt -0.866539 -4.208346 0.000000
vt 1.327498 -4.240404 0.000000
vt -0.918314 -4.240404 0.000000
vt 2.244592 -5.015000 0.000000
vt -1.835408 -5.015000 0.000000
vt -0.975099 -4.262402 0.000000
vt -1.034960 -4.273592 0.000000
vt -1.680304 -2.800000 0.000000
vt -1.155717 -3.627598 0.000000
vt -1.095857 -3.616408 0.000000
vt -1.034960 -3.616408 0.000000
vt -1.680304 -2.423011 0.000000
vt -1.734372 -2.449722 0.000000
vt -1.790068 -2.472852 0.000000
vt -1.847127 -2.492373 0.000000
vt -1.905305 -2.508256 0.000000
vt -1.959366 -2.526807 0.000000
vt -2.008928 -2.555274 0.000000
vt -2.052191 -2.592623 0.000000
vt -2.087586 -2.637500 0.000000
vt -2.113828 -2.688275 0.000000
vt -2.129964 -2.743105 0.000000
vt -2.135408 -2.800000 0.000000
vt -1.345980 -3.771277 0.000000
vt -1.373124 -3.825790 0.000000
vt -1.389789 -3.884363 0.000000
vt -2.135408 -4.715000 0.000000
vt -1.395408 -3.945000 0.000000
vt -1.389789 -4.005637 0.000000
vt -1.373124 -4.064210 0.000000
vt -1.345980 -4.118723 0.000000
vt -1.309281 -4.167320 0.000000
vt -1.264278 -4.208346 0.000000
vt -1.212502 -4.240404 0.000000
vt -1.155717 -4.262402 0.000000
vt -1.095857 -4.273592 0.000000
vt -2.130850 -4.767094 0.000000
vt -2.117316 -4.817606 0.000000
vt -2.095216 -4.865000 0.000000
vt -2.065221 -4.907836 0.000000
vt -2.028244 -4.944813 0.000000
vt -1.985408 -4.974808 0.000000
vt -1.938014 -4.996908 0.000000
vt -1.887503 -5.010442 0.000000
vt 2.296686 -5.010442 0.000000
vt 2.544592 -4.715000 0.000000
vt 1.718465 -4.167320 0.000000
vt 1.673461 -4.208346 0.000000
vt 2.347198 -4.996908 0.000000
vt 2.394592 -4.974808 0.000000
vt 2.437428 -4.944813 0.000000
vt 2.474405 -4.907836 0.000000
vt 2.504399 -4.865000 0.000000
vt 2.526500 -4.817606 0.000000
vt 2.540034 -4.767094 0.000000
vt 2.544592 -2.800000 0.000000
vt 1.798973 -3.884363 0.000000
vt 1.804592 -3.945000 0.000000
vt 1.798973 -4.005637 0.000000
vt 2.539147 -2.743105 0.000000
vt 1.755164 -3.771277 0.000000
vt 1.782308 -3.825790 0.000000
vt 2.523011 -2.688275 0.000000
vt 2.496770 -2.637500 0.000000
vt 2.461375 -2.592623 0.000000
vt 2.418111 -2.555274 0.000000
vt -1.309281 -3.722680 0.000000
vt -1.264278 -3.681654 0.000000
vt -1.212502 -3.649596 0.000000
vt -0.975099 -3.627598 0.000000
vt -0.918314 -3.649596 0.000000
vt -0.866539 -3.681654 0.000000
vt -0.821535 -3.722680 0.000000
vt -0.784836 -3.771277 0.000000
vt 1.194020 -3.771277 0.000000
vt 1.230719 -3.722680 0.000000
vt 1.275722 -3.681654 0.000000
vt 1.327498 -3.649596 0.000000
vt 1.384283 -3.627598 0.000000
vt 1.444143 -3.616408 0.000000
vt 1.505040 -3.616408 0.000000
vt 1.718465 -3.722680 0.000000
vt 1.782308 -4.064210 0.000000
vt 1.755164 -4.118723 0.000000
vt 1.621686 -4.240404 0.000000
vt 1.564901 -4.262402 0.000000
vt 1.505040 -4.273592 0.000000
vt 1.444143 -4.273592 0.000000
vt 1.384283 -4.262402 0.000000
vt -1.652020 0.025363 0.000000
vt -1.614996 -0.027113 0.000000
vt -1.114996 -0.035700 0.000000
vt -1.614996 -0.100230 0.000000
vt -1.114996 -0.107100 0.000000
vt -1.614996 -0.173348 0.000000
vt -1.114996 -0.178500 0.000000
vt -1.614996 -0.246465 0.000000
vt -1.114996 -0.249899 0.000000
vt -1.614996 -0.319582 0.000000
vt -1.114996 -0.321299 0.000000
vt -1.614996 -0.392699 0.000000
vt -1.114996 -0.392699 0.000000
vt -1.114996 0.035700 0.000000
vt -1.692734 0.077840 0.000000
vt -1.114996 0.107100 0.000000
vt -1.736687 0.130316 0.000000
vt -1.114996 0.178500 0.000000
vt -1.783398 0.182793 0.000000
vt -1.832351 0.235269 0.000000
vt -1.114996 0.249899 0.000000
vt -1.883008 0.287746 0.000000
vt -1.114996 0.321299 0.000000
vt -1.934812 0.340223 0.000000
vt -1.114996 0.392699 0.000000
vt -1.987192 0.392699 0.000000
vt -1.512700 -1.212700 0.000000
vt -1.012700 -1.212700 0.000000
vt -1.512700 -0.129908 0.000000
vt -1.012700 1.712700 0.000000
vt -1.578692 -0.005136 0.000000
vt -1.634414 0.124548 0.000000
vt -1.679504 0.258301 0.000000
vt -1.713667 0.395253 0.000000
vt -1.736682 0.534513 0.000000
vt -1.748400 0.675175 0.000000
vt -1.748743 0.816323 0.000000
vt -1.737710 0.957040 0.000000
vt -1.715372 1.096410 0.000000
vt -1.681875 1.233526 0.000000
vt -1.637436 1.367497 0.000000
vt -1.582345 1.497451 0.000000
vt -1.516961 1.622542 0.000000
vt -1.441708 1.741957 0.000000
vt -1.357075 1.854919 0.000000
vt -1.263615 1.960693 0.000000
vt -1.161934 2.058591 0.000000
vt -1.052694 2.147976 0.000000
vt -0.936606 2.228266 0.000000
vt -0.814425 2.298939 0.000000
vt -0.686945 2.359536 0.000000
vt -0.554997 2.409662 0.000000
vt -0.419438 2.448991 0.000000
vt -0.281150 2.477268 0.000000
vt -0.141034 2.494308 0.000000
vt 0.000000 2.500000 0.000000
vt 1.012700 1.712700 0.000000
vt 0.141034 2.494308 0.000000
vt 0.281150 2.477268 0.000000
vt 0.419438 2.448991 0.000000
vt 0.554997 2.409662 0.000000
vt 0.686945 2.359536 0.000000
vt 0.814425 2.298939 0.000000
vt 0.936606 2.228266 0.000000
vt 1.052694 2.147976 0.000000
vt 1.161934 2.058591 0.000000
vt 1.263615 1.960693 0.000000
vt 1.357075 1.854919 0.000000
vt 1.441708 1.741957 0.000000
vt 1.516961 1.622542 0.000000
vt 1.582345 1.497451 0.000000
vt 1.637436 1.367497 0.000000
vt 1.681875 1.233526 0.000000
vt 1.715372 1.096410 0.000000
vt 1.737710 0.957040 0.000000
vt 1.748743 0.816323 0.000000
vt 1.748400 0.675175 0.000000
vt 1.736682 0.534513 0.000000
vt 1.713667 0.395253 0.000000
vt 1.679504 0.258301 0.000000
vt 1.634414 0.124548 0.000000
vt 1.578692 -0.005136 0.000000
vt 1.512700 -0.129908 0.000000
vt 1.012700 -1.212700 0.000000
vt 1.512700 -1.212700 0.000000
vt 1.594381 -4.005637 0.000000
vt 3.485619 -4.005637 0.000000
vt 1.600000 -3.945000 0.000000
vt 3.480000 -3.945000 0.000000
vt 1.594381 -3.884363 0.000000
vt 3.485619 -3.884363 0.000000
vt 1.577716 -3.825790 0.000000
vt 3.502284 -3.825790 0.000000
vt 1.550572 -3.771277 0.000000
vt 3.529428 -3.771277 0.000000
vt 1.513873 -3.722680 0.000000
vt 3.566127 -3.722680 0.000000
vt 1.468869 -3.681654 0.000000
vt 3.611131 -3.681654 0.000000
vt 0.673855 -1.836532 0.000000
vt 4.406145 -1.836532 0.000000
vt 0.673855 0.500000 0.000000
vt 4.406145 0.500000 0.000000
vt 3.502284 -4.064210 0.000000
vt 1.577716 -4.064210 0.000000
vt 3.529428 -4.118723 0.000000
vt 1.550572 -4.118723 0.000000
vt 3.566127 -4.167320 0.000000
vt 1.513873 -4.167320 0.000000
vt 3.611131 -4.208346 0.000000
vt 1.468869 -4.208346 0.000000
vt 3.662906 -4.240404 0.000000
vt 1.417094 -4.240404 0.000000
vt 4.580000 -5.215000 0.000000
vt 0.500000 -5.215000 0.000000
vt 1.360309 -4.262402 0.000000
vt 1.300449 -4.273592 0.000000
vt 1.239551 -4.273592 0.000000
vt 1.179691 -4.262402 0.000000
vt 1.122906 -4.240404 0.000000
vt 1.071131 -4.208346 0.000000
vt 1.026127 -4.167320 0.000000
vt -0.000000 -4.715000 0.000000
vt 0.989428 -4.118723 0.000000
vt 0.962284 -4.064210 0.000000
vt 0.945619 -4.005637 0.000000
vt 0.940000 -3.945000 0.000000
vt 0.945619 -3.884363 0.000000
vt -0.000000 -2.800000 0.000000
vt 0.962284 -3.825790 0.000000
vt 0.989428 -3.771277 0.000000
vt 1.026127 -3.722680 0.000000
vt 1.071131 -3.681654 0.000000
vt 0.378099 -2.303061 0.000000
vt 1.122906 -3.649596 0.000000
vt 0.447236 -2.257379 0.000000
vt 0.509981 -2.203418 0.000000
vt 1.179691 -3.627598 0.000000
vt 0.564883 -2.141697 0.000000
vt 1.239551 -3.616408 0.000000
vt 0.588882 -2.108168 0.000000
vt 1.300449 -3.616408 0.000000
vt 0.610326 -2.072977 0.000000
vt 0.629026 -2.036214 0.000000
vt 1.360309 -3.627598 0.000000
vt 0.644753 -1.998058 0.000000
vt 0.657272 -1.958772 0.000000
vt 1.417094 -3.649596 0.000000
vt 0.666408 -1.918534 0.000000
vt 0.671976 -1.877711 0.000000
vt 4.134381 -3.884363 0.000000
vt 4.140000 -3.945000 0.000000
vt 5.080000 -4.715000 0.000000
vt 4.134381 -4.005637 0.000000
vt 4.117716 -4.064210 0.000000
vt 4.090572 -4.118723 0.000000
vt 4.053873 -4.167320 0.000000
vt 4.008869 -4.208346 0.000000
vt 3.957094 -4.240404 0.000000
vt 3.900309 -4.262402 0.000000
vt 3.840449 -4.273592 0.000000
vt 3.779551 -4.273592 0.000000
vt 3.719691 -4.262402 0.000000
vt 3.662906 -3.649596 0.000000
vt 4.413557 -1.918356 0.000000
vt 4.408019 -1.877670 0.000000
vt 4.422631 -1.958417 0.000000
vt 3.719691 -3.627598 0.000000
vt 4.435110 -1.997683 0.000000
vt 4.450823 -2.035888 0.000000
vt 3.779551 -3.616408 0.000000
vt 4.469498 -2.072663 0.000000
vt 4.490941 -2.107899 0.000000
vt 3.840449 -3.616408 0.000000
vt 4.514963 -2.141496 0.000000
vt 3.900309 -3.627598 0.000000
vt 4.569948 -2.203349 0.000000
vt 3.957094 -3.649596 0.000000
vt 4.632744 -2.257361 0.000000
vt 4.701891 -2.303054 0.000000
vt 4.008869 -3.681654 0.000000
vt 5.080000 -2.800000 0.000000
vt 4.053873 -3.722680 0.000000
vt 4.090572 -3.771277 0.000000
vt 4.117716 -3.825790 0.000000
vt 4.651157 -5.209911 0.000000
vt 4.720866 -5.194746 0.000000
vt 4.787708 -5.169816 0.000000
vt 4.850320 -5.135627 0.000000
vt 4.907430 -5.092875 0.000000
vt 4.957875 -5.042430 0.000000
vt 5.000627 -4.985320 0.000000
vt 5.034816 -4.922708 0.000000
vt 5.059746 -4.855866 0.000000
vt 5.074911 -4.786157 0.000000
vt 5.074682 -2.727271 0.000000
vt 5.058842 -2.656089 0.000000
vt 5.032816 -2.587968 0.000000
vt 4.997158 -2.524357 0.000000
vt 4.952627 -2.466610 0.000000
vt 4.900170 -2.415954 0.000000
vt 4.840902 -2.373467 0.000000
vt 4.776084 -2.340053 0.000000
vt 0.303916 -2.340053 0.000000
vt 0.239098 -2.373467 0.000000
vt 0.179830 -2.415954 0.000000
vt 0.127373 -2.466610 0.000000
vt 0.082842 -2.524357 0.000000
vt 0.047184 -2.587968 0.000000
vt 0.021158 -2.656089 0.000000
vt 0.005318 -2.727271 0.000000
vt 0.005089 -4.786157 0.000000
vt 0.020254 -4.855866 0.000000
vt 0.045184 -4.922708 0.000000
vt 0.079373 -4.985320 0.000000
vt 0.122125 -5.042430 0.000000
vt 0.172570 -5.092875 0.000000
vt 0.229680 -5.135627 0.000000
vt 0.292292 -5.169816 0.000000
vt 0.359134 -5.194746 0.000000
vt 0.428843 -5.209911 0.000000
vt -0.600000 3.670864 0.000000
vt -0.573730 3.669719 0.000000
vt -0.528546 3.670864 0.000000
vt -0.573730 -3.669719 0.000000
vt -0.600000 -3.670864 0.000000
vt -0.528546 -3.670864 0.000000
vt 0.500000 -1.157280 0.000000
vt 0.500000 -1.017023 0.000000
vt -2.300000 -1.129497 0.000000
vt -0.800000 -1.017023 0.000000
vt -0.841089 -1.015416 0.000000
vt -2.300000 -0.988310 0.000000
vt -0.882480 -1.010620 0.000000
vt -0.923843 -1.002675 0.000000
vt -0.964853 -0.991619 0.000000
vt -1.005180 -0.977491 0.000000
vt -1.044497 -0.960328 0.000000
vt -1.082489 -0.940192 0.000000
vt -1.118943 -0.917346 0.000000
vt -2.300000 -0.847123 0.000000
vt -1.186567 -0.864935 0.000000
vt -1.246033 -0.805898 0.000000
vt -1.298433 -0.740127 0.000000
vt -2.300000 -0.705935 0.000000
vt -1.346104 -0.665480 0.000000
vt -2.300000 -0.564748 0.000000
vt -1.386022 -0.587145 0.000000
vt -1.417536 -0.510109 0.000000
vt -2.300000 -0.423561 0.000000
vt -1.443851 -0.429200 0.000000
vt -1.465343 -0.344481 0.000000
vt -2.300000 -0.282374 0.000000
vt -1.481709 -0.257566 0.000000
vt -1.492940 -0.170058 0.000000
vt -2.300000 -0.141187 0.000000
vt -1.499400 -0.083630 0.000000
vt -2.300000 -0.000000 0.000000
vt -1.501469 -0.000000 0.000000
vt -1.499400 0.083630 0.000000
vt -2.300000 0.141187 0.000000
vt -1.492940 0.170058 0.000000
vt -2.300000 0.282374 0.000000
vt -1.481709 0.257566 0.000000
vt -1.465343 0.344481 0.000000
vt -2.300000 0.423561 0.000000
vt -1.443851 0.429200 0.000000
vt -1.417536 0.510109 0.000000
vt -2.300000 0.564748 0.000000
vt -1.386022 0.587145 0.000000
vt -1.346104 0.665480 0.000000
vt -2.300000 0.705935 0.000000
vt -1.298433 0.740127 0.000000
vt -1.246033 0.805898 0.000000
vt -2.300000 0.847123 0.000000
vt -1.186567 0.864935 0.000000
vt -1.118943 0.917346 0.000000
vt -2.300000 0.988310 0.000000
vt -1.082489 0.940192 0.000000
vt -1.044497 0.960328 0.000000
vt -1.005180 0.977491 0.000000
vt -0.964853 0.991619 0.000000
vt -0.923843 1.002675 0.000000
vt -0.882480 1.010620 0.000000
vt -0.841089 1.015416 0.000000
vt -0.800000 1.017023 0.000000
vt -2.300000 1.129497 0.000000
vt 0.500000 1.017023 0.000000
vt 0.500000 1.157280 0.000000
vt -2.300000 1.270684 0.000000
vt 0.500000 1.297537 0.000000
vt -2.300000 1.411871 0.000000
vt 0.500000 1.437794 0.000000
vt -2.300000 1.553058 0.000000
vt 0.500000 1.578051 0.000000
vt -2.300000 1.694245 0.000000
vt 0.500000 1.718308 0.000000
vt -0.800000 1.826923 0.000000
vt -0.600000 1.826923 0.000000
vt -0.569734 1.828453 0.000000
vt 0.500000 1.858565 0.000000
vt -0.539578 1.833016 0.000000
vt -0.509805 1.840575 0.000000
vt -0.480677 1.851055 0.000000
vt -0.425271 1.880039 0.000000
vt -0.374982 1.918311 0.000000
vt 0.500000 1.998822 0.000000
vt -0.330709 1.963253 0.000000
vt -0.293127 2.011958 0.000000
vt -0.259911 2.065950 0.000000
vt 0.500000 2.139079 0.000000
vt -0.230575 2.124881 0.000000
vt -0.206214 2.185271 0.000000
vt 0.500000 2.279335 0.000000
vt -0.186837 2.243841 0.000000
vt -0.170522 2.304040 0.000000
vt -0.156715 2.366601 0.000000
vt 0.500000 2.419592 0.000000
vt -0.145373 2.430792 0.000000
vt -0.136457 2.495897 0.000000
vt 0.500000 2.559849 0.000000
vt -0.129837 2.561214 0.000000
vt -0.125340 2.626021 0.000000
vt 0.500000 2.700106 0.000000
vt -0.120286 2.670137 0.000000
vt -0.109913 2.713300 0.000000
vt -0.094286 2.754849 0.000000
vt 0.500000 2.840363 0.000000
vt -0.073659 2.794103 0.000000
vt -0.048369 2.830629 0.000000
vt -0.019075 2.863846 0.000000
vt 0.013756 2.893633 0.000000
vt 0.049652 2.919873 0.000000
vt 0.500000 2.980620 0.000000
vt 0.088049 2.942397 0.000000
vt 0.128498 2.961110 0.000000
vt 0.170591 2.975943 0.000000
vt 0.446111 2.982863 0.000000
vt 0.213918 2.986819 0.000000
vt 0.391456 2.989742 0.000000
vt 0.258026 2.993665 0.000000
vt 0.347129 2.995147 0.000000
vt 0.302541 2.996448 0.000000
vt -2.300000 1.835432 0.000000
vt -0.837409 1.828378 0.000000
vt -0.875099 1.832720 0.000000
vt -0.950147 1.849913 0.000000
vt -1.022792 1.878214 0.000000
vt -1.090818 1.917061 0.000000
vt -2.300000 1.976619 0.000000
vt -1.152762 1.964408 0.000000
vt -1.207411 2.017722 0.000000
vt -1.255728 2.077044 0.000000
vt -2.300000 2.117806 0.000000
vt -1.299952 2.144453 0.000000
vt -1.337256 2.215359 0.000000
vt -2.300000 2.258993 0.000000
vt -1.366882 2.285163 0.000000
vt -1.391732 2.358487 0.000000
vt -2.300000 2.400181 0.000000
vt -1.412152 2.435402 0.000000
vt -2.300000 2.541368 0.000000
vt -1.427785 2.514421 0.000000
vt -1.438548 2.594058 0.000000
vt -2.300000 2.682555 0.000000
vt -1.444758 2.672748 0.000000
vt -1.446752 2.748894 0.000000
vt -2.300000 2.823742 0.000000
vt -1.444758 2.825039 0.000000
vt -1.438548 2.903729 0.000000
vt -2.300000 2.964929 0.000000
vt -1.427785 2.983366 0.000000
vt -1.412152 3.062385 0.000000
vt -2.300000 3.106116 0.000000
vt -1.391732 3.139300 0.000000
vt -1.366882 3.212625 0.000000
vt -2.300000 3.247303 0.000000
vt -1.337256 3.282428 0.000000
vt -1.299952 3.353334 0.000000
vt -2.300000 3.388490 0.000000
vt -1.255728 3.420743 0.000000
vt -1.207411 3.480065 0.000000
vt -2.300000 3.529677 0.000000
vt -1.152762 3.533379 0.000000
vt -1.090818 3.580726 0.000000
vt -1.022792 3.619573 0.000000
vt -2.300000 3.670864 0.000000
vt -0.950147 3.647874 0.000000
vt -0.875099 3.665068 0.000000
vt -0.837409 3.669409 0.000000
vt -0.800000 3.670864 0.000000
vt -2.300000 -1.270684 0.000000
vt 0.500000 -1.297537 0.000000
vt -2.300000 -1.411871 0.000000
vt 0.500000 -1.437794 0.000000
vt -2.300000 -1.553058 0.000000
vt 0.500000 -1.578051 0.000000
vt -2.300000 -1.694245 0.000000
vt 0.500000 -1.718308 0.000000
vt -2.300000 -1.835432 0.000000
vt -0.800000 -1.826923 0.000000
vt -0.837409 -1.828378 0.000000
vt -0.875099 -1.832720 0.000000
vt -0.950147 -1.849913 0.000000
vt -1.022792 -1.878214 0.000000
vt -1.090818 -1.917061 0.000000
vt -2.300000 -1.976619 0.000000
vt -1.152762 -1.964408 0.000000
vt -1.207411 -2.017722 0.000000
vt -2.300000 -2.117806 0.000000
vt -1.255728 -2.077044 0.000000
vt -1.299952 -2.144453 0.000000
vt -1.337256 -2.215359 0.000000
vt -2.300000 -2.258993 0.000000
vt -1.366882 -2.285163 0.000000
vt -1.391732 -2.358487 0.000000
vt -2.300000 -2.400181 0.000000
vt -1.412152 -2.435402 0.000000
vt -2.300000 -2.541368 0.000000
vt -1.427785 -2.514421 0.000000
vt -1.438548 -2.594058 0.000000
vt -2.300000 -2.682555 0.000000
vt -1.444758 -2.672748 0.000000
vt -1.446752 -2.748894 0.000000
vt -2.300000 -2.823742 0.000000
vt -1.444758 -2.825039 0.000000
vt -1.438548 -2.903729 0.000000
vt -2.300000 -2.964929 0.000000
vt -1.427785 -2.983366 0.000000
vt -1.412152 -3.062385 0.000000
vt -2.300000 -3.106116 0.000000
vt -1.391732 -3.139300 0.000000
vt -2.300000 -3.247303 0.000000
vt -1.366882 -3.212625 0.000000
vt -1.337256 -3.282428 0.000000
vt -2.300000 -3.388490 0.000000
vt -1.299952 -3.353334 0.000000
vt -1.255728 -3.420743 0.000000
vt -1.207411 -3.480065 0.000000
vt -2.300000 -3.529677 0.000000
vt -1.152762 -3.533379 0.000000
vt -1.090818 -3.580726 0.000000
vt -2.300000 -3.670864 0.000000
vt -1.022792 -3.619573 0.000000
vt -0.950147 -3.647874 0.000000
vt -0.875099 -3.665068 0.000000
vt -0.837409 -3.669409 0.000000
vt -0.800000 -3.670864 0.000000
vt -0.600000 -1.826923 0.000000
vt -0.569734 -1.828453 0.000000
vt 0.500000 -1.858565 0.000000
vt -0.539578 -1.833016 0.000000
vt -0.509805 -1.840575 0.000000
vt -0.480677 -1.851055 0.000000
vt -0.425271 -1.880039 0.000000
vt -0.374982 -1.918311 0.000000
vt 0.500000 -1.998822 0.000000
vt -0.330709 -1.963253 0.000000
vt -0.293127 -2.011958 0.000000
vt -0.259911 -2.065950 0.000000
vt 0.500000 -2.139079 0.000000
vt -0.230575 -2.124881 0.000000
vt -0.206214 -2.185271 0.000000
vt 0.500000 -2.279335 0.000000
vt -0.186837 -2.243841 0.000000
vt -0.170522 -2.304040 0.000000
vt -0.156715 -2.366601 0.000000
vt 0.500000 -2.419592 0.000000
vt -0.145373 -2.430792 0.000000
vt -0.136457 -2.495897 0.000000
vt 0.500000 -2.559849 0.000000
vt -0.129837 -2.561214 0.000000
vt -0.125340 -2.626021 0.000000
vt 0.500000 -2.700106 0.000000
vt -0.120302 -2.670049 0.000000
vt -0.110010 -2.712983 0.000000
vt -0.094461 -2.754457 0.000000
vt 0.500000 -2.840363 0.000000
vt -0.073845 -2.793795 0.000000
vt -0.048723 -2.830178 0.000000
vt -0.019456 -2.863461 0.000000
vt 0.013495 -2.893423 0.000000
vt 0.049454 -2.919744 0.000000
vt 0.500000 -2.980620 0.000000
vt 0.087926 -2.942326 0.000000
vt 0.128429 -2.961078 0.000000
vt 0.170511 -2.975919 0.000000
vt 0.213804 -2.986797 0.000000
vt 0.446111 -2.982863 0.000000
vt 0.391456 -2.989742 0.000000
vt 0.257947 -2.993657 0.000000
vt 0.347128 -2.995148 0.000000
vt 0.302515 -2.996449 0.000000
vt -1.255463 -0.748022 0.000000
vt -1.250000 -0.800000 0.000000
vt -1.051038 -0.866253 0.000000
vt -1.255463 -0.851978 0.000000
vt -1.271614 -0.901684 0.000000
vt -1.213944 -1.687381 0.000000
vt -1.297746 -0.946946 0.000000
vt -1.332717 -0.985786 0.000000
vt -1.347548 -1.644821 0.000000
vt -1.375000 -1.016506 0.000000
vt -1.422746 -1.037764 0.000000
vt -1.477316 -1.591701 0.000000
vt -1.473868 -1.048630 0.000000
vt -1.526132 -1.048630 0.000000
vt -1.602415 -1.528362 0.000000
vt -1.577254 -1.037764 0.000000
vt -1.625000 -1.016506 0.000000
vt -1.722041 -1.455210 0.000000
vt -1.667283 -0.985786 0.000000
vt -1.835426 -1.372716 0.000000
vt -1.702254 -0.946946 0.000000
vt -1.728386 -0.901684 0.000000
vt -1.941843 -1.281410 0.000000
vt -1.744537 -0.851978 0.000000
vt -2.040608 -1.181876 0.000000
vt -1.750000 -0.800000 0.000000
vt -2.131087 -1.074755 0.000000
vt -1.744537 -0.748022 0.000000
vt -2.212700 -0.960733 0.000000
vt -1.698759 -0.106283 0.000000
vt -1.708911 -0.035670 0.000000
vt -1.728386 -0.698316 0.000000
vt -1.678660 -0.174732 0.000000
vt -1.702254 -0.653054 0.000000
vt -1.649025 -0.239624 0.000000
vt -1.667283 -0.614214 0.000000
vt -1.610456 -0.299639 0.000000
vt -1.625000 -0.583494 0.000000
vt -1.577254 -0.562236 0.000000
vt -1.563738 -0.353553 0.000000
vt -1.526132 -0.551370 0.000000
vt -1.473868 -0.551370 0.000000
vt -1.422746 -0.562236 0.000000
vt -1.375000 -0.583494 0.000000
vt -1.332717 -0.614214 0.000000
vt -1.297746 -0.653054 0.000000
vt -1.271614 -0.698316 0.000000
vt -1.255463 0.851978 0.000000
vt -1.250000 0.800000 0.000000
vt -1.051038 0.866253 0.000000
vt -1.255463 0.748022 0.000000
vt -1.271614 0.698316 0.000000
vt -1.297746 0.653054 0.000000
vt -1.332717 0.614214 0.000000
vt -1.563738 0.353553 0.000000
vt -1.375000 0.583494 0.000000
vt -1.422746 0.562236 0.000000
vt -1.473868 0.551370 0.000000
vt -1.526132 0.551370 0.000000
vt -1.577254 0.562236 0.000000
vt -1.610456 0.299639 0.000000
vt -1.625000 0.583494 0.000000
vt -1.667283 0.614214 0.000000
vt -1.649025 0.239624 0.000000
vt -1.702254 0.653054 0.000000
vt -1.678660 0.174732 0.000000
vt -1.728386 0.698316 0.000000
vt -1.698759 0.106283 0.000000
vt -1.744537 0.748022 0.000000
vt -2.212700 0.960733 0.000000
vt -2.131087 1.074755 0.000000
vt -1.750000 0.800000 0.000000
vt -2.040608 1.181876 0.000000
vt -1.744537 0.851978 0.000000
vt -1.941843 1.281410 0.000000
vt -1.728386 0.901684 0.000000
vt -1.835426 1.372716 0.000000
vt -1.702254 0.946946 0.000000
vt -1.667283 0.985786 0.000000
vt -1.722041 1.455210 0.000000
vt -1.625000 1.016506 0.000000
vt -1.602415 1.528362 0.000000
vt -1.577254 1.037764 0.000000
vt -1.526132 1.048630 0.000000
vt -1.477316 1.591701 0.000000
vt -1.473868 1.048630 0.000000
vt -1.422746 1.037764 0.000000
vt -1.347548 1.644821 0.000000
vt -1.375000 1.016506 0.000000
vt -1.332717 0.985786 0.000000
vt -1.213944 1.687381 0.000000
vt -1.297746 0.946946 0.000000
vt -1.271614 0.901684 0.000000
vt -1.077361 -1.719109 0.000000
vt -1.001866 -0.909377 0.000000
vt -0.947485 -0.945713 0.000000
vt -0.938677 -1.739799 0.000000
vt -0.888827 -0.974640 0.000000
vt -0.826895 -0.995663 0.000000
vt -0.798781 -1.749320 0.000000
vt -0.762748 -1.008422 0.000000
vt -0.697485 -1.012700 0.000000
vt -0.658572 -1.747610 0.000000
vt -0.518950 -1.012700 0.000000
vt -0.518950 -1.734680 0.000000
vt -1.708911 0.035670 0.000000
vt -1.077361 1.719109 0.000000
vt -1.001866 0.909377 0.000000
vt -0.947485 0.945713 0.000000
vt -0.938677 1.739799 0.000000
vt -0.888827 0.974640 0.000000
vt -0.826895 0.995663 0.000000
vt -0.798781 1.749320 0.000000
vt -0.762748 1.008422 0.000000
vt -0.697485 1.012700 0.000000
vt -0.658572 1.747610 0.000000
vt -0.518950 1.012700 0.000000
vt -0.518950 1.734680 0.000000
vt -0.488084 0.785398 0.000000
vt -2.247901 0.785398 0.000000
vt -0.489335 0.747979 0.000000
vt -2.246650 0.747979 0.000000
vt -0.493081 0.710220 0.000000
vt -2.242905 0.710220 0.000000
vt -2.227973 0.634662 0.000000
vt -0.508012 0.634662 0.000000
vt -2.203194 0.560720 0.000000
vt -0.532791 0.560720 0.000000
vt -0.567146 0.490302 0.000000
vt -2.168839 0.490302 0.000000
vt -2.126447 0.424854 0.000000
vt -0.609538 0.424854 0.000000
vt -2.078074 0.365779 0.000000
vt -0.657911 0.365779 0.000000
vt -0.712530 0.312200 0.000000
vt -2.023456 0.312200 0.000000
vt -1.960487 0.261855 0.000000
vt -1.893296 0.218217 0.000000
vt -0.842690 0.218217 0.000000
vt -0.775499 0.261855 0.000000
vt -0.909674 0.182682 0.000000
vt -1.826311 0.182682 0.000000
vt -0.980831 0.152191 0.000000
vt -1.755154 0.152191 0.000000
vt -1.056182 0.126619 0.000000
vt -1.679804 0.126619 0.000000
vt -1.134222 0.106696 0.000000
vt -1.601763 0.106696 0.000000
vt -1.213366 0.092810 0.000000
vt -1.522620 0.092810 0.000000
vt -1.291874 0.084710 0.000000
vt -1.444112 0.084710 0.000000
vt -1.367993 0.082079 0.000000
vt 2.082792 2.300000 0.000000
vt 1.000000 2.300000 0.000000
vt 2.082792 0.800000 0.000000
vt 0.666129 1.892666 0.000000
vt 1.784477 0.455300 0.000000
vt 1.719113 0.413907 0.000000
vt 1.659954 0.364037 0.000000
vt 1.608392 0.306411 0.000000
vt 1.565726 0.241998 0.000000
vt 1.547991 0.207474 0.000000
vt 0.666129 -0.500000 0.000000
vt 1.533205 0.172680 0.000000
vt 1.511727 0.103860 0.000000
vt 1.498417 0.036199 0.000000
vt 1.490128 -0.030142 0.000000
vt 1.483540 -0.097467 0.000000
vt 1.475734 -0.167595 0.000000
vt 1.464136 -0.239863 0.000000
vt 1.446176 -0.313609 0.000000
vt 1.431208 -0.374778 0.000000
vt 1.422171 -0.437099 0.000000
vt 1.419150 -0.500000 0.000000
vt 0.927143 2.305337 0.000000
vt 0.855842 2.321232 0.000000
vt 0.787617 2.347348 0.000000
vt 0.723926 2.383127 0.000000
vt 0.666129 2.427804 0.000000
vt 1.854879 0.487806 0.000000
vt 1.928873 0.510978 0.000000
vt 2.082792 0.600000 0.000000
vt 2.005270 0.524607 0.000000
vt 2.082792 0.528546 0.000000
vt 3.842608 0.600000 0.000000
vt 3.842608 0.800000 0.000000
vt -1.979122 0.076325 0.000000
vt -2.043670 0.069025 0.000000
vt -1.959881 0.023348 0.000000
vt -2.108466 0.058490 0.000000
vt -2.172697 0.044635 0.000000
vt -2.235593 0.027530 0.000000
vt -2.296413 0.007411 0.000000
vt -1.934890 -0.028741 0.000000
vt -2.354418 -0.015501 0.000000
vt -2.410275 -0.041687 0.000000
vt -1.903412 -0.079547 0.000000
vt -2.467221 -0.073268 0.000000
vt -2.522086 -0.109647 0.000000
vt -1.864961 -0.128589 0.000000
vt -2.571697 -0.149113 0.000000
vt -1.819237 -0.175293 0.000000
vt -2.615850 -0.191959 0.000000
vt -1.766499 -0.219283 0.000000
vt -2.656081 -0.240566 0.000000
vt -1.707156 -0.260170 0.000000
vt -2.689947 -0.293941 0.000000
vt -1.641624 -0.297481 0.000000
vt -1.570544 -0.330860 0.000000
vt -2.715316 -0.351114 0.000000
vt -1.494668 -0.360223 0.000000
vt -2.724431 -0.380700 0.000000
vt -1.414697 -0.385459 0.000000
vt -2.730987 -0.410713 0.000000
vt -1.331329 -0.406408 0.000000
vt -1.245260 -0.422881 0.000000
vt -2.734937 -0.440959 0.000000
vt -1.157148 -0.434825 0.000000
vt -1.067651 -0.442202 0.000000
vt -2.736258 -0.471239 0.000000
vt -0.977432 -0.444961 0.000000
vt -0.976442 -0.471239 0.000000
vt -0.000000 2.769782 0.000000
vt -0.040777 2.755485 0.000000
vt -0.000000 2.697773 0.000000
vt -0.045889 2.692183 0.000000
vt -0.000000 2.625766 0.000000
vt -0.045889 2.614584 0.000000
vt -0.000000 2.553759 0.000000
vt -0.045889 2.550013 0.000000
vt -0.045889 2.485442 0.000000
vt -0.091778 2.550013 0.000000
vt -0.091778 2.485442 0.000000
vt -0.149932 2.550013 0.000000
vt -0.149932 2.485442 0.000000
vt -0.208085 2.550013 0.000000
vt -0.208085 2.485442 0.000000
vt -0.266238 2.550013 0.000000
vt -0.266238 2.485442 0.000000
vt -0.324391 2.550013 0.000000
vt -0.324391 2.485442 0.000000
vt -0.357402 2.550013 0.000000
vt -0.357402 2.485442 0.000000
vt -0.390413 2.550013 0.000000
vt -0.390413 2.485442 0.000000
vt -0.422709 2.550013 0.000000
vt -0.422709 2.485442 0.000000
vt -0.455005 2.550013 0.000000
vt -0.455005 2.485442 0.000000
vt -0.487301 2.550013 0.000000
vt -0.487301 2.485442 0.000000
vt -0.519597 2.550013 0.000000
vt -0.519597 2.485442 0.000000
vt -0.551893 2.550013 0.000000
vt -0.551893 2.485442 0.000000
vt -0.584189 2.550013 0.000000
vt -0.584189 2.485442 0.000000
vt -0.616485 2.550013 0.000000
vt -0.616485 2.485442 0.000000
vt -0.648781 2.509036 0.000000
vt -0.648781 2.443798 0.000000
vt -0.081469 2.740237 0.000000
vt -0.091778 2.692183 0.000000
vt -0.091778 2.614584 0.000000
vt -0.122152 2.724055 0.000000
vt -0.149932 2.692183 0.000000
vt -0.149932 2.614584 0.000000
vt -0.162865 2.707015 0.000000
vt -0.203584 2.689227 0.000000
vt -0.208085 2.614584 0.000000
vt -0.244353 2.670870 0.000000
vt -0.266238 2.614584 0.000000
vt -0.285225 2.652266 0.000000
vt -0.324391 2.614584 0.000000
vt -0.326183 2.633910 0.000000
vt -0.357402 2.614584 0.000000
vt -0.367169 2.616474 0.000000
vt -0.408149 2.600770 0.000000
vt -0.448887 2.587702 0.000000
vt -0.489403 2.577918 0.000000
vt -0.529865 2.571781 0.000000
vt -0.569894 2.569375 0.000000
vt -0.609447 2.570366 0.000000
vt -0.648781 2.574239 0.000000
vt -0.616485 2.420871 0.000000
vt -0.648781 2.378609 0.000000
vt -0.616485 2.356300 0.000000
vt -0.648781 2.313431 0.000000
vt -0.616485 2.312355 0.000000
vt -0.648781 2.248252 0.000000
vt -0.616485 2.268411 0.000000
vt -0.616485 2.224466 0.000000
vt -0.584189 2.224466 0.000000
vt -0.584189 2.180521 0.000000
vt -0.551893 2.180521 0.000000
vt -0.551893 2.136577 0.000000
vt -0.519597 2.136577 0.000000
vt -0.519597 2.092632 0.000000
vt -0.487301 2.092632 0.000000
vt -0.487301 2.048687 0.000000
vt -0.455005 2.048687 0.000000
vt -0.455005 2.004743 0.000000
vt -0.422709 2.004743 0.000000
vt -0.422709 1.916853 0.000000
vt -0.390413 1.916853 0.000000
vt -0.390413 1.828964 0.000000
vt -0.357402 1.828964 0.000000
vt -0.357402 1.741075 0.000000
vt -0.324391 1.741075 0.000000
vt -0.324391 1.653185 0.000000
vt -0.266238 1.653185 0.000000
vt -0.266238 1.574733 0.000000
vt -0.208085 1.574733 0.000000
vt -0.208085 1.496281 0.000000
vt -0.149932 1.496281 0.000000
vt -0.149932 1.417828 0.000000
vt -0.091778 1.417828 0.000000
vt -0.091778 1.339376 0.000000
vt -0.045889 1.339376 0.000000
vt -0.045889 1.260135 0.000000
vt -0.000000 1.329645 0.000000
vt -0.000000 1.257639 0.000000
vt -0.045889 1.180894 0.000000
vt -0.000000 1.185632 0.000000
vt -0.000000 1.113625 0.000000
vt -0.045889 1.101653 0.000000
vt -0.000000 1.041619 0.000000
vt -0.045889 1.022412 0.000000
vt -0.000000 0.969612 0.000000
vt -0.045889 0.943170 0.000000
vt -0.000000 0.897605 0.000000
vt -0.045889 0.903550 0.000000
vt -0.045889 0.863929 0.000000
vt -0.091778 0.903550 0.000000
vt -0.091778 0.863929 0.000000
vt -0.149932 0.903550 0.000000
vt -0.149932 0.863929 0.000000
vt -0.208085 0.903550 0.000000
vt -0.208085 0.863929 0.000000
vt -0.266238 0.903550 0.000000
vt -0.266238 0.863929 0.000000
vt -0.324391 0.903550 0.000000
vt -0.324391 0.863929 0.000000
vt -0.357402 0.903550 0.000000
vt -0.327956 0.841954 0.000000
vt -0.376150 0.926754 0.000000
vt -0.357402 0.943170 0.000000
vt -0.399636 0.969030 0.000000
vt -0.390413 1.022412 0.000000
vt -0.422709 1.022412 0.000000
vt -0.422709 1.101653 0.000000
vt -0.455005 1.101653 0.000000
vt -0.455005 1.180894 0.000000
vt -0.487301 1.180894 0.000000
vt -0.487301 1.260135 0.000000
vt -0.519597 1.260135 0.000000
vt -0.519597 1.339376 0.000000
vt -0.551893 1.339376 0.000000
vt -0.551893 1.417828 0.000000
vt -0.577842 1.353158 0.000000
vt -0.584189 1.417828 0.000000
vt -0.592317 1.413177 0.000000
vt -0.600894 1.472225 0.000000
vt -0.584189 1.496281 0.000000
vt -0.603429 1.530815 0.000000
vt -0.584189 1.574733 0.000000
vt -0.616485 1.574733 0.000000
vt -0.616485 1.653185 0.000000
vt -0.648781 1.596466 0.000000
vt -0.648781 1.661645 0.000000
vt -0.648781 1.726825 0.000000
vt -0.616485 1.741075 0.000000
vt -0.648781 1.792004 0.000000
vt -0.616485 1.828964 0.000000
vt -0.648781 1.857182 0.000000
vt -0.616485 1.916853 0.000000
vt -0.648781 1.922361 0.000000
vt -0.648781 1.987539 0.000000
vt -0.616485 2.004743 0.000000
vt -0.616485 2.048687 0.000000
vt -0.584189 2.004743 0.000000
vt -0.584189 2.048687 0.000000
vt -0.551893 2.004743 0.000000
vt -0.551893 2.048687 0.000000
vt -0.519597 2.004743 0.000000
vt -0.519597 2.048687 0.000000
vt -0.487301 2.004743 0.000000
vt -0.648781 2.183074 0.000000
vt -0.616485 2.180521 0.000000
vt -0.584189 2.136577 0.000000
vt -0.551893 2.092632 0.000000
vt -0.648781 2.117896 0.000000
vt -0.616485 2.136577 0.000000
vt -0.584189 2.092632 0.000000
vt -0.616485 2.092632 0.000000
vt -0.648781 2.052717 0.000000
vt -0.648781 1.531289 0.000000
vt -0.557569 1.291483 0.000000
vt -0.531721 1.227548 0.000000
vt -0.500467 1.160268 0.000000
vt -0.464051 1.088447 0.000000
vt -0.422464 1.010670 0.000000
vt -0.266238 0.784688 0.000000
vt -0.278369 0.759476 0.000000
vt -0.266238 0.745068 0.000000
vt -0.228162 0.684533 0.000000
vt -0.208085 0.705447 0.000000
vt -0.176078 0.618031 0.000000
vt -0.149932 0.645476 0.000000
vt -0.120710 0.559523 0.000000
vt -0.091778 0.585505 0.000000
vt -0.062104 0.508988 0.000000
vt -0.045889 0.525534 0.000000
vt -0.000000 0.465563 0.000000
vt -0.000000 0.537566 0.000000
vt -0.045889 0.585505 0.000000
vt -0.000000 0.609578 0.000000
vt -0.045889 0.645476 0.000000
vt -0.000000 0.681585 0.000000
vt -0.045889 0.705447 0.000000
vt -0.000000 0.753592 0.000000
vt -0.045889 0.745068 0.000000
vt -0.045889 0.784688 0.000000
vt -0.091778 0.784688 0.000000
vt -0.091778 0.824309 0.000000
vt -0.149932 0.824309 0.000000
vt -0.000000 0.825598 0.000000
vt -0.045889 0.824309 0.000000
vt -0.000000 1.401652 0.000000
vt -0.045889 1.417828 0.000000
vt -0.091778 1.496281 0.000000
vt -0.149932 1.574733 0.000000
vt -0.208085 1.653185 0.000000
vt -0.266238 1.741075 0.000000
vt -0.324391 1.828964 0.000000
vt -0.357402 1.916853 0.000000
vt -0.390413 2.004743 0.000000
vt -0.422709 2.048687 0.000000
vt -0.455005 2.092632 0.000000
vt -0.487301 2.136577 0.000000
vt -0.519597 2.180521 0.000000
vt -0.551893 2.224466 0.000000
vt -0.584189 2.268411 0.000000
vt -0.000000 1.473659 0.000000
vt -0.045889 1.496281 0.000000
vt -0.091778 1.574733 0.000000
vt -0.149932 1.653185 0.000000
vt -0.208085 1.741075 0.000000
vt -0.266238 1.828964 0.000000
vt -0.324391 1.916853 0.000000
vt -0.357402 2.004743 0.000000
vt -0.390413 2.048687 0.000000
vt -0.422709 2.092632 0.000000
vt -0.455005 2.136577 0.000000
vt -0.487301 2.180521 0.000000
vt -0.519597 2.224466 0.000000
vt -0.551893 2.268411 0.000000
vt -0.584189 2.312355 0.000000
vt -0.000000 1.545665 0.000000
vt -0.045889 1.574733 0.000000
vt -0.091778 1.653185 0.000000
vt -0.149932 1.741075 0.000000
vt -0.208085 1.828964 0.000000
vt -0.266238 1.916853 0.000000
vt -0.324391 2.004743 0.000000
vt -0.357402 2.048687 0.000000
vt -0.390413 2.092632 0.000000
vt -0.422709 2.136577 0.000000
vt -0.455005 2.180521 0.000000
vt -0.487301 2.224466 0.000000
vt -0.519597 2.268411 0.000000
vt -0.551893 2.312355 0.000000
vt -0.584189 2.356300 0.000000
vt -0.000000 1.617672 0.000000
vt -0.045889 1.653185 0.000000
vt -0.091778 1.741075 0.000000
vt -0.149932 1.828964 0.000000
vt -0.208085 1.916853 0.000000
vt -0.266238 2.004743 0.000000
vt -0.324391 2.048687 0.000000
vt -0.357402 2.092632 0.000000
vt -0.390413 2.136577 0.000000
vt -0.422709 2.180521 0.000000
vt -0.455005 2.224466 0.000000
vt -0.487301 2.268411 0.000000
vt -0.519597 2.312355 0.000000
vt -0.551893 2.356300 0.000000
vt -0.584189 2.420871 0.000000
vt -0.000000 1.689679 0.000000
vt -0.045889 1.741075 0.000000
vt -0.091778 1.828964 0.000000
vt -0.149932 1.916853 0.000000
vt -0.208085 2.004743 0.000000
vt -0.266238 2.048687 0.000000
vt -0.324391 2.092632 0.000000
vt -0.357402 2.136577 0.000000
vt -0.390413 2.180521 0.000000
vt -0.422709 2.224466 0.000000
vt -0.455005 2.268411 0.000000
vt -0.487301 2.312355 0.000000
vt -0.519597 2.356300 0.000000
vt -0.551893 2.420871 0.000000
vt -0.000000 1.761685 0.000000
vt -0.045889 1.828964 0.000000
vt -0.091778 1.916853 0.000000
vt -0.149932 2.004743 0.000000
vt -0.208085 2.048687 0.000000
vt -0.266238 2.092632 0.000000
vt -0.324391 2.136577 0.000000
vt -0.357402 2.180521 0.000000
vt -0.390413 2.224466 0.000000
vt -0.422709 2.268411 0.000000
vt -0.455005 2.312355 0.000000
vt -0.487301 2.356300 0.000000
vt -0.519597 2.420871 0.000000
vt -0.000000 1.833692 0.000000
vt -0.000000 1.905699 0.000000
vt -0.045889 1.916853 0.000000
vt -0.000000 1.977706 0.000000
vt -0.045889 2.004743 0.000000
vt -0.000000 2.049712 0.000000
vt -0.045889 2.048687 0.000000
vt -0.045889 2.092632 0.000000
vt -0.091778 2.092632 0.000000
vt -0.091778 2.136577 0.000000
vt -0.149932 2.136577 0.000000
vt -0.149932 2.180521 0.000000
vt -0.208085 2.180521 0.000000
vt -0.208085 2.224466 0.000000
vt -0.266238 2.224466 0.000000
vt -0.266238 2.268411 0.000000
vt -0.324391 2.268411 0.000000
vt -0.324391 2.312355 0.000000
vt -0.357402 2.312355 0.000000
vt -0.357402 2.356300 0.000000
vt -0.390413 2.356300 0.000000
vt -0.390413 2.420871 0.000000
vt -0.422709 2.420871 0.000000
vt -0.000000 2.121719 0.000000
vt -0.045889 2.136577 0.000000
vt -0.091778 2.180521 0.000000
vt -0.149932 2.224466 0.000000
vt -0.208085 2.268411 0.000000
vt -0.266238 2.312355 0.000000
vt -0.324391 2.356300 0.000000
vt -0.357402 2.420871 0.000000
vt -0.000000 2.193726 0.000000
vt -0.045889 2.180521 0.000000
vt -0.091778 2.224466 0.000000
vt -0.149932 2.268411 0.000000
vt -0.208085 2.312355 0.000000
vt -0.266238 2.356300 0.000000
vt -0.324391 2.420871 0.000000
vt -0.045889 2.224466 0.000000
vt -0.000000 2.265732 0.000000
vt -0.045889 2.268411 0.000000
vt -0.000000 2.337739 0.000000
vt -0.045889 2.312355 0.000000
vt -0.045889 2.356300 0.000000
vt -0.091778 2.356300 0.000000
vt -0.091778 2.420871 0.000000
vt -0.149932 2.420871 0.000000
vt -0.000000 2.409746 0.000000
vt -0.045889 2.420871 0.000000
vt -0.000000 2.481752 0.000000
vt -0.487301 2.420871 0.000000
vt -0.455005 2.420871 0.000000
vt -0.266238 2.420871 0.000000
vt -0.208085 2.420871 0.000000
vt -0.455005 2.356300 0.000000
vt -0.422709 2.356300 0.000000
vt -0.208085 2.356300 0.000000
vt -0.149932 2.356300 0.000000
vt -0.422709 2.312355 0.000000
vt -0.390413 2.312355 0.000000
vt -0.149932 2.312355 0.000000
vt -0.091778 2.312355 0.000000
vt -0.390413 2.268411 0.000000
vt -0.357402 2.268411 0.000000
vt -0.091778 2.268411 0.000000
vt -0.357402 2.224466 0.000000
vt -0.324391 2.224466 0.000000
vt -0.324391 2.180521 0.000000
vt -0.266238 2.180521 0.000000
vt -0.208085 2.136577 0.000000
vt -0.149932 2.092632 0.000000
vt -0.091778 2.048687 0.000000
vt -0.266238 2.136577 0.000000
vt -0.208085 2.092632 0.000000
vt -0.149932 2.048687 0.000000
vt -0.091778 2.004743 0.000000
vt -0.584189 1.916853 0.000000
vt -0.584189 1.828964 0.000000
vt -0.584189 1.741075 0.000000
vt -0.584189 1.653185 0.000000
vt -0.551893 1.916853 0.000000
vt -0.551893 1.828964 0.000000
vt -0.551893 1.741075 0.000000
vt -0.551893 1.653185 0.000000
vt -0.551893 1.574733 0.000000
vt -0.551893 1.496281 0.000000
vt -0.519597 1.916853 0.000000
vt -0.519597 1.828964 0.000000
vt -0.519597 1.741075 0.000000
vt -0.519597 1.653185 0.000000
vt -0.519597 1.574733 0.000000
vt -0.519597 1.496281 0.000000
vt -0.519597 1.417828 0.000000
vt -0.487301 1.916853 0.000000
vt -0.487301 1.828964 0.000000
vt -0.487301 1.741075 0.000000
vt -0.487301 1.653185 0.000000
vt -0.487301 1.574733 0.000000
vt -0.487301 1.496281 0.000000
vt -0.487301 1.417828 0.000000
vt -0.487301 1.339376 0.000000
vt -0.455005 1.916853 0.000000
vt -0.455005 1.828964 0.000000
vt -0.455005 1.741075 0.000000
vt -0.455005 1.653185 0.000000
vt -0.455005 1.574733 0.000000
vt -0.455005 1.496281 0.000000
vt -0.455005 1.417828 0.000000
vt -0.455005 1.339376 0.000000
vt -0.455005 1.260135 0.000000
vt -0.422709 1.828964 0.000000
vt -0.390413 1.741075 0.000000
vt -0.357402 1.653185 0.000000
vt -0.324391 1.574733 0.000000
vt -0.266238 1.496281 0.000000
vt -0.208085 1.417828 0.000000
vt -0.149932 1.339376 0.000000
vt -0.091778 1.260135 0.000000
vt -0.422709 1.741075 0.000000
vt -0.422709 1.653185 0.000000
vt -0.422709 1.574733 0.000000
vt -0.422709 1.496281 0.000000
vt -0.422709 1.417828 0.000000
vt -0.422709 1.339376 0.000000
vt -0.422709 1.260135 0.000000
vt -0.422709 1.180894 0.000000
vt -0.390413 1.653185 0.000000
vt -0.357402 1.574733 0.000000
vt -0.324391 1.496281 0.000000
vt -0.266238 1.417828 0.000000
vt -0.208085 1.339376 0.000000
vt -0.149932 1.260135 0.000000
vt -0.091778 1.180894 0.000000
vt -0.390413 1.574733 0.000000
vt -0.390413 1.496281 0.000000
vt -0.390413 1.417828 0.000000
vt -0.390413 1.339376 0.000000
vt -0.390413 1.260135 0.000000
vt -0.390413 1.180894 0.000000
vt -0.390413 1.101653 0.000000
vt -0.357402 1.496281 0.000000
vt -0.324391 1.417828 0.000000
vt -0.266238 1.339376 0.000000
vt -0.208085 1.260135 0.000000
vt -0.149932 1.180894 0.000000
vt -0.091778 1.101653 0.000000
vt -0.357402 1.417828 0.000000
vt -0.357402 1.339376 0.000000
vt -0.357402 1.260135 0.000000
vt -0.357402 1.180894 0.000000
vt -0.357402 1.101653 0.000000
vt -0.357402 1.022412 0.000000
vt -0.324391 1.339376 0.000000
vt -0.266238 1.260135 0.000000
vt -0.208085 1.180894 0.000000
vt -0.149932 1.101653 0.000000
vt -0.091778 1.022412 0.000000
vt -0.324391 1.260135 0.000000
vt -0.324391 1.180894 0.000000
vt -0.324391 1.101653 0.000000
vt -0.324391 1.022412 0.000000
vt -0.324391 0.943170 0.000000
vt -0.266238 1.180894 0.000000
vt -0.208085 1.101653 0.000000
vt -0.149932 1.022412 0.000000
vt -0.091778 0.943170 0.000000
vt -0.266238 1.101653 0.000000
vt -0.266238 1.022412 0.000000
vt -0.266238 0.943170 0.000000
vt -0.208085 1.022412 0.000000
vt -0.149932 0.943170 0.000000
vt -0.208085 0.943170 0.000000
vt -0.208085 0.824309 0.000000
vt -0.266238 0.824309 0.000000
vt -0.208085 0.784688 0.000000
vt -0.208085 0.745068 0.000000
vt -0.149932 0.784688 0.000000
vt -0.091778 0.745068 0.000000
vt -0.149932 0.745068 0.000000
vt -0.149932 0.705447 0.000000
vt -0.091778 0.705447 0.000000
vt -0.091778 0.645476 0.000000
vt 0.805320 0.000000 0.000000
vt 0.805616 -0.053951 0.000000
vt 1.527300 0.000000 0.000000
vt 1.527300 -0.085105 0.000000
vt 0.806548 -0.109045 0.000000
vt 0.896590 -0.135769 0.000000
vt 1.527300 -0.170210 0.000000
vt 0.981616 -0.168284 0.000000
vt 1.060618 -0.206184 0.000000
vt 1.527300 -0.255316 0.000000
vt 1.132623 -0.249037 0.000000
vt 1.196661 -0.296523 0.000000
vt 1.527300 -0.340421 0.000000
vt 1.251976 -0.348120 0.000000
vt 1.298191 -0.403036 0.000000
vt 1.527300 -0.425526 0.000000
vt 1.335520 -0.460520 0.000000
vt 1.527300 -0.510631 0.000000
vt 1.364688 -0.519846 0.000000
vt 1.386434 -0.580377 0.000000
vt 1.527300 -0.595737 0.000000
vt 1.401916 -0.641598 0.000000
vt 1.527300 -0.680842 0.000000
vt 1.412387 -0.703264 0.000000
vt 1.527300 -0.765947 0.000000
vt 1.418986 -0.765185 0.000000
vt 1.422853 -0.827189 0.000000
vt 1.527300 -0.851052 0.000000
vt 1.425093 -0.889193 0.000000
vt 1.527300 -0.936158 0.000000
vt 1.426234 -0.951213 0.000000
vt 1.527300 -1.021263 0.000000
vt 1.426539 -1.013243 0.000000
vt 1.426276 -1.075269 0.000000
vt 1.527300 -1.106368 0.000000
vt 1.425669 -1.137293 0.000000
vt 1.527300 -1.191473 0.000000
vt 1.424361 -1.199325 0.000000
vt 1.421567 -1.261331 0.000000
vt 1.527300 -1.276578 0.000000
vt 1.416491 -1.323261 0.000000
vt 1.527300 -1.361684 0.000000
vt 1.408314 -1.385074 0.000000
vt 1.527300 -1.446789 0.000000
vt 1.395847 -1.446645 0.000000
vt 1.377856 -1.507648 0.000000
vt 1.527300 -1.531894 0.000000
vt 1.353143 -1.567682 0.000000
vt 1.527300 -1.616999 0.000000
vt 1.320497 -1.626267 0.000000
vt 1.279174 -1.682701 0.000000
vt 1.527300 -1.702105 0.000000
vt 1.229042 -1.736300 0.000000
vt 1.527793 -1.747341 0.000000
vt 1.169996 -1.786265 0.000000
vt 1.529046 -1.792786 0.000000
vt 1.102437 -1.831882 0.000000
vt 1.530689 -1.838293 0.000000
vt 1.027300 -1.872678 0.000000
vt 1.532397 -1.883746 0.000000
vt 1.027300 -1.935675 0.000000
vt 1.534003 -1.928994 0.000000
vt 1.535348 -1.973858 0.000000
vt 1.027300 -1.998673 0.000000
vt 1.536272 -2.018148 0.000000
vt 1.027300 -2.061670 0.000000
vt 1.536615 -2.061670 0.000000
vt 1.744537 0.851978 0.000000
vt 1.750000 0.800000 0.000000
vt 2.212700 1.866145 0.000000
vt 1.744537 0.748022 0.000000
vt 1.708911 0.035670 0.000000
vt 1.698759 0.106283 0.000000
vt 1.728386 0.698316 0.000000
vt 1.678660 0.174732 0.000000
vt 1.702254 0.653054 0.000000
vt 1.649025 0.239624 0.000000
vt 1.667283 0.614214 0.000000
vt 1.625000 0.583494 0.000000
vt 1.610456 0.299639 0.000000
vt 1.577254 0.562236 0.000000
vt 1.563738 0.353553 0.000000
vt 1.526132 0.551370 0.000000
vt 1.473868 0.551370 0.000000
vt 1.422746 0.562236 0.000000
vt 1.375000 0.583494 0.000000
vt 1.332717 0.614214 0.000000
vt 1.051038 0.866253 0.000000
vt 1.297746 0.653054 0.000000
vt 1.271614 0.698316 0.000000
vt 1.255463 0.748022 0.000000
vt 1.250000 0.800000 0.000000
vt 1.255463 0.851978 0.000000
vt 1.271614 0.901684 0.000000
vt 1.297746 0.946946 0.000000
vt 0.793550 1.512700 0.000000
vt 1.332717 0.985786 0.000000
vt 1.546571 1.512700 0.000000
vt 1.375000 1.016506 0.000000
vt 1.422746 1.037764 0.000000
vt 1.473868 1.048630 0.000000
vt 1.526132 1.048630 0.000000
vt 1.577254 1.037764 0.000000
vt 1.625000 1.016506 0.000000
vt 1.667283 0.985786 0.000000
vt 1.702254 0.946946 0.000000
vt 1.728386 0.901684 0.000000
vt 1.744537 -0.748022 0.000000
vt 1.750000 -0.800000 0.000000
vt 2.212700 -1.866145 0.000000
vt 1.744537 -0.851978 0.000000
vt 1.728386 -0.901684 0.000000
vt 1.702254 -0.946946 0.000000
vt 1.546571 -1.512700 0.000000
vt 1.667283 -0.985786 0.000000
vt 1.625000 -1.016506 0.000000
vt 1.577254 -1.037764 0.000000
vt 1.526132 -1.048630 0.000000
vt 1.473868 -1.048630 0.000000
vt 1.422746 -1.037764 0.000000
vt 1.375000 -1.016506 0.000000
vt 1.332717 -0.985786 0.000000
vt 0.793550 -1.512700 0.000000
vt 1.297746 -0.946946 0.000000
vt 1.051038 -0.866253 0.000000
vt 1.271614 -0.901684 0.000000
vt 1.255463 -0.851978 0.000000
vt 1.250000 -0.800000 0.000000
vt 1.255463 -0.748022 0.000000
vt 1.271614 -0.698316 0.000000
vt 1.297746 -0.653054 0.000000
vt 1.332717 -0.614214 0.000000
vt 1.563738 -0.353553 0.000000
vt 1.375000 -0.583494 0.000000
vt 1.422746 -0.562236 0.000000
vt 1.473868 -0.551370 0.000000
vt 1.526132 -0.551370 0.000000
vt 1.577254 -0.562236 0.000000
vt 1.610456 -0.299639 0.000000
vt 1.625000 -0.583494 0.000000
vt 1.649025 -0.239624 0.000000
vt 1.667283 -0.614214 0.000000
vt 1.702254 -0.653054 0.000000
vt 1.678660 -0.174732 0.000000
vt 1.728386 -0.698316 0.000000
vt 1.698759 -0.106283 0.000000
vt 1.708911 -0.035670 0.000000
vt 0.793550 1.003385 0.000000
vt 0.864864 0.983852 0.000000
vt 0.932518 0.954016 0.000000
vt 0.995032 0.914528 0.000000
vt 0.995032 -0.914528 0.000000
vt 0.932518 -0.954016 0.000000
vt 0.864864 -0.983852 0.000000
vt 0.793550 -1.003385 0.000000
vt 0.522237 -0.440959 0.000000
vt -1.145051 -0.442210 0.000000
vt 0.523558 -0.471239 0.000000
vt -1.235268 -0.444961 0.000000
vt -1.236258 -0.471239 0.000000
vt 0.518287 -0.410713 0.000000
vt -0.967435 -0.422845 0.000000
vt -1.055553 -0.434823 0.000000
vt 0.511731 -0.380700 0.000000
vt -0.798015 -0.385518 0.000000
vt -0.881367 -0.406381 0.000000
vt -0.718050 -0.360320 0.000000
vt 0.502616 -0.351114 0.000000
vt -0.642181 -0.330851 0.000000
vt 0.477247 -0.293941 0.000000
vt -0.571105 -0.297379 0.000000
vt -0.505506 -0.260165 0.000000
vt 0.443381 -0.240566 0.000000
vt -0.446066 -0.219392 0.000000
vt 0.403150 -0.191959 0.000000
vt -0.393473 -0.175331 0.000000
vt 0.358997 -0.149113 0.000000
vt -0.347907 -0.128532 0.000000
vt 0.309386 -0.109647 0.000000
vt -0.309357 -0.079521 0.000000
vt 0.254521 -0.073268 0.000000
vt 0.197575 -0.041687 0.000000
vt -0.277804 -0.028735 0.000000
vt 0.141718 -0.015501 0.000000
vt 0.083713 0.007411 0.000000
vt -0.252814 0.023351 0.000000
vt 0.022893 0.027530 0.000000
vt -0.040003 0.044635 0.000000
vt -0.104234 0.058490 0.000000
vt -0.169030 0.069025 0.000000
vt -0.233578 0.076325 0.000000
vt 0.582792 0.600000 0.000000
vt 2.342608 0.600000 0.000000
vt 0.582792 0.800000 0.000000
vt 2.342608 0.800000 0.000000
vt 2.497558 0.510725 0.000000
vt 2.572063 0.487209 0.000000
vt 2.342608 0.528546 0.000000
vt 2.420659 0.524546 0.000000
vt 2.642864 0.454240 0.000000
vt 3.759271 1.892666 0.000000
vt 3.425400 2.300000 0.000000
vt 3.498257 2.305337 0.000000
vt 3.569558 2.321232 0.000000
vt 3.637783 2.347348 0.000000
vt 3.701474 2.383127 0.000000
vt 3.759271 2.427804 0.000000
vt 2.708605 0.412200 0.000000
vt 2.767945 0.361600 0.000000
vt 2.819472 0.303198 0.000000
vt 2.861902 0.237986 0.000000
vt 2.879473 0.203008 0.000000
vt 3.759271 -0.500000 0.000000
vt 2.894105 0.167650 0.000000
vt 2.914987 0.098592 0.000000
vt 2.927572 0.032421 0.000000
vt 2.935588 -0.032936 0.000000
vt 2.950043 -0.170005 0.000000
vt 2.961531 -0.241138 0.000000
vt 2.979224 -0.313609 0.000000
vt 2.994192 -0.374778 0.000000
vt 3.003229 -0.437099 0.000000
vt 3.006250 -0.500000 0.000000
vt 2.342608 2.300000 0.000000
vt 0.035201 0.785398 0.000000
vt -1.724616 0.785398 0.000000
vt 0.033950 0.747979 0.000000
vt -1.723365 0.747979 0.000000
vt 0.030205 0.710220 0.000000
vt -1.719619 0.710220 0.000000
vt -1.704688 0.634662 0.000000
vt 0.015273 0.634662 0.000000
vt -1.679909 0.560720 0.000000
vt -0.009506 0.560720 0.000000
vt -0.043861 0.490302 0.000000
vt -1.645554 0.490302 0.000000
vt -1.603162 0.424854 0.000000
vt -0.086253 0.424854 0.000000
vt -1.554789 0.365779 0.000000
vt -0.134626 0.365779 0.000000
vt -0.189244 0.312200 0.000000
vt -1.500170 0.312200 0.000000
vt -1.437201 0.261855 0.000000
vt -1.370010 0.218217 0.000000
vt -0.319404 0.218217 0.000000
vt -0.252213 0.261855 0.000000
vt -0.386389 0.182682 0.000000
vt -1.303026 0.182682 0.000000
vt -0.457546 0.152191 0.000000
vt -1.231869 0.152191 0.000000
vt -0.532896 0.126619 0.000000
vt -1.156518 0.126619 0.000000
vt -0.610937 0.106696 0.000000
vt -1.078478 0.106696 0.000000
vt -0.690080 0.092810 0.000000
vt -0.999334 0.092810 0.000000
vt -0.768588 0.084710 0.000000
vt -0.920826 0.084710 0.000000
vt -0.844707 0.082079 0.000000
vt 3.500733 0.500000 0.000000
vt 1.579267 0.500000 0.000000
vt 3.500733 -0.800000 0.000000
vt 1.579267 -0.800000 0.000000
vt 4.183408 -0.135762 0.000000
vt 4.273452 -0.109045 0.000000
vt 3.552700 -0.085105 0.000000
vt 4.274384 -0.053951 0.000000
vt 3.552700 0.000000 0.000000
vt 4.274680 0.000000 0.000000
vt 3.552700 -0.170210 0.000000
vt 4.098361 -0.168220 0.000000
vt 4.019354 -0.206112 0.000000
vt 3.552700 -0.255316 0.000000
vt 3.947360 -0.248994 0.000000
vt 3.883355 -0.296527 0.000000
vt 3.552700 -0.340421 0.000000
vt 3.828176 -0.348167 0.000000
vt 3.781870 -0.403085 0.000000
vt 3.552700 -0.425526 0.000000
vt 3.744325 -0.460528 0.000000
vt 3.552700 -0.510631 0.000000
vt 3.715262 -0.519821 0.000000
vt 3.693604 -0.580325 0.000000
vt 3.552700 -0.595737 0.000000
vt 3.678150 -0.641620 0.000000
vt 3.552700 -0.680842 0.000000
vt 3.667704 -0.703327 0.000000
vt 3.552700 -0.765947 0.000000
vt 3.660982 -0.765195 0.000000
vt 3.656991 -0.827164 0.000000
vt 3.552700 -0.851052 0.000000
vt 3.654937 -0.889187 0.000000
vt 3.552700 -0.936158 0.000000
vt 3.654027 -0.951217 0.000000
vt 3.552700 -1.021263 0.000000
vt 3.653557 -1.013240 0.000000
vt 3.653507 -1.075268 0.000000
vt 3.552700 -1.106368 0.000000
vt 3.654142 -1.137295 0.000000
vt 3.552700 -1.191473 0.000000
vt 3.655726 -1.199309 0.000000
vt 3.658558 -1.261311 0.000000
vt 3.552700 -1.276578 0.000000
vt 3.663467 -1.323298 0.000000
vt 3.552700 -1.361684 0.000000
vt 3.671602 -1.385131 0.000000
vt 3.552700 -1.446789 0.000000
vt 3.684102 -1.446628 0.000000
vt 3.702116 -1.507596 0.000000
vt 3.552700 -1.531894 0.000000
vt 3.726978 -1.567676 0.000000
vt 3.552700 -1.616999 0.000000
vt 3.759587 -1.626290 0.000000
vt 3.800674 -1.682755 0.000000
vt 3.552700 -1.702105 0.000000
vt 3.850864 -1.736325 0.000000
vt 3.552207 -1.747341 0.000000
vt 3.910003 -1.786258 0.000000
vt 3.550954 -1.792786 0.000000
vt 3.977565 -1.831875 0.000000
vt 3.549311 -1.838293 0.000000
vt 4.052700 -1.872678 0.000000
vt 3.547603 -1.883746 0.000000
vt 4.052700 -1.935675 0.000000
vt 3.545997 -1.928994 0.000000
vt 3.544652 -1.973858 0.000000
vt 4.052700 -1.998673 0.000000
vt 3.543728 -2.018148 0.000000
vt 4.052700 -2.061670 0.000000
vt 3.543385 -2.061670 0.000000
vt -0.648781 0.541478 0.000000
vt -0.648781 0.476285 0.000000
vt -0.616485 0.513308 0.000000
vt -0.609349 0.480118 0.000000
vt -0.584189 0.513308 0.000000
vt -0.569571 0.481059 0.000000
vt -0.551893 0.513308 0.000000
vt -0.529444 0.478587 0.000000
vt -0.519597 0.513308 0.000000
vt -0.489034 0.472396 0.000000
vt -0.487301 0.513308 0.000000
vt -0.448316 0.462500 0.000000
vt -0.455005 0.513308 0.000000
vt -0.422709 0.513308 0.000000
vt -0.455005 0.577354 0.000000
vt -0.422709 0.577354 0.000000
vt -0.455005 0.641399 0.000000
vt -0.422709 0.641399 0.000000
vt -0.455005 0.705444 0.000000
vt -0.422709 0.705444 0.000000
vt -0.455005 0.745064 0.000000
vt -0.422709 0.745064 0.000000
vt -0.455005 0.784703 0.000000
vt -0.422709 0.784706 0.000000
vt -0.455005 0.824305 0.000000
vt -0.422709 0.824305 0.000000
vt -0.455005 0.863925 0.000000
vt -0.422709 0.863925 0.000000
vt -0.455005 0.903546 0.000000
vt -0.422709 0.903546 0.000000
vt -0.455005 0.943166 0.000000
vt -0.422709 0.943166 0.000000
vt -0.455005 1.022407 0.000000
vt -0.422709 1.022407 0.000000
vt -0.455005 1.101647 0.000000
vt -0.422709 1.101647 0.000000
vt -0.455005 1.180888 0.000000
vt -0.422709 1.180888 0.000000
vt -0.455005 1.260129 0.000000
vt -0.422709 1.260129 0.000000
vt -0.455005 1.339369 0.000000
vt -0.422709 1.339369 0.000000
vt -0.455005 1.417821 0.000000
vt -0.422709 1.417821 0.000000
vt -0.455005 1.496273 0.000000
vt -0.422709 1.496273 0.000000
vt -0.455005 1.574725 0.000000
vt -0.422709 1.574725 0.000000
vt -0.455005 1.653177 0.000000
vt -0.422709 1.653177 0.000000
vt -0.455005 1.741066 0.000000
vt -0.422709 1.741066 0.000000
vt -0.455005 1.828955 0.000000
vt -0.422709 1.828955 0.000000
vt -0.455005 1.916844 0.000000
vt -0.422709 1.916844 0.000000
vt -0.462057 1.965952 0.000000
vt -0.422709 2.004733 0.000000
vt -0.419883 2.044470 0.000000
vt -0.390413 2.004733 0.000000
vt -0.390413 2.048677 0.000000
vt -0.357402 2.004733 0.000000
vt -0.357402 2.048677 0.000000
vt -0.324391 2.004733 0.000000
vt -0.324391 2.048677 0.000000
vt -0.266238 2.004733 0.000000
vt -0.266238 2.048677 0.000000
vt -0.208085 2.004733 0.000000
vt -0.208085 2.048677 0.000000
vt -0.149932 2.004733 0.000000
vt -0.149932 2.048677 0.000000
vt -0.091778 2.004733 0.000000
vt -0.091778 2.048677 0.000000
vt -0.045889 2.004733 0.000000
vt -0.045889 2.048677 0.000000
vt -0.000000 2.008853 0.000000
vt -0.000000 2.080859 0.000000
vt -0.407603 0.449388 0.000000
vt -0.390413 0.513308 0.000000
vt -0.390413 0.577354 0.000000
vt -0.390413 0.641399 0.000000
vt -0.390413 0.705444 0.000000
vt -0.390413 0.745064 0.000000
vt -0.390413 0.784710 0.000000
vt -0.390413 0.824305 0.000000
vt -0.390413 0.863925 0.000000
vt -0.390413 0.903546 0.000000
vt -0.390413 0.943166 0.000000
vt -0.390413 1.022407 0.000000
vt -0.390413 1.101647 0.000000
vt -0.390413 1.180888 0.000000
vt -0.390413 1.260129 0.000000
vt -0.390413 1.339369 0.000000
vt -0.390413 1.417821 0.000000
vt -0.390413 1.496273 0.000000
vt -0.390413 1.574725 0.000000
vt -0.390413 1.653177 0.000000
vt -0.390413 1.741066 0.000000
vt -0.390413 1.828955 0.000000
vt -0.390413 1.916844 0.000000
vt -0.390413 0.449382 0.000000
vt -0.366814 0.433743 0.000000
vt -0.357402 0.449372 0.000000
vt -0.325924 0.416359 0.000000
vt -0.324391 0.449362 0.000000
vt -0.285066 0.398058 0.000000
vt -0.266238 0.449344 0.000000
vt -0.244268 0.379512 0.000000
vt -0.208085 0.449327 0.000000
vt -0.208085 0.364982 0.000000
vt -0.149932 0.449309 0.000000
vt -0.149932 0.364982 0.000000
vt -0.091778 0.449291 0.000000
vt -0.091778 0.364982 0.000000
vt -0.045889 0.449277 0.000000
vt -0.045889 0.364982 0.000000
vt -0.000000 0.424716 0.000000
vt -0.000000 0.352710 0.000000
vt -0.040771 0.294992 0.000000
vt -0.000000 0.280700 0.000000
vt -0.203504 0.361201 0.000000
vt -0.162755 0.343425 0.000000
vt -0.122075 0.326388 0.000000
vt -0.081441 0.310225 0.000000
vt -0.000000 0.496723 0.000000
vt -0.045889 0.513308 0.000000
vt -0.091778 0.513308 0.000000
vt -0.091778 0.577354 0.000000
vt -0.149932 0.577354 0.000000
vt -0.149932 0.641399 0.000000
vt -0.208085 0.641399 0.000000
vt -0.208085 0.705444 0.000000
vt -0.266238 0.705444 0.000000
vt -0.266238 0.745064 0.000000
vt -0.324391 0.745064 0.000000
vt -0.324391 0.784716 0.000000
vt -0.357402 0.784713 0.000000
vt -0.357402 0.824305 0.000000
vt -0.000000 0.568729 0.000000
vt -0.045889 0.577354 0.000000
vt -0.091778 0.641399 0.000000
vt -0.149932 0.705444 0.000000
vt -0.208085 0.745064 0.000000
vt -0.266238 0.784722 0.000000
vt -0.324391 0.824305 0.000000
vt -0.357402 0.863925 0.000000
vt -0.000000 0.640735 0.000000
vt -0.045889 0.641399 0.000000
vt -0.091778 0.705444 0.000000
vt -0.149932 0.745064 0.000000
vt -0.208085 0.784727 0.000000
vt -0.266238 0.824305 0.000000
vt -0.324391 0.863925 0.000000
vt -0.357402 0.903546 0.000000
vt -0.045889 0.705444 0.000000
vt -0.000000 0.712741 0.000000
vt -0.045889 0.745064 0.000000
vt -0.000000 0.784747 0.000000
vt -0.045889 0.784743 0.000000
vt -0.045889 0.824305 0.000000
vt -0.091778 0.824305 0.000000
vt -0.091778 0.863925 0.000000
vt -0.149932 0.863925 0.000000
vt -0.149932 0.903546 0.000000
vt -0.208085 0.903546 0.000000
vt -0.208085 0.943166 0.000000
vt -0.266238 0.943166 0.000000
vt -0.266238 1.022407 0.000000
vt -0.324391 1.022407 0.000000
vt -0.324391 1.101647 0.000000
vt -0.357402 1.101647 0.000000
vt -0.357402 1.180888 0.000000
vt -0.000000 0.856754 0.000000
vt -0.045889 0.863925 0.000000
vt -0.091778 0.903546 0.000000
vt -0.149932 0.943166 0.000000
vt -0.208085 1.022407 0.000000
vt -0.266238 1.101647 0.000000
vt -0.324391 1.180888 0.000000
vt -0.357402 1.260129 0.000000
vt -0.045889 0.903546 0.000000
vt -0.000000 0.928760 0.000000
vt -0.045889 0.943166 0.000000
vt -0.000000 1.000766 0.000000
vt -0.045889 1.022407 0.000000
vt -0.000000 1.072772 0.000000
vt -0.045889 1.101647 0.000000
vt -0.000000 1.144778 0.000000
vt -0.045889 1.180888 0.000000
vt -0.000000 1.216785 0.000000
vt -0.045889 1.260129 0.000000
vt -0.000000 1.288791 0.000000
vt -0.045889 1.339369 0.000000
vt -0.000000 1.360797 0.000000
vt -0.045889 1.417821 0.000000
vt -0.000000 1.432803 0.000000
vt -0.045889 1.496273 0.000000
vt -0.000000 1.504809 0.000000
vt -0.045889 1.574725 0.000000
vt -0.000000 1.576816 0.000000
vt -0.000000 1.648822 0.000000
vt -0.045889 1.653177 0.000000
vt -0.000000 1.720828 0.000000
vt -0.045889 1.741066 0.000000
vt -0.000000 1.792834 0.000000
vt -0.045889 1.828955 0.000000
vt -0.000000 1.864840 0.000000
vt -0.045889 1.916844 0.000000
vt -0.000000 1.936847 0.000000
vt -0.045889 2.092622 0.000000
vt -0.000000 2.152865 0.000000
vt -0.045889 2.136566 0.000000
vt -0.045889 2.180511 0.000000
vt -0.091778 2.180511 0.000000
vt -0.091778 2.224751 0.000000
vt -0.149932 2.224675 0.000000
vt -0.149932 2.268400 0.000000
vt -0.208085 2.268400 0.000000
vt -0.208085 2.312344 0.000000
vt -0.266238 2.268400 0.000000
vt -0.275542 2.295498 0.000000
vt -0.324088 2.215270 0.000000
vt -0.000000 2.224871 0.000000
vt -0.045889 2.224811 0.000000
vt -0.091778 2.268400 0.000000
vt -0.149932 2.312344 0.000000
vt -0.208085 2.356289 0.000000
vt -0.226027 2.368924 0.000000
vt -0.149932 2.413445 0.000000
vt -0.118773 2.492765 0.000000
vt -0.091778 2.470601 0.000000
vt -0.061011 2.542287 0.000000
vt -0.045889 2.527758 0.000000
vt -0.000000 2.584914 0.000000
vt -0.000000 2.512913 0.000000
vt -0.045889 2.470601 0.000000
vt -0.000000 2.440893 0.000000
vt -0.045889 2.413445 0.000000
vt -0.000000 2.368884 0.000000
vt -0.045889 2.356289 0.000000
vt -0.045889 2.312344 0.000000
vt -0.091778 2.356289 0.000000
vt -0.091778 2.312344 0.000000
vt -0.149932 2.356289 0.000000
vt -0.045889 2.268400 0.000000
vt -0.000000 2.296878 0.000000
vt -0.372681 2.129924 0.000000
vt -0.357402 2.136566 0.000000
vt -0.324391 2.180511 0.000000
vt -0.266238 2.180511 0.000000
vt -0.266238 2.136566 0.000000
vt -0.208085 2.136566 0.000000
vt -0.208085 2.092622 0.000000
vt -0.149932 2.092622 0.000000
vt -0.396690 2.086716 0.000000
vt -0.390413 2.092622 0.000000
vt -0.357402 2.092622 0.000000
vt -0.324391 2.092622 0.000000
vt -0.324391 2.136566 0.000000
vt -0.266238 2.092622 0.000000
vt -0.499000 1.893394 0.000000
vt -0.530622 1.825380 0.000000
vt -0.519597 1.828955 0.000000
vt -0.487301 1.828955 0.000000
vt -0.519597 1.741066 0.000000
vt -0.556812 1.760783 0.000000
vt -0.551893 1.741066 0.000000
vt -0.577460 1.698610 0.000000
vt -0.551893 1.653177 0.000000
vt -0.584189 1.653177 0.000000
vt -0.551893 1.574725 0.000000
vt -0.584189 1.574725 0.000000
vt -0.551893 1.496273 0.000000
vt -0.584189 1.496273 0.000000
vt -0.551893 1.417821 0.000000
vt -0.584189 1.417821 0.000000
vt -0.551893 1.339369 0.000000
vt -0.584189 1.339369 0.000000
vt -0.551893 1.260129 0.000000
vt -0.584189 1.260129 0.000000
vt -0.551893 1.180888 0.000000
vt -0.584189 1.180888 0.000000
vt -0.551893 1.101647 0.000000
vt -0.584189 1.101647 0.000000
vt -0.551893 1.022407 0.000000
vt -0.584189 1.022407 0.000000
vt -0.551893 0.943166 0.000000
vt -0.584189 0.943166 0.000000
vt -0.551893 0.903546 0.000000
vt -0.584189 0.903546 0.000000
vt -0.551893 0.863925 0.000000
vt -0.584189 0.863925 0.000000
vt -0.551893 0.824305 0.000000
vt -0.584189 0.824305 0.000000
vt -0.551893 0.784694 0.000000
vt -0.584189 0.784691 0.000000
vt -0.551893 0.745064 0.000000
vt -0.584189 0.745064 0.000000
vt -0.551893 0.705444 0.000000
vt -0.584189 0.705444 0.000000
vt -0.551893 0.641399 0.000000
vt -0.584189 0.641399 0.000000
vt -0.551893 0.577354 0.000000
vt -0.584189 0.577354 0.000000
vt -0.592253 1.638109 0.000000
vt -0.600944 1.578658 0.000000
vt -0.603419 1.519668 0.000000
vt -0.616485 1.496273 0.000000
vt -0.616485 1.417821 0.000000
vt -0.616485 1.339369 0.000000
vt -0.616485 1.260129 0.000000
vt -0.616485 1.180888 0.000000
vt -0.616485 1.101647 0.000000
vt -0.616485 1.022407 0.000000
vt -0.616485 0.943166 0.000000
vt -0.616485 0.903546 0.000000
vt -0.616485 0.863925 0.000000
vt -0.616485 0.824305 0.000000
vt -0.616485 0.784688 0.000000
vt -0.616485 0.745064 0.000000
vt -0.616485 0.705444 0.000000
vt -0.616485 0.641399 0.000000
vt -0.616485 0.577354 0.000000
vt -0.648781 1.519190 0.000000
vt -0.648781 1.454013 0.000000
vt -0.648781 1.388834 0.000000
vt -0.648781 1.323656 0.000000
vt -0.648781 1.258477 0.000000
vt -0.648781 1.193298 0.000000
vt -0.648781 1.128120 0.000000
vt -0.648781 1.062941 0.000000
vt -0.648781 0.997762 0.000000
vt -0.648781 0.932584 0.000000
vt -0.648781 0.867405 0.000000
vt -0.648781 0.802226 0.000000
vt -0.648781 0.737048 0.000000
vt -0.648781 0.671869 0.000000
vt -0.648781 0.606689 0.000000
vt -0.266238 2.224523 0.000000
vt -0.208085 2.180511 0.000000
vt -0.149932 2.136566 0.000000
vt -0.091778 2.092622 0.000000
vt -0.149932 0.513308 0.000000
vt -0.208085 0.513308 0.000000
vt -0.208085 0.577354 0.000000
vt -0.266238 0.513308 0.000000
vt -0.266238 0.577354 0.000000
vt -0.266238 0.641399 0.000000
vt -0.324391 0.513308 0.000000
vt -0.324391 0.577354 0.000000
vt -0.324391 0.641399 0.000000
vt -0.324391 0.705444 0.000000
vt -0.357402 0.513308 0.000000
vt -0.357402 0.577354 0.000000
vt -0.357402 0.641399 0.000000
vt -0.357402 0.705444 0.000000
vt -0.357402 0.745064 0.000000
vt -0.487301 0.577354 0.000000
vt -0.487301 0.641399 0.000000
vt -0.487301 0.705444 0.000000
vt -0.487301 0.745064 0.000000
vt -0.487301 0.784700 0.000000
vt -0.487301 0.824305 0.000000
vt -0.487301 0.863925 0.000000
vt -0.487301 0.903546 0.000000
vt -0.487301 0.943166 0.000000
vt -0.487301 1.022407 0.000000
vt -0.487301 1.101647 0.000000
vt -0.487301 1.180888 0.000000
vt -0.487301 1.260129 0.000000
vt -0.487301 1.339369 0.000000
vt -0.487301 1.417821 0.000000
vt -0.487301 1.496273 0.000000
vt -0.487301 1.574725 0.000000
vt -0.487301 1.653177 0.000000
vt -0.487301 1.741066 0.000000
vt -0.519597 0.577354 0.000000
vt -0.519597 0.641399 0.000000
vt -0.519597 0.705444 0.000000
vt -0.519597 0.745064 0.000000
vt -0.519597 0.784697 0.000000
vt -0.519597 0.824305 0.000000
vt -0.519597 0.863925 0.000000
vt -0.519597 0.903546 0.000000
vt -0.519597 0.943166 0.000000
vt -0.519597 1.022407 0.000000
vt -0.519597 1.101647 0.000000
vt -0.519597 1.180888 0.000000
vt -0.519597 1.260129 0.000000
vt -0.519597 1.339369 0.000000
vt -0.519597 1.417821 0.000000
vt -0.519597 1.496273 0.000000
vt -0.519597 1.574725 0.000000
vt -0.519597 1.653177 0.000000
vt -0.091778 0.745064 0.000000
vt -0.149932 0.784733 0.000000
vt -0.208085 0.824305 0.000000
vt -0.266238 0.863925 0.000000
vt -0.324391 0.903546 0.000000
vt -0.357402 0.943166 0.000000
vt -0.091778 0.784738 0.000000
vt -0.149932 0.824305 0.000000
vt -0.208085 0.863925 0.000000
vt -0.266238 0.903546 0.000000
vt -0.324391 0.943166 0.000000
vt -0.357402 1.022407 0.000000
vt -0.091778 0.943166 0.000000
vt -0.149932 1.022407 0.000000
vt -0.208085 1.101647 0.000000
vt -0.266238 1.180888 0.000000
vt -0.324391 1.260129 0.000000
vt -0.357402 1.339369 0.000000
vt -0.091778 1.022407 0.000000
vt -0.091778 1.101647 0.000000
vt -0.091778 1.180888 0.000000
vt -0.091778 1.260129 0.000000
vt -0.091778 1.339369 0.000000
vt -0.091778 1.417821 0.000000
vt -0.091778 1.496273 0.000000
vt -0.091778 1.574725 0.000000
vt -0.091778 1.653177 0.000000
vt -0.091778 1.741066 0.000000
vt -0.091778 1.828955 0.000000
vt -0.091778 1.916844 0.000000
vt -0.149932 1.101647 0.000000
vt -0.208085 1.180888 0.000000
vt -0.266238 1.260129 0.000000
vt -0.324391 1.339369 0.000000
vt -0.357402 1.417821 0.000000
vt -0.149932 1.180888 0.000000
vt -0.149932 1.260129 0.000000
vt -0.149932 1.339369 0.000000
vt -0.149932 1.417821 0.000000
vt -0.149932 1.496273 0.000000
vt -0.149932 1.574725 0.000000
vt -0.149932 1.653177 0.000000
vt -0.149932 1.741066 0.000000
vt -0.149932 1.828955 0.000000
vt -0.149932 1.916844 0.000000
vt -0.208085 1.260129 0.000000
vt -0.266238 1.339369 0.000000
vt -0.324391 1.417821 0.000000
vt -0.357402 1.496273 0.000000
vt -0.208085 1.339369 0.000000
vt -0.208085 1.417821 0.000000
vt -0.208085 1.496273 0.000000
vt -0.208085 1.574725 0.000000
vt -0.208085 1.653177 0.000000
vt -0.208085 1.741066 0.000000
vt -0.208085 1.828955 0.000000
vt -0.208085 1.916844 0.000000
vt -0.266238 1.417821 0.000000
vt -0.324391 1.496273 0.000000
vt -0.357402 1.574725 0.000000
vt -0.266238 1.496273 0.000000
vt -0.266238 1.574725 0.000000
vt -0.266238 1.653177 0.000000
vt -0.266238 1.741066 0.000000
vt -0.266238 1.828955 0.000000
vt -0.266238 1.916844 0.000000
vt -0.324391 1.574725 0.000000
vt -0.357402 1.653177 0.000000
vt -0.324391 1.653177 0.000000
vt -0.324391 1.741066 0.000000
vt -0.324391 1.828955 0.000000
vt -0.324391 1.916844 0.000000
vt -0.357402 1.741066 0.000000
vt -0.357402 1.828955 0.000000
vt -0.357402 1.916844 0.000000
vt -0.091778 2.136566 0.000000
vt -0.149932 2.180511 0.000000
vt -0.208085 2.224599 0.000000
vt -0.091778 2.413445 0.000000
vt 1.602077 0.158157 0.000000
vt 1.553165 0.088584 0.000000
vt 1.602077 0.000000 0.000000
vt 1.495667 0.025920 0.000000
vt 1.430549 -0.028782 0.000000
vt 1.358902 -0.074603 0.000000
vt 2.117292 -2.300000 0.000000
vt 2.617292 0.000000 0.000000
vt 2.188449 -2.305089 0.000000
vt 2.258158 -2.320254 0.000000
vt 1.281932 -0.110774 0.000000
vt 1.200931 -0.136687 0.000000
vt 1.117258 -0.151908 0.000000
vt 1.032320 -0.156180 0.000000
vt 0.947542 -0.149432 0.000000
vt -0.808108 -2.300000 0.000000
vt 0.864349 -0.131777 0.000000
vt 0.784138 -0.103512 0.000000
vt 0.207107 0.000000 0.000000
vt 0.708256 -0.065112 0.000000
vt 0.637977 -0.017220 0.000000
vt 0.574481 0.039358 0.000000
vt 0.518835 0.103672 0.000000
vt 0.471974 0.174642 0.000000
vt 0.434684 0.251077 0.000000
vt 0.407592 0.331692 0.000000
vt 0.207107 0.500000 0.000000
vt 0.391153 0.415133 0.000000
vt 0.385642 0.500000 0.000000
vt -0.808108 0.000000 0.000000
vt 2.324999 -2.345184 0.000000
vt 2.387612 -2.379373 0.000000
vt 2.444722 -2.422125 0.000000
vt 2.495167 -2.472570 0.000000
vt 2.537919 -2.529680 0.000000
vt 2.572108 -2.592292 0.000000
vt 2.597038 -2.659134 0.000000
vt 2.612203 -2.728843 0.000000
vt 2.617292 -2.800000 0.000000
vt 0.158157 -0.196350 0.000000
vt 0.197554 -0.174131 0.000000
vt 0.000000 -0.196350 0.000000
vt 0.238576 -0.154555 0.000000
vt 0.000000 -0.130900 0.000000
vt 0.280922 -0.137838 0.000000
vt 0.324280 -0.124141 0.000000
vt 0.368260 -0.113467 0.000000
vt 0.412469 -0.105823 0.000000
vt 0.456513 -0.101222 0.000000
vt 0.000000 -0.065450 0.000000
vt 0.500000 -0.099684 0.000000
vt 0.500000 -0.025675 0.000000
vt 0.000000 -0.000000 0.000000
vt 0.500000 0.048333 0.000000
vt 0.000000 0.065450 0.000000
vt 0.500000 0.122341 0.000000
vt 0.000000 0.130900 0.000000
vt 0.500000 0.196350 0.000000
vt 0.000000 0.196350 0.000000
vt 1.423542 0.500000 0.000000
vt 1.418031 0.415133 0.000000
vt 1.602077 0.500000 0.000000
vt 1.401592 0.331692 0.000000
vt 1.602077 0.000000 0.000000
vt 1.374500 0.251077 0.000000
vt 1.337210 0.174642 0.000000
vt 1.290348 0.103672 0.000000
vt 1.234703 0.039358 0.000000
vt 1.171207 -0.017220 0.000000
vt 1.100928 -0.065112 0.000000
vt 1.025045 -0.103512 0.000000
vt 2.617292 -2.300000 0.000000
vt 0.944834 -0.131777 0.000000
vt 0.861641 -0.149432 0.000000
vt -0.308108 -2.300000 0.000000
vt 0.776864 -0.156180 0.000000
vt 0.691926 -0.151908 0.000000
vt 0.608253 -0.136687 0.000000
vt 0.527252 -0.110774 0.000000
vt 0.450281 -0.074603 0.000000
vt 0.207107 0.000000 0.000000
vt 0.378635 -0.028782 0.000000
vt 0.313516 0.025920 0.000000
vt 0.256018 0.088584 0.000000
vt 0.207107 0.158157 0.000000
vt -0.808108 0.000000 0.000000
vt -0.379266 -2.305089 0.000000
vt -0.448974 -2.320254 0.000000
vt -0.515816 -2.345184 0.000000
vt -0.578429 -2.379373 0.000000
vt -0.635538 -2.422125 0.000000
vt -0.685983 -2.472570 0.000000
vt -0.728735 -2.529680 0.000000
vt -0.762924 -2.592292 0.000000
vt -0.787855 -2.659134 0.000000
vt -0.803019 -2.728843 0.000000
vt -0.808108 -2.800000 0.000000
vt 2.617292 0.000000 0.000000
vt 0.500000 0.025675 0.000000
vt 0.500000 0.099684 0.000000
vt 0.000000 0.065450 0.000000
vt 0.456513 0.101222 0.000000
vt 0.412469 0.105823 0.000000
vt 0.368260 0.113467 0.000000
vt 0.000000 0.130900 0.000000
vt 0.324280 0.124141 0.000000
vt 0.280922 0.137838 0.000000
vt 0.238576 0.154555 0.000000
vt 0.197554 0.174131 0.000000
vt -0.000000 0.196350 0.000000
vt 0.158157 0.196350 0.000000
vt 0.000000 -0.000000 0.000000
vt 0.500000 -0.048333 0.000000
vt 0.000000 -0.065450 0.000000
vt 0.500000 -0.122341 0.000000
vt 0.000000 -0.130900 0.000000
vt 0.500000 -0.196350 0.000000
vt 0.000000 -0.196350 0.000000
vt 0.207107 0.000000 0.000000
vt 0.932174 0.000000 0.000000
vt 0.207107 0.500000 0.000000
vt 0.932174 0.500000 0.000000
vt -0.500000 -0.000000 0.000000
vt 0.000000 -0.000000 0.000000
vt -0.500000 0.071400 0.000000
vt 0.000000 0.071400 0.000000
vt -0.500000 0.142800 0.000000
vt -0.000000 0.142800 0.000000
vt -0.500000 0.214199 0.000000
vt 0.000000 0.214199 0.000000
vt -0.500000 0.285599 0.000000
vt 0.000000 0.285599 0.000000
vt -0.500000 0.356999 0.000000
vt -0.000000 0.356999 0.000000
vt -0.500000 0.428399 0.000000
vt -0.000000 0.428399 0.000000
vt -0.500000 0.499799 0.000000
vt 0.000000 0.499799 0.000000
vt -0.500000 0.571199 0.000000
vt -0.000000 0.571199 0.000000
vt -0.500000 0.642598 0.000000
vt 0.000000 0.642598 0.000000
vt -0.500000 0.713998 0.000000
vt -0.000000 0.713998 0.000000
vt -0.500000 0.785398 0.000000
vt -0.000000 0.785398 0.000000
vt 0.500000 0.196350 0.000000
vt 0.000000 0.196350 0.000000
vt 0.500000 0.130900 0.000000
vt 0.000000 0.130900 0.000000
vt 0.500000 0.065450 0.000000
vt 0.000000 0.065450 0.000000
vt 0.500000 -0.000000 0.000000
vt 0.000000 -0.000000 0.000000
vt 0.500000 -0.065450 0.000000
vt 0.000000 -0.065450 0.000000
vt 0.500000 -0.130900 0.000000
vt 0.000000 -0.130900 0.000000
vt 0.500000 -0.196350 0.000000
vt 0.000000 -0.196350 0.000000
vt 0.500000 0.196350 0.000000
vt 0.000000 0.196350 0.000000
vt 0.500000 0.130900 0.000000
vt 0.000000 0.130900 0.000000
vt 0.500000 0.065450 0.000000
vt 0.000000 0.065450 0.000000
vt 0.500000 -0.000000 0.000000
vt 0.000000 -0.000000 0.000000
vt 0.500000 -0.065450 0.000000
vt 0.000000 -0.065450 0.000000
vt 0.500000 -0.130900 0.000000
vt 0.000000 -0.130900 0.000000
vt 0.500000 -0.196350 0.000000
vt 0.000000 -0.196350 0.000000
vt 0.207107 0.000000 0.000000
vt 0.932174 0.000000 0.000000
vt 0.207107 0.500000 0.000000
vt 0.932174 0.500000 0.000000
vt -0.500000 -0.000000 0.000000
vt 0.000000 -0.000000 0.000000
vt -0.500000 0.071400 0.000000
vt 0.000000 0.071400 0.000000
vt -0.500000 0.142800 0.000000
vt -0.000000 0.142800 0.000000
vt -0.500000 0.214199 0.000000
vt 0.000000 0.214199 0.000000
vt -0.500000 0.285599 0.000000
vt 0.000000 0.285599 0.000000
vt -0.500000 0.356999 0.000000
vt -0.000000 0.356999 0.000000
vt -0.500000 0.428399 0.000000
vt -0.000000 0.428399 0.000000
vt -0.500000 0.499799 0.000000
vt 0.000000 0.499799 0.000000
vt -0.500000 0.571199 0.000000
vt -0.000000 0.571199 0.000000
vt -0.500000 0.642598 0.000000
vt 0.000000 0.642598 0.000000
vt -0.500000 0.713998 0.000000
vt -0.000000 0.713998 0.000000
vt -0.500000 0.785398 0.000000
vt -0.000000 0.785398 0.000000
vt 1.217292 0.000000 0.000000
vt -0.808108 0.000000 0.000000
vt 1.217292 -2.300000 0.000000
vt -0.808108 -2.300000 0.000000
vt 0.300000 -0.733038 0.000000
vt -0.000000 -0.733038 0.000000
vt 0.300000 -0.785398 0.000000
vt 0.000000 -0.785398 0.000000
vt 0.300000 0.785398 0.000000
vt 0.000000 0.785398 0.000000
vt 0.300000 0.733038 0.000000
vt 0.000000 0.733038 0.000000
vt 0.300000 0.680678 0.000000
vt 0.000000 0.680678 0.000000
vt 0.300000 0.628319 0.000000
vt 0.000000 0.628319 0.000000
vt 0.300000 0.575959 0.000000
vt 0.000000 0.575959 0.000000
vt 0.300000 0.523599 0.000000
vt 0.000000 0.523599 0.000000
vt 0.300000 0.471239 0.000000
vt 0.000000 0.471239 0.000000
vt 0.300000 0.418879 0.000000
vt 0.000000 0.418879 0.000000
vt 0.300000 0.366519 0.000000
vt 0.000000 0.366519 0.000000
vt 0.300000 0.314159 0.000000
vt 0.000000 0.314159 0.000000
vt 0.300000 0.261799 0.000000
vt 0.000000 0.261799 0.000000
vt 0.300000 0.209440 0.000000
vt 0.000000 0.209440 0.000000
vt 0.300000 0.157080 0.000000
vt 0.000000 0.157080 0.000000
vt 0.300000 0.104720 0.000000
vt 0.000000 0.104720 0.000000
vt 0.300000 0.052360 0.000000
vt 0.000000 0.052360 0.000000
vt 0.300000 0.000000 0.000000
vt 0.000000 0.000000 0.000000
vt 0.300000 -0.052360 0.000000
vt 0.000000 -0.052360 0.000000
vt 0.300000 -0.104720 0.000000
vt 0.000000 -0.104720 0.000000
vt 0.300000 -0.157080 0.000000
vt 0.000000 -0.157080 0.000000
vt 0.300000 -0.209440 0.000000
vt 0.000000 -0.209440 0.000000
vt 0.300000 -0.261799 0.000000
vt 0.000000 -0.261799 0.000000
vt 0.300000 -0.314159 0.000000
vt 0.000000 -0.314159 0.000000
vt 0.300000 -0.366519 0.000000
vt 0.000000 -0.366519 0.000000
vt 0.300000 -0.418879 0.000000
vt -0.000000 -0.418879 0.000000
vt 0.300000 -0.471239 0.000000
vt -0.000000 -0.471239 0.000000
vt 0.300000 -0.523599 0.000000
vt -0.000000 -0.523599 0.000000
vt 0.300000 -0.575959 0.000000
vt 0.000000 -0.575959 0.000000
vt 0.300000 -0.628319 0.000000
vt -0.000000 -0.628319 0.000000
vt 0.300000 -0.680678 0.000000
vt -0.000000 -0.680678 0.000000
vt 0.126343 -0.033854 0.000000
vt 0.244537 -0.051978 0.000000
vt 0.130800 0.000000 0.000000
vt 0.250000 0.000000 0.000000
vt 0.244537 0.051978 0.000000
vt 0.228386 -0.101684 0.000000
vt 0.113276 -0.065400 0.000000
vt 0.202254 -0.146946 0.000000
vt 0.092490 -0.092490 0.000000
vt 0.167283 -0.185786 0.000000
vt 0.065400 -0.113276 0.000000
vt 0.125000 -0.216506 0.000000
vt 0.077254 -0.237764 0.000000
vt 0.033854 -0.126343 0.000000
vt 0.026132 -0.248630 0.000000
vt -0.000000 -0.130800 0.000000
vt -0.026132 -0.248630 0.000000
vt -0.033854 -0.126343 0.000000
vt -0.077254 -0.237764 0.000000
vt -0.065400 -0.113276 0.000000
vt -0.125000 -0.216506 0.000000
vt -0.167283 -0.185786 0.000000
vt -0.092490 -0.092490 0.000000
vt -0.202254 -0.146946 0.000000
vt -0.113276 -0.065400 0.000000
vt -0.228386 -0.101684 0.000000
vt -0.126343 -0.033854 0.000000
vt -0.244537 -0.051978 0.000000
vt -0.130800 0.000000 0.000000
vt -0.250000 0.000000 0.000000
vt -0.244537 0.051978 0.000000
vt -0.126343 0.033854 0.000000
vt -0.228386 0.101684 0.000000
vt -0.113276 0.065400 0.000000
vt -0.202254 0.146946 0.000000
vt -0.092490 0.092490 0.000000
vt -0.167283 0.185786 0.000000
vt -0.065400 0.113276 0.000000
vt -0.125000 0.216506 0.000000
vt -0.077254 0.237764 0.000000
vt -0.033854 0.126343 0.000000
vt -0.026132 0.248630 0.000000
vt -0.000000 0.130800 0.000000
vt 0.026132 0.248630 0.000000
vt 0.033854 0.126343 0.000000
vt 0.077254 0.237764 0.000000
vt 0.065400 0.113276 0.000000
vt 0.125000 0.216506 0.000000
vt 0.167283 0.185786 0.000000
vt 0.092490 0.092490 0.000000
vt 0.202254 0.146946 0.000000
vt 0.113276 0.065400 0.000000
vt 0.228386 0.101684 0.000000
vt 0.126343 0.033854 0.000000
vt 0.300000 -0.733038 0.000000
vt -0.000000 -0.733038 0.000000
vt 0.300000 -0.785398 0.000000
vt 0.000000 -0.785398 0.000000
vt 0.300000 0.785398 0.000000
vt 0.000000 0.785398 0.000000
vt 0.300000 0.733038 0.000000
vt 0.000000 0.733038 0.000000
vt 0.300000 0.680678 0.000000
vt 0.000000 0.680678 0.000000
vt 0.300000 0.628319 0.000000
vt 0.000000 0.628319 0.000000
vt 0.300000 0.575959 0.000000
vt 0.000000 0.575959 0.000000
vt 0.300000 0.523599 0.000000
vt 0.000000 0.523599 0.000000
vt 0.300000 0.471239 0.000000
vt 0.000000 0.471239 0.000000
vt 0.300000 0.418879 0.000000
vt 0.000000 0.418879 0.000000
vt 0.300000 0.366519 0.000000
vt 0.000000 0.366519 0.000000
vt 0.300000 0.314159 0.000000
vt 0.000000 0.314159 0.000000
vt 0.300000 0.261799 0.000000
vt 0.000000 0.261799 0.000000
vt 0.300000 0.209440 0.000000
vt 0.000000 0.209440 0.000000
vt 0.300000 0.157080 0.000000
vt 0.000000 0.157080 0.000000
vt 0.300000 0.104720 0.000000
vt 0.000000 0.104720 0.000000
vt 0.300000 0.052360 0.000000
vt 0.000000 0.052360 0.000000
vt 0.300000 0.000000 0.000000
vt 0.000000 0.000000 0.000000
vt 0.300000 -0.052360 0.000000
vt 0.000000 -0.052360 0.000000
vt 0.300000 -0.104720 0.000000
vt 0.000000 -0.104720 0.000000
vt 0.300000 -0.157080 0.000000
vt 0.000000 -0.157080 0.000000
vt 0.300000 -0.209440 0.000000
vt 0.000000 -0.209440 0.000000
vt 0.300000 -0.261799 0.000000
vt 0.000000 -0.261799 0.000000
vt 0.300000 -0.314159 0.000000
vt 0.000000 -0.314159 0.000000
vt 0.300000 -0.366519 0.000000
vt 0.000000 -0.366519 0.000000
vt 0.300000 -0.418879 0.000000
vt -0.000000 -0.418879 0.000000
vt 0.300000 -0.471239 0.000000
vt -0.000000 -0.471239 0.000000
vt 0.300000 -0.523599 0.000000
vt -0.000000 -0.523599 0.000000
vt 0.300000 -0.575959 0.000000
vt 0.000000 -0.575959 0.000000
vt 0.300000 -0.628319 0.000000
vt -0.000000 -0.628319 0.000000
vt 0.300000 -0.680678 0.000000
vt -0.000000 -0.680678 0.000000
vt 0.126343 -0.033854 0.000000
vt 0.244537 -0.051978 0.000000
vt 0.130800 0.000000 0.000000
vt 0.250000 0.000000 0.000000
vt 0.244537 0.051978 0.000000
vt 0.228386 -0.101684 0.000000
vt 0.113276 -0.065400 0.000000
vt 0.202254 -0.146946 0.000000
vt 0.092490 -0.092490 0.000000
vt 0.167283 -0.185786 0.000000
vt 0.065400 -0.113276 0.000000
vt 0.125000 -0.216506 0.000000
vt 0.077254 -0.237764 0.000000
vt 0.033854 -0.126343 0.000000
vt 0.026132 -0.248630 0.000000
vt -0.000000 -0.130800 0.000000
vt -0.026132 -0.248630 0.000000
vt -0.033854 -0.126343 0.000000
vt -0.077254 -0.237764 0.000000
vt -0.065400 -0.113276 0.000000
vt -0.125000 -0.216506 0.000000
vt -0.167283 -0.185786 0.000000
vt -0.092490 -0.092490 0.000000
vt -0.202254 -0.146946 0.000000
vt -0.113276 -0.065400 0.000000
vt -0.228386 -0.101684 0.000000
vt -0.126343 -0.033854 0.000000
vt -0.244537 -0.051978 0.000000
vt -0.130800 0.000000 0.000000
vt -0.250000 0.000000 0.000000
vt -0.244537 0.051978 0.000000
vt -0.126343 0.033854 0.000000
vt -0.228386 0.101684 0.000000
vt -0.113276 0.065400 0.000000
vt -0.202254 0.146946 0.000000
vt -0.092490 0.092490 0.000000
vt -0.167283 0.185786 0.000000
vt -0.065400 0.113276 0.000000
vt -0.125000 0.216506 0.000000
vt -0.077254 0.237764 0.000000
vt -0.033854 0.126343 0.000000
vt -0.026132 0.248630 0.000000
vt -0.000000 0.130800 0.000000
vt 0.026132 0.248630 0.000000
vt 0.033854 0.126343 0.000000
vt 0.077254 0.237764 0.000000
vt 0.065400 0.113276 0.000000
vt 0.125000 0.216506 0.000000
vt 0.167283 0.185786 0.000000
vt 0.092490 0.092490 0.000000
vt 0.202254 0.146946 0.000000
vt 0.113276 0.065400 0.000000
vt 0.228386 0.101684 0.000000
vt 0.126343 0.033854 0.000000
vt 0.300000 -0.733038 0.000000
vt -0.000000 -0.733038 0.000000
vt 0.300000 -0.785398 0.000000
vt 0.000000 -0.785398 0.000000
vt 0.300000 0.785398 0.000000
vt 0.000000 0.785398 0.000000
vt 0.300000 0.733038 0.000000
vt 0.000000 0.733038 0.000000
vt 0.300000 0.680678 0.000000
vt 0.000000 0.680678 0.000000
vt 0.300000 0.628319 0.000000
vt 0.000000 0.628319 0.000000
vt 0.300000 0.575959 0.000000
vt 0.000000 0.575959 0.000000
vt 0.300000 0.523599 0.000000
vt 0.000000 0.523599 0.000000
vt 0.300000 0.471239 0.000000
vt 0.000000 0.471239 0.000000
vt 0.300000 0.418879 0.000000
vt 0.000000 0.418879 0.000000
vt 0.300000 0.366519 0.000000
vt 0.000000 0.366519 0.000000
vt 0.300000 0.314159 0.000000
vt 0.000000 0.314159 0.000000
vt 0.300000 0.261799 0.000000
vt 0.000000 0.261799 0.000000
vt 0.300000 0.209440 0.000000
vt 0.000000 0.209440 0.000000
vt 0.300000 0.157080 0.000000
vt 0.000000 0.157080 0.000000
vt 0.300000 0.104720 0.000000
vt 0.000000 0.104720 0.000000
vt 0.300000 0.052360 0.000000
vt 0.000000 0.052360 0.000000
vt 0.300000 0.000000 0.000000
vt 0.000000 0.000000 0.000000
vt 0.300000 -0.052360 0.000000
vt 0.000000 -0.052360 0.000000
vt 0.300000 -0.104720 0.000000
vt 0.000000 -0.104720 0.000000
vt 0.300000 -0.157080 0.000000
vt 0.000000 -0.157080 0.000000
vt 0.300000 -0.209440 0.000000
vt 0.000000 -0.209440 0.000000
vt 0.300000 -0.261799 0.000000
vt 0.000000 -0.261799 0.000000
vt 0.300000 -0.314159 0.000000
vt 0.000000 -0.314159 0.000000
vt 0.300000 -0.366519 0.000000
vt 0.000000 -0.366519 0.000000
vt 0.300000 -0.418879 0.000000
vt -0.000000 -0.418879 0.000000
vt 0.300000 -0.471239 0.000000
vt -0.000000 -0.471239 0.000000
vt 0.300000 -0.523599 0.000000
vt -0.000000 -0.523599 0.000000
vt 0.300000 -0.575959 0.000000
vt 0.000000 -0.575959 0.000000
vt 0.300000 -0.628319 0.000000
vt -0.000000 -0.628319 0.000000
vt 0.300000 -0.680678 0.000000
vt -0.000000 -0.680678 0.000000
vt 0.126343 -0.033854 0.000000
vt 0.244537 -0.051978 0.000000
vt 0.130800 0.000000 0.000000
vt 0.250000 0.000000 0.000000
vt 0.244537 0.051978 0.000000
vt 0.228386 -0.101684 0.000000
vt 0.113276 -0.065400 0.000000
vt 0.202254 -0.146946 0.000000
vt 0.092490 -0.092490 0.000000
vt 0.167283 -0.185786 0.000000
vt 0.065400 -0.113276 0.000000
vt 0.125000 -0.216506 0.000000
vt 0.077254 -0.237764 0.000000
vt 0.033854 -0.126343 0.000000
vt 0.026132 -0.248630 0.000000
vt -0.000000 -0.130800 0.000000
vt -0.026132 -0.248630 0.000000
vt -0.033854 -0.126343 0.000000
vt -0.077254 -0.237764 0.000000
vt -0.065400 -0.113276 0.000000
vt -0.125000 -0.216506 0.000000
vt -0.167283 -0.185786 0.000000
vt -0.092490 -0.092490 0.000000
vt -0.202254 -0.146946 0.000000
vt -0.113276 -0.065400 0.000000
vt -0.228386 -0.101684 0.000000
vt -0.126343 -0.033854 0.000000
vt -0.244537 -0.051978 0.000000
vt -0.130800 0.000000 0.000000
vt -0.250000 0.000000 0.000000
vt -0.244537 0.051978 0.000000
vt -0.126343 0.033854 0.000000
vt -0.228386 0.101684 0.000000
vt -0.113276 0.065400 0.000000
vt -0.202254 0.146946 0.000000
vt -0.092490 0.092490 0.000000
vt -0.167283 0.185786 0.000000
vt -0.065400 0.113276 0.000000
vt -0.125000 0.216506 0.000000
vt -0.077254 0.237764 0.000000
vt -0.033854 0.126343 0.000000
vt -0.026132 0.248630 0.000000
vt -0.000000 0.130800 0.000000
vt 0.026132 0.248630 0.000000
vt 0.033854 0.126343 0.000000
vt 0.077254 0.237764 0.000000
vt 0.065400 0.113276 0.000000
vt 0.125000 0.216506 0.000000
vt 0.167283 0.185786 0.000000
vt 0.092490 0.092490 0.000000
vt 0.202254 0.146946 0.000000
vt 0.113276 0.065400 0.000000
vt 0.228386 0.101684 0.000000
vt 0.126343 0.033854 0.000000
vt 0.300000 -0.733038 0.000000
vt -0.000000 -0.733038 0.000000
vt 0.300000 -0.785398 0.000000
vt 0.000000 -0.785398 0.000000
vt 0.300000 0.785398 0.000000
vt 0.000000 0.785398 0.000000
vt 0.300000 0.733038 0.000000
vt 0.000000 0.733038 0.000000
vt 0.300000 0.680678 0.000000
vt 0.000000 0.680678 0.000000
vt 0.300000 0.628319 0.000000
vt 0.000000 0.628319 0.000000
vt 0.300000 0.575959 0.000000
vt 0.000000 0.575959 0.000000
vt 0.300000 0.523599 0.000000
vt 0.000000 0.523599 0.000000
vt 0.300000 0.471239 0.000000
vt 0.000000 0.471239 0.000000
vt 0.300000 0.418879 0.000000
vt 0.000000 0.418879 0.000000
vt 0.300000 0.366519 0.000000
vt 0.000000 0.366519 0.000000
vt 0.300000 0.314159 0.000000
vt 0.000000 0.314159 0.000000
vt 0.300000 0.261799 0.000000
vt 0.000000 0.261799 0.000000
vt 0.300000 0.209440 0.000000
vt 0.000000 0.209440 0.000000
vt 0.300000 0.157080 0.000000
vt 0.000000 0.157080 0.000000
vt 0.300000 0.104720 0.000000
vt 0.000000 0.104720 0.000000
vt 0.300000 0.052360 0.000000
vt 0.000000 0.052360 0.000000
vt 0.300000 0.000000 0.000000
vt 0.000000 0.000000 0.000000
vt 0.300000 -0.052360 0.000000
vt 0.000000 -0.052360 0.000000
vt 0.300000 -0.104720 0.000000
vt 0.000000 -0.104720 0.000000
vt 0.300000 -0.157080 0.000000
vt 0.000000 -0.157080 0.000000
vt 0.300000 -0.209440 0.000000
vt 0.000000 -0.209440 0.000000
vt 0.300000 -0.261799 0.000000
vt 0.000000 -0.261799 0.000000
vt 0.300000 -0.314159 0.000000
vt 0.000000 -0.314159 0.000000
vt 0.300000 -0.366519 0.000000
vt 0.000000 -0.366519 0.000000
vt 0.300000 -0.418879 0.000000
vt -0.000000 -0.418879 0.000000
vt 0.300000 -0.471239 0.000000
vt -0.000000 -0.471239 0.000000
vt 0.300000 -0.523599 0.000000
vt -0.000000 -0.523599 0.000000
vt 0.300000 -0.575959 0.000000
vt 0.000000 -0.575959 0.000000
vt 0.300000 -0.628319 0.000000
vt -0.000000 -0.628319 0.000000
vt 0.300000 -0.680678 0.000000
vt -0.000000 -0.680678 0.000000
vt 0.126343 -0.033854 0.000000
vt 0.244537 -0.051978 0.000000
vt 0.130800 0.000000 0.000000
vt 0.250000 0.000000 0.000000
vt 0.244537 0.051978 0.000000
vt 0.228386 -0.101684 0.000000
vt 0.113276 -0.065400 0.000000
vt 0.202254 -0.146946 0.000000
vt 0.092490 -0.092490 0.000000
vt 0.167283 -0.185786 0.000000
vt 0.065400 -0.113276 0.000000
vt 0.125000 -0.216506 0.000000
vt 0.077254 -0.237764 0.000000
vt 0.033854 -0.126343 0.000000
vt 0.026132 -0.248630 0.000000
vt -0.000000 -0.130800 0.000000
vt -0.026132 -0.248630 0.000000
vt -0.033854 -0.126343 0.000000
vt -0.077254 -0.237764 0.000000
vt -0.065400 -0.113276 0.000000
vt -0.125000 -0.216506 0.000000
vt -0.167283 -0.185786 0.000000
vt -0.092490 -0.092490 0.000000
vt -0.202254 -0.146946 0.000000
vt -0.113276 -0.065400 0.000000
vt -0.228386 -0.101684 0.000000
vt -0.126343 -0.033854 0.000000
vt -0.244537 -0.051978 0.000000
vt -0.130800 0.000000 0.000000
vt -0.250000 0.000000 0.000000
vt -0.244537 0.051978 0.000000
vt -0.126343 0.033854 0.000000
vt -0.228386 0.101684 0.000000
vt -0.113276 0.065400 0.000000
vt -0.202254 0.146946 0.000000
vt -0.092490 0.092490 0.000000
vt -0.167283 0.185786 0.000000
vt -0.065400 0.113276 0.000000
vt -0.125000 0.216506 0.000000
vt -0.077254 0.237764 0.000000
vt -0.033854 0.126343 0.000000
vt -0.026132 0.248630 0.000000
vt -0.000000 0.130800 0.000000
vt 0.026132 0.248630 0.000000
vt 0.033854 0.126343 0.000000
vt 0.077254 0.237764 0.000000
vt 0.065400 0.113276 0.000000
vt 0.125000 0.216506 0.000000
vt 0.167283 0.185786 0.000000
vt 0.092490 0.092490 0.000000
vt 0.202254 0.146946 0.000000
vt 0.113276 0.065400 0.000000
vt 0.228386 0.101684 0.000000
vt 0.126343 0.033854 0.000000
vt 2.230733 0.785398 0.000000
vt 0.309267 0.785398 0.000000
vt 2.229399 0.744295 0.000000
vt 0.310601 0.744295 0.000000
vt 2.225401 0.702813 0.000000
vt 0.314599 0.702813 0.000000
vt 0.321259 0.661214 0.000000
vt 0.330573 0.619764 0.000000
vt 2.209427 0.619764 0.000000
vt 2.218741 0.661214 0.000000
vt 0.342538 0.578736 0.000000
vt 2.197462 0.578736 0.000000
vt 2.182851 0.538397 0.000000
vt 0.357149 0.538397 0.000000
vt 2.165606 0.499005 0.000000
vt 0.374394 0.499005 0.000000
vt 0.394110 0.460764 0.000000
vt 2.145890 0.460764 0.000000
vt 0.439877 0.388460 0.000000
vt 2.100123 0.388460 0.000000
vt 2.047712 0.323067 0.000000
vt 0.492288 0.323067 0.000000
vt 0.551746 0.263596 0.000000
vt 0.620444 0.207692 0.000000
vt 1.919556 0.207692 0.000000
vt 1.988254 0.263596 0.000000
vt 0.693815 0.159256 0.000000
vt 1.846185 0.159256 0.000000
vt 1.772910 0.119791 0.000000
vt 0.767090 0.119791 0.000000
vt 0.845110 0.085877 0.000000
vt 0.927748 0.057446 0.000000
vt 1.612252 0.057446 0.000000
vt 1.694890 0.085877 0.000000
vt 1.526636 0.035305 0.000000
vt 1.013364 0.035305 0.000000
vt 1.439782 0.019873 0.000000
vt 1.100218 0.019873 0.000000
vt 1.353595 0.010867 0.000000
vt 1.186405 0.010867 0.000000
vt 1.270000 0.007942 0.000000
vt 0.500000 -0.975742 0.000000
vt 0.000000 -0.975742 0.000000
vt 0.500000 -1.036726 0.000000
vt 0.000000 -1.036726 0.000000
vt 0.500000 1.036726 0.000000
vt 0.000000 1.036726 0.000000
vt 0.500000 0.975742 0.000000
vt 0.000000 0.975742 0.000000
vt 0.500000 0.914758 0.000000
vt 0.000000 0.914758 0.000000
vt 0.500000 0.853774 0.000000
vt 0.000000 0.853774 0.000000
vt 0.500000 0.792790 0.000000
vt -0.000000 0.792790 0.000000
vt 0.500000 0.731806 0.000000
vt -0.000000 0.731806 0.000000
vt 0.500000 0.670822 0.000000
vt -0.000000 0.670822 0.000000
vt 0.500000 0.609839 0.000000
vt 0.000000 0.609839 0.000000
vt 0.500000 0.548855 0.000000
vt -0.000000 0.548855 0.000000
vt 0.500000 0.487871 0.000000
vt -0.000000 0.487871 0.000000
vt 0.500000 0.426887 0.000000
vt -0.000000 0.426887 0.000000
vt 0.500000 0.365903 0.000000
vt 0.000000 0.365903 0.000000
vt 0.500000 0.304919 0.000000
vt 0.000000 0.304919 0.000000
vt 0.500000 0.243935 0.000000
vt -0.000000 0.243935 0.000000
vt 0.500000 0.182952 0.000000
vt 0.000000 0.182952 0.000000
vt 0.500000 0.121968 0.000000
vt 0.000000 0.121968 0.000000
vt 0.500000 0.060984 0.000000
vt 0.000000 0.060984 0.000000
vt 0.500000 0.000000 0.000000
vt 0.000000 0.000000 0.000000
vt 0.500000 -0.060984 0.000000
vt 0.000000 -0.060984 0.000000
vt 0.500000 -0.121968 0.000000
vt 0.000000 -0.121968 0.000000
vt 0.500000 -0.182952 0.000000
vt -0.000000 -0.182952 0.000000
vt 0.500000 -0.243935 0.000000
vt -0.000000 -0.243935 0.000000
vt 0.500000 -0.304919 0.000000
vt -0.000000 -0.304919 0.000000
vt 0.500000 -0.365903 0.000000
vt -0.000000 -0.365903 0.000000
vt 0.500000 -0.426887 0.000000
vt 0.000000 -0.426887 0.000000
vt 0.500000 -0.487871 0.000000
vt 0.000000 -0.487871 0.000000
vt 0.500000 -0.548855 0.000000
vt 0.000000 -0.548855 0.000000
vt 0.500000 -0.609839 0.000000
vt 0.000000 -0.609839 0.000000
vt 0.500000 -0.670822 0.000000
vt 0.000000 -0.670822 0.000000
vt 0.500000 -0.731806 0.000000
vt -0.000000 -0.731806 0.000000
vt 0.500000 -0.792790 0.000000
vt 0.000000 -0.792790 0.000000
vt 0.500000 -0.853774 0.000000
vt -0.000000 -0.853774 0.000000
vt 0.500000 -0.914758 0.000000
vt 0.000000 -0.914758 0.000000
vt 0.500000 -0.975742 0.000000
vt -0.000000 -0.975742 0.000000
vt 0.500000 -1.036726 0.000000
vt 0.000000 -1.036726 0.000000
vt 0.500000 1.036726 0.000000
vt 0.000000 1.036726 0.000000
vt 0.500000 0.975742 0.000000
vt 0.000000 0.975742 0.000000
vt 0.500000 0.914758 0.000000
vt 0.000000 0.914758 0.000000
vt 0.500000 0.853774 0.000000
vt 0.000000 0.853774 0.000000
vt 0.500000 0.792790 0.000000
vt -0.000000 0.792790 0.000000
vt 0.500000 0.731806 0.000000
vt 0.000000 0.731806 0.000000
vt 0.500000 0.670822 0.000000
vt -0.000000 0.670822 0.000000
vt 0.500000 0.609839 0.000000
vt 0.000000 0.609839 0.000000
vt 0.500000 0.548855 0.000000
vt -0.000000 0.548855 0.000000
vt 0.500000 0.487871 0.000000
vt -0.000000 0.487871 0.000000
vt 0.500000 0.426887 0.000000
vt -0.000000 0.426887 0.000000
vt 0.500000 0.365903 0.000000
vt 0.000000 0.365903 0.000000
vt 0.500000 0.304919 0.000000
vt 0.000000 0.304919 0.000000
vt 0.500000 0.243935 0.000000
vt -0.000000 0.243935 0.000000
vt 0.500000 0.182952 0.000000
vt -0.000000 0.182952 0.000000
vt 0.500000 0.121968 0.000000
vt -0.000000 0.121968 0.000000
vt 0.500000 0.060984 0.000000
vt 0.000000 0.060984 0.000000
vt 0.500000 0.000000 0.000000
vt 0.000000 0.000000 0.000000
vt 0.500000 -0.060984 0.000000
vt -0.000000 -0.060984 0.000000
vt 0.500000 -0.121968 0.000000
vt -0.000000 -0.121968 0.000000
vt 0.500000 -0.182952 0.000000
vt -0.000000 -0.182952 0.000000
vt 0.500000 -0.243935 0.000000
vt 0.000000 -0.243935 0.000000
vt 0.500000 -0.304919 0.000000
vt 0.000000 -0.304919 0.000000
vt 0.500000 -0.365903 0.000000
vt 0.000000 -0.365903 0.000000
vt 0.500000 -0.426887 0.000000
vt -0.000000 -0.426887 0.000000
vt 0.500000 -0.487871 0.000000
vt -0.000000 -0.487871 0.000000
vt 0.500000 -0.548855 0.000000
vt -0.000000 -0.548855 0.000000
vt 0.500000 -0.609839 0.000000
vt 0.000000 -0.609839 0.000000
vt 0.500000 -0.670822 0.000000
vt 0.000000 -0.670822 0.000000
vt 0.500000 -0.731806 0.000000
vt 0.000000 -0.731806 0.000000
vt 0.500000 -0.792790 0.000000
vt 0.000000 -0.792790 0.000000
vt 0.500000 -0.853774 0.000000
vt 0.000000 -0.853774 0.000000
vt 0.500000 -0.914758 0.000000
vt -0.000000 -0.914758 0.000000
vt 1.373657 -0.833854 0.000000
vt 1.369200 -0.800000 0.000000
vt 1.051038 -0.866253 0.000000
vt 1.373657 -0.766146 0.000000
vt 1.386724 -0.734600 0.000000
vt 1.407510 -0.707510 0.000000
vt 1.563738 -0.353553 0.000000
vt 1.434600 -0.686724 0.000000
vt 1.466146 -0.673657 0.000000
vt 1.500000 -0.669200 0.000000
vt 1.533854 -0.673657 0.000000
vt 1.565400 -0.686724 0.000000
vt 1.592490 -0.707510 0.000000
vt 1.610456 -0.299639 0.000000
vt 1.613276 -0.734600 0.000000
vt 1.649025 -0.239624 0.000000
vt 1.626343 -0.766146 0.000000
vt 1.678660 -0.174732 0.000000
vt 1.712700 -1.012700 0.000000
vt 1.698759 -0.106283 0.000000
vt 1.708911 -0.035670 0.000000
vt 1.708911 0.035670 0.000000
vt 1.712700 1.012700 0.000000
vt 1.698759 0.106283 0.000000
vt 1.678660 0.174732 0.000000
vt 1.626343 0.766146 0.000000
vt 1.649025 0.239624 0.000000
vt 1.613276 0.734600 0.000000
vt 1.610456 0.299639 0.000000
vt 1.592490 0.707510 0.000000
vt 1.563738 0.353553 0.000000
vt 1.565400 0.686724 0.000000
vt 1.533854 0.673657 0.000000
vt 1.630800 -0.800000 0.000000
vt 1.626343 -0.833854 0.000000
vt 1.613276 -0.865400 0.000000
vt 1.592490 -0.892490 0.000000
vt 1.565400 -0.913276 0.000000
vt 1.533854 -0.926343 0.000000
vt 1.500000 -0.930800 0.000000
vt 1.466146 -0.926343 0.000000
vt 0.888827 -0.974640 0.000000
vt 0.947485 -0.945713 0.000000
vt 1.434600 -0.913276 0.000000
vt 1.001866 -0.909377 0.000000
vt 1.407510 -0.892490 0.000000
vt 1.386724 -0.865400 0.000000
vt 0.697485 1.012700 0.000000
vt 0.762748 1.008422 0.000000
vt 0.826895 0.995663 0.000000
vt 0.888827 0.974640 0.000000
vt 1.466146 0.926343 0.000000
vt 0.947485 0.945713 0.000000
vt 1.434600 0.913276 0.000000
vt 1.001866 0.909377 0.000000
vt 1.407510 0.892490 0.000000
vt 1.051038 0.866253 0.000000
vt 1.386724 0.865400 0.000000
vt 1.373657 0.833854 0.000000
vt 1.369200 0.800000 0.000000
vt 1.373657 0.766146 0.000000
vt 1.386724 0.734600 0.000000
vt 1.407510 0.707510 0.000000
vt 1.434600 0.686724 0.000000
vt 1.466146 0.673657 0.000000
vt 1.500000 0.669200 0.000000
vt 0.826895 -0.995663 0.000000
vt 0.762748 -1.008422 0.000000
vt 0.697485 -1.012700 0.000000
vt 1.500000 0.930800 0.000000
vt 1.533854 0.926343 0.000000
vt 1.565400 0.913276 0.000000
vt 1.592490 0.892490 0.000000
vt 1.613276 0.865400 0.000000
vt 1.626343 0.833854 0.000000
vt 1.630800 0.800000 0.000000
vt 0.200000 -0.376677 0.000000
vt -0.000000 -0.376677 0.000000
vt 0.200000 -0.410920 0.000000
vt 0.000000 -0.410920 0.000000
vt 0.200000 0.410920 0.000000
vt 0.000000 0.410920 0.000000
vt 0.200000 0.376677 0.000000
vt -0.000000 0.376677 0.000000
vt 0.200000 0.342434 0.000000
vt 0.000000 0.342434 0.000000
vt 0.200000 0.308190 0.000000
vt -0.000000 0.308190 0.000000
vt 0.200000 0.273947 0.000000
vt 0.000000 0.273947 0.000000
vt 0.200000 0.239704 0.000000
vt -0.000000 0.239704 0.000000
vt 0.200000 0.205460 0.000000
vt 0.000000 0.205460 0.000000
vt 0.200000 0.171217 0.000000
vt 0.000000 0.171217 0.000000
vt 0.200000 0.136973 0.000000
vt 0.000000 0.136973 0.000000
vt 0.200000 0.102730 0.000000
vt -0.000000 0.102730 0.000000
vt 0.200000 0.068487 0.000000
vt 0.000000 0.068487 0.000000
vt 0.200000 0.034243 0.000000
vt -0.000000 0.034243 0.000000
vt 0.200000 0.000000 0.000000
vt 0.000000 0.000000 0.000000
vt 0.200000 -0.034243 0.000000
vt -0.000000 -0.034243 0.000000
vt 0.200000 -0.068487 0.000000
vt 0.000000 -0.068487 0.000000
vt 0.200000 -0.102730 0.000000
vt -0.000000 -0.102730 0.000000
vt 0.200000 -0.136973 0.000000
vt 0.000000 -0.136973 0.000000
vt 0.200000 -0.171217 0.000000
vt -0.000000 -0.171217 0.000000
vt 0.200000 -0.205460 0.000000
vt 0.000000 -0.205460 0.000000
vt 0.200000 -0.239704 0.000000
vt -0.000000 -0.239704 0.000000
vt 0.200000 -0.273947 0.000000
vt -0.000000 -0.273947 0.000000
vt 0.200000 -0.308190 0.000000
vt -0.000000 -0.308190 0.000000
vt 0.200000 -0.342434 0.000000
vt -0.000000 -0.342434 0.000000
vt 0.200000 -0.376677 0.000000
vt -0.000000 -0.376677 0.000000
vt 0.200000 -0.410920 0.000000
vt 0.000000 -0.410920 0.000000
vt 0.200000 0.410920 0.000000
vt 0.000000 0.410920 0.000000
vt 0.200000 0.376677 0.000000
vt -0.000000 0.376677 0.000000
vt 0.200000 0.342434 0.000000
vt 0.000000 0.342434 0.000000
vt 0.200000 0.308190 0.000000
vt -0.000000 0.308190 0.000000
vt 0.200000 0.273947 0.000000
vt 0.000000 0.273947 0.000000
vt 0.200000 0.239704 0.000000
vt -0.000000 0.239704 0.000000
vt 0.200000 0.205460 0.000000
vt 0.000000 0.205460 0.000000
vt 0.200000 0.171217 0.000000
vt 0.000000 0.171217 0.000000
vt 0.200000 0.136973 0.000000
vt 0.000000 0.136973 0.000000
vt 0.200000 0.102730 0.000000
vt -0.000000 0.102730 0.000000
vt 0.200000 0.068487 0.000000
vt 0.000000 0.068487 0.000000
vt 0.200000 0.034243 0.000000
vt -0.000000 0.034243 0.000000
vt 0.200000 0.000000 0.000000
vt 0.000000 0.000000 0.000000
vt 0.200000 -0.034243 0.000000
vt -0.000000 -0.034243 0.000000
vt 0.200000 -0.068487 0.000000
vt 0.000000 -0.068487 0.000000
vt 0.200000 -0.102730 0.000000
vt -0.000000 -0.102730 0.000000
vt 0.200000 -0.136973 0.000000
vt 0.000000 -0.136973 0.000000
vt 0.200000 -0.171217 0.000000
vt -0.000000 -0.171217 0.000000
vt 0.200000 -0.205460 0.000000
vt 0.000000 -0.205460 0.000000
vt 0.200000 -0.239704 0.000000
vt -0.000000 -0.239704 0.000000
vt 0.200000 -0.273947 0.000000
vt -0.000000 -0.273947 0.000000
vt 0.200000 -0.308190 0.000000
vt -0.000000 -0.308190 0.000000
vt 0.200000 -0.342434 0.000000
vt -0.000000 -0.342434 0.000000
vt 0.935731 0.500000 0.000000
vt 0.210663 0.500000 0.000000
vt 0.935731 -0.000000 0.000000
vt 0.210663 -0.000000 0.000000
vt 0.935731 0.500000 0.000000
vt 0.210663 0.500000 0.000000
vt 0.935731 0.000000 0.000000
vt 0.210663 0.000000 0.000000
vt 0.200000 -0.376677 0.000000
vt -0.000000 -0.376677 0.000000
vt 0.200000 -0.410920 0.000000
vt 0.000000 -0.410920 0.000000
vt 0.200000 0.410920 0.000000
vt 0.000000 0.410920 0.000000
vt 0.200000 0.376677 0.000000
vt -0.000000 0.376677 0.000000
vt 0.200000 0.342434 0.000000
vt 0.000000 0.342434 0.000000
vt 0.200000 0.308190 0.000000
vt -0.000000 0.308190 0.000000
vt 0.200000 0.273947 0.000000
vt 0.000000 0.273947 0.000000
vt 0.200000 0.239704 0.000000
vt -0.000000 0.239704 0.000000
vt 0.200000 0.205460 0.000000
vt 0.000000 0.205460 0.000000
vt 0.200000 0.171217 0.000000
vt 0.000000 0.171217 0.000000
vt 0.200000 0.136973 0.000000
vt 0.000000 0.136973 0.000000
vt 0.200000 0.102730 0.000000
vt -0.000000 0.102730 0.000000
vt 0.200000 0.068487 0.000000
vt 0.000000 0.068487 0.000000
vt 0.200000 0.034243 0.000000
vt -0.000000 0.034243 0.000000
vt 0.200000 0.000000 0.000000
vt 0.000000 0.000000 0.000000
vt 0.200000 -0.034243 0.000000
vt -0.000000 -0.034243 0.000000
vt 0.200000 -0.068487 0.000000
vt 0.000000 -0.068487 0.000000
vt 0.200000 -0.102730 0.000000
vt -0.000000 -0.102730 0.000000
vt 0.200000 -0.136973 0.000000
vt 0.000000 -0.136973 0.000000
vt 0.200000 -0.171217 0.000000
vt -0.000000 -0.171217 0.000000
vt 0.200000 -0.205460 0.000000
vt 0.000000 -0.205460 0.000000
vt 0.200000 -0.239704 0.000000
vt -0.000000 -0.239704 0.000000
vt 0.200000 -0.273947 0.000000
vt -0.000000 -0.273947 0.000000
vt 0.200000 -0.308190 0.000000
vt -0.000000 -0.308190 0.000000
vt 0.200000 -0.342434 0.000000
vt -0.000000 -0.342434 0.000000
vt 0.200000 -0.376677 0.000000
vt -0.000000 -0.376677 0.000000
vt 0.200000 -0.410920 0.000000
vt 0.000000 -0.410920 0.000000
vt 0.200000 0.410920 0.000000
vt 0.000000 0.410920 0.000000
vt 0.200000 0.376677 0.000000
vt -0.000000 0.376677 0.000000
vt 0.200000 0.342434 0.000000
vt 0.000000 0.342434 0.000000
vt 0.200000 0.308190 0.000000
vt -0.000000 0.308190 0.000000
vt 0.200000 0.273947 0.000000
vt 0.000000 0.273947 0.000000
vt 0.200000 0.239704 0.000000
vt -0.000000 0.239704 0.000000
vt 0.200000 0.205460 0.000000
vt 0.000000 0.205460 0.000000
vt 0.200000 0.171217 0.000000
vt 0.000000 0.171217 0.000000
vt 0.200000 0.136973 0.000000
vt 0.000000 0.136973 0.000000
vt 0.200000 0.102730 0.000000
vt -0.000000 0.102730 0.000000
vt 0.200000 0.068487 0.000000
vt 0.000000 0.068487 0.000000
vt 0.200000 0.034243 0.000000
vt -0.000000 0.034243 0.000000
vt 0.200000 0.000000 0.000000
vt 0.000000 0.000000 0.000000
vt 0.200000 -0.034243 0.000000
vt -0.000000 -0.034243 0.000000
vt 0.200000 -0.068487 0.000000
vt 0.000000 -0.068487 0.000000
vt 0.200000 -0.102730 0.000000
vt -0.000000 -0.102730 0.000000
vt 0.200000 -0.136973 0.000000
vt 0.000000 -0.136973 0.000000
vt 0.200000 -0.171217 0.000000
vt -0.000000 -0.171217 0.000000
vt 0.200000 -0.205460 0.000000
vt 0.000000 -0.205460 0.000000
vt 0.200000 -0.239704 0.000000
vt -0.000000 -0.239704 0.000000
vt 0.200000 -0.273947 0.000000
vt -0.000000 -0.273947 0.000000
vt 0.200000 -0.308190 0.000000
vt -0.000000 -0.308190 0.000000
vt 0.200000 -0.342434 0.000000
vt -0.000000 -0.342434 0.000000
vt -1.626343 0.766146 0.000000
vt -1.630800 0.800000 0.000000
vt -1.712700 1.012700 0.000000
vt -1.626343 0.833854 0.000000
vt -1.613276 0.865400 0.000000
vt -1.592490 0.892490 0.000000
vt -1.565400 0.913276 0.000000
vt -1.533854 0.926343 0.000000
vt -1.500000 0.930800 0.000000
vt -1.466146 0.926343 0.000000
vt -0.888827 0.974640 0.000000
vt -0.947485 0.945713 0.000000
vt -1.434600 0.913276 0.000000
vt -1.001866 0.909377 0.000000
vt -1.407510 0.892490 0.000000
vt -1.051038 0.866253 0.000000
vt -1.386724 0.865400 0.000000
vt -1.373657 0.833854 0.000000
vt -1.369200 0.800000 0.000000
vt -1.373657 0.766146 0.000000
vt -1.386724 0.734600 0.000000
vt -1.407510 0.707510 0.000000
vt -1.563738 0.353553 0.000000
vt -1.434600 0.686724 0.000000
vt -1.466146 0.673657 0.000000
vt -1.500000 0.669200 0.000000
vt -1.533854 0.673657 0.000000
vt -1.565400 0.686724 0.000000
vt -1.592490 0.707510 0.000000
vt -1.610456 0.299639 0.000000
vt -1.613276 0.734600 0.000000
vt -1.649025 0.239624 0.000000
vt -1.678660 0.174732 0.000000
vt -1.698759 0.106283 0.000000
vt -1.708911 0.035670 0.000000
vt -1.712700 -1.012700 0.000000
vt -1.708911 -0.035670 0.000000
vt -1.698759 -0.106283 0.000000
vt -1.678660 -0.174732 0.000000
vt -1.626343 -0.766146 0.000000
vt -1.649025 -0.239624 0.000000
vt -1.613276 -0.734600 0.000000
vt -1.610456 -0.299639 0.000000
vt -1.592490 -0.707510 0.000000
vt -1.563738 -0.353553 0.000000
vt -1.565400 -0.686724 0.000000
vt -1.533854 -0.673657 0.000000
vt -0.697485 -1.012700 0.000000
vt -0.762748 -1.008422 0.000000
vt -0.826895 -0.995663 0.000000
vt -0.888827 -0.974640 0.000000
vt -1.466146 -0.926343 0.000000
vt -0.947485 -0.945713 0.000000
vt -1.434600 -0.913276 0.000000
vt -1.001866 -0.909377 0.000000
vt -1.407510 -0.892490 0.000000
vt -1.051038 -0.866253 0.000000
vt -1.386724 -0.865400 0.000000
vt -1.373657 -0.833854 0.000000
vt -1.369200 -0.800000 0.000000
vt -1.373657 -0.766146 0.000000
vt -1.386724 -0.734600 0.000000
vt -1.407510 -0.707510 0.000000
vt -1.434600 -0.686724 0.000000
vt -1.466146 -0.673657 0.000000
vt -1.500000 -0.669200 0.000000
vt -0.826895 0.995663 0.000000
vt -0.762748 1.008422 0.000000
vt -0.697485 1.012700 0.000000
vt -1.626343 -0.833854 0.000000
vt -1.630800 -0.800000 0.000000
vt -1.500000 -0.930800 0.000000
vt -1.533854 -0.926343 0.000000
vt -1.565400 -0.913276 0.000000
vt -1.592490 -0.892490 0.000000
vt -1.613276 -0.865400 0.000000
vn 0.057808 0.002926 -0.081546
vn 0.060324 0.002788 -0.079707
vn 0.066774 0 -0.074439
vn 0.06649 0.001696 -0.074674
vn 0.069584 1.7e-05 -0.07182
vn 0.069625 0.002316 -0.071742
vn 0.072586 -5.3e-05 -0.068784
vn 0.074823 0.003415 -0.066256
vn 0.078766 -2e-06 -0.061612
vn 0.079856 0.004458 -0.060026
vn 0.08452 -2e-06 -0.053446
vn 0.084601 0.005543 -0.053027
vn 0.089642 -6.1e-05 -0.044321
vn 0.088883 0.006668 -0.045337
vn 0.09389 -4.2e-05 -0.034419
vn 0.092583 0.007935 -0.03695
vn 0.09714 -1e-06 -0.023745
vn 0.095629 0.009281 -0.027731
vn 0.099251 -2.4e-05 -0.012213
vn 0.097857 0.010679 -0.017603
vn 0.1 0 0
vn 0.097285 0.020397 -0.010932
vn 0.09475 0.02117 -0.023962
vn 0.090085 0.031391 -0.029989
vn 0.087759 0.027367 -0.039362
vn 0.08208 0.035903 -0.044427
vn 0.079553 0.030975 -0.052076
vn 0.073082 0.038556 -0.056324
vn 0.07092 0.032919 -0.062344
vn 0.065585 0.038268 -0.065071
vn 0.063937 0.032083 -0.069876
vn 0.05912 0.036496 -0.071923
vn 0.058094 0.029713 -0.075777
vn 0.053963 0.033314 -0.077318
vn 0.053524 0.025768 -0.080443
vn 0.050163 0.02857 -0.081655
vn 0.050272 0.020044 -0.084089
vn 0.045351 0.028 -0.084613
vn 0.046189 0.021734 -0.085989
vn 0.050085 0.014189 -0.085383
vn 0.046696 0.015019 -0.087143
vn 0.049816 0.007991 -0.08634
vn 0.046958 0.007836 -0.087941
vn 0.04962 0.004037 -0.086727
vn 0.046959 0.003935 -0.088201
vn 0.046969 0.00011 -0.088283
vn 0.046882 5e-05 -0.088329
vn 0.052542 0.002594 -0.085045
vn 0.056612 0.004696 -0.082299
vn 0.058541 0.003715 -0.080989
vn 0.062519 0.004999 -0.077887
vn 0.064535 0.003349 -0.076315
vn 0.0674 0.004674 -0.073725
vn 0.051235 0.003625 -0.085801
vn 0.052831 0.003212 -0.084845
vn 0.05495 0.005524 -0.083367
vn 0.058184 0.008381 -0.080898
vn 0.05622 0.009845 -0.082112
vn 0.059994 0.01184 -0.079123
vn 0.057661 0.013917 -0.080508
vn 0.062921 0.017067 -0.075827
vn 0.059909 0.020011 -0.077527
vn 0.065772 0.022243 -0.071968
vn 0.062031 0.026022 -0.073994
vn 0.068463 0.027509 -0.067499
vn 0.042951 0.039807 -0.081059
vn 0.049661 0.036804 -0.078608
vn 0.054012 0.040748 -0.073637
vn 0.059843 0.043356 -0.067372
vn 0.066927 0.044628 -0.059407
vn 0.074855 0.044473 -0.049182
vn 0.084004 0.041039 -0.035486
vn 0.089252 0.03975 -0.021309
vn 0.039485 0.050812 -0.076544
vn 0.048655 0.044799 -0.075005
vn 0.053696 0.048186 -0.069245
vn 0.060233 0.050307 -0.061978
vn 0.06786 0.051219 -0.052646
vn 0.076045 0.050594 -0.040711
vn 0.03512 0.061228 -0.070836
vn 0.047216 0.052694 -0.070669
vn 0.053002 0.055593 -0.064033
vn 0.060178 0.057392 -0.055541
vn 0.068212 0.057975 -0.044565
vn 0.076392 0.056878 -0.030484
vn 0.045343 0.060397 -0.065545
vn 0.029889 0.070751 -0.064038
vn 0.042918 0.067902 -0.05956
vn 0.023666 0.07939 -0.05601
vn 0.039893 0.075218 -0.052449
vn 0.020278 0.083314 -0.051455
vn 0.039077 0.081132 -0.043482
vn 0.016714 0.0869 -0.046574
vn 0.059384 0.070913 -0.038012
vn 0.050023 0.070363 -0.050465
vn 0.051811 0.062992 -0.057858
vn 0.059537 0.064565 -0.04782
vn 0.05217 0.01275 -0.084355
vn 0.051551 0.007172 -0.085388
vn 0.054216 0.011302 -0.083264
vn 0.053263 0.006349 -0.084396
vn 0.052797 0.018022 -0.082992
vn 0.055262 0.015978 -0.081797
vn 0.056777 0.022912 -0.079066
vn 0.060446 0.006643 -0.079386
vn 0.062659 0.009368 -0.07737
vn 0.066309 0.013545 -0.073618
vn 0.069914 0.017688 -0.069276
vn 0.073389 0.021939 -0.064287
vn 0.076627 0.026333 -0.058608
vn 0.065076 0.007027 -0.075603
vn 0.072168 0.006811 -0.068887
vn 0.069326 0.010193 -0.071345
vn 0.073525 0.013328 -0.066457
vn 0.077583 0.016566 -0.060881
vn 0.081366 0.019925 -0.054612
vn 0.084785 0.023521 -0.04752
vn 0.076848 0.008907 -0.063365
vn 0.081334 0.011081 -0.057113
vn 0.085473 0.013338 -0.050165
vn 0.089158 0.015792 -0.042443
vn 0.092314 0.018421 -0.033747
vn 0.008533 0.093197 -0.035234
vn 0 0.097248 -0.023299
vn 0.025999 0.092181 -0.028752
vn 0.022234 0.094814 -0.022716
vn 0.038869 0.087959 -0.027432
vn 0.04343 0.087596 -0.020993
vn 0.051086 0.082065 -0.025604
vn 0.062313 0.07606 -0.01822
vn 0.062236 0.074723 -0.023306
vn 0.072316 0.065935 -0.020566
vn 0.064307 0.071389 -0.027716
vn 0.073863 0.062841 -0.024398
vn 0.066041 0.068239 -0.031338
vn 0.075155 0.059948 -0.027532
vn 0.084069 0.049209 -0.022603
vn 0.089252 0.039752 -0.021305
vn 0.090909 0.037858 -0.017386
vn 0.095943 0.025622 -0.011769
vn 0.095724 0.026969 -0.010473
vn 0.098919 0.013669 -0.005309
vn 0.098852 0.014425 -0.004501
vn 0.1 0 0
vn 0.1 0 0
vn 0.1 0 0
vn 0.097497 0.021622 -0.005183
vn 0.09546 0.028436 -0.008872
vn 0.090077 0.042235 -0.010117
vn 0.089834 0.041938 -0.01308
vn 0.082215 0.054344 -0.016954
vn 0.083226 0.051679 -0.020068
vn 0.078212 0.060597 -0.014523
vn 0.1 0 0
vn 0.098975 0.012977 -0.005961
vn 0.097285 0.020397 -0.010934
vn 0.059384 0.070913 -0.038011
vn 0.055901 0.075348 -0.03461
vn 0.053703 0.078635 -0.030537
vn 0.044738 0.081274 -0.037323
vn 0.039077 0.081132 -0.04348
vn 0.03289 0.085819 -0.039413
vn 0.029734 0.089004 -0.034556
vn 0.090421 0.039814 -0.015457
vn 0.042055 0.084577 -0.032834
vn 0 0 -0.1
vn 0.022252 0 -0.097493
vn 0 0.014786 -0.098901
vn 0.022252 0.014415 -0.096421
vn 0 0.029247 -0.095627
vn 0.022252 0.028514 -0.09323
vn 0 0.043065 -0.090252
vn 0.022252 0.041985 -0.087989
vn 0 0.055937 -0.082892
vn 0.022252 0.054534 -0.080814
vn 0 0.067578 -0.07371
vn 0.022252 0.065884 -0.071862
vn 0 0.077734 -0.062908
vn 0.022252 0.075785 -0.061331
vn 0 0.086181 -0.050722
vn 0.022252 0.084021 -0.049451
vn 0 0.092734 -0.037422
vn 0.022252 0.090409 -0.036484
vn 0 0.097248 -0.023299
vn 0.022252 0.09481 -0.022715
vn 0.043388 0.08355 -0.033716
vn 0.043388 0.087617 -0.020992
vn 0.062349 0.072502 -0.029258
vn 0.062349 0.076031 -0.018216
vn 0.078183 0.057819 -0.023332
vn 0.078183 0.060633 -0.014527
vn 0.090097 0.040236 -0.016237
vn 0.090097 0.042194 -0.010109
vn 0.097493 0.020635 -0.008327
vn 0.097493 0.02164 -0.005185
vn 0.1 0 0
vn 0.097493 0.019177 -0.011287
vn 0.1 0 0
vn 0.097493 0.017297 -0.013998
vn 0.1 0 0
vn 0.097493 0.015038 -0.016402
vn 0.097493 0.012447 -0.018445
vn 0.090097 0.029321 -0.031982
vn 0.090097 0.02427 -0.035966
vn 0.078183 0.042134 -0.045958
vn 0.078183 0.034876 -0.051682
vn 0.062349 0.052835 -0.057629
vn 0.062349 0.043733 -0.064808
vn 0.043388 0.060886 -0.066411
vn 0.043388 0.050397 -0.074683
vn 0.043388 0 -0.090097
vn 0.043388 0.013322 -0.089107
vn 0.043388 0.026351 -0.086157
vn 0.043388 0.0388 -0.081314
vn 0.062349 0 -0.078183
vn 0.062349 0.01156 -0.077324
vn 0.062349 0.022866 -0.074765
vn 0.062349 0.03367 -0.070562
vn 0.078183 0 -0.062349
vn 0.078183 0.009219 -0.061664
vn 0.078183 0.018235 -0.059623
vn 0.078183 0.026851 -0.056271
vn 0.090097 0 -0.043388
vn 0.090097 0.006415 -0.042911
vn 0.090097 0.01269 -0.041491
vn 0.090097 0.018685 -0.039159
vn 0.097493 0 -0.022252
vn 0.097493 0.00329 -0.022008
vn 0.097493 0.006508 -0.021279
vn 0.097493 0.009583 -0.020083
vn 0.1 0 0
vn 0.1 0 0
vn 0.1 0 0
vn 0.1 0 0
vn 0.090097 0.033728 -0.027295
vn 0.090097 0.037393 -0.022008
vn 0.078183 0.048467 -0.039222
vn 0.078183 0.053733 -0.031625
vn 0.062349 0.060775 -0.049183
vn 0.062349 0.067379 -0.039656
vn 0.043388 0.070036 -0.056678
vn 0.043388 0.077647 -0.045699
vn 0 0 -0.1
vn 0.022252 0 -0.097493
vn 0.022252 0 -0.097493
vn 0.043388 0 -0.090097
vn 0.043388 0 -0.090097
vn 0.062349 0 -0.078183
vn 0.062349 0 -0.078183
vn 0.078183 0 -0.062349
vn 0.078183 0 -0.062349
vn 0.090097 0 -0.043388
vn 0.090097 0 -0.043388
vn 0.097493 0 -0.022252
vn 0.097493 0 -0.022252
vn 0.1 0 0
vn 0 -0.1 0
vn 0.022252 -0.097493 0
vn 0 -0.098982 -0.014231
vn 0.022252 -0.0965 -0.013875
vn 0 -0.095949 -0.028173
vn 0.022252 -0.093544 -0.027467
vn 0 -0.090963 -0.041542
vn 0.022252 -0.088683 -0.0405
vn 0 -0.084125 -0.054064
vn 0.022252 -0.082016 -0.052709
vn 0 -0.075575 -0.065486
vn 0.022252 -0.07368 -0.063844
vn 0 -0.065486 -0.075575
vn 0.022252 -0.063844 -0.07368
vn 0 -0.054064 -0.084125
vn 0.022252 -0.052709 -0.082016
vn 0 -0.041542 -0.090963
vn 0.022252 -0.0405 -0.088683
vn 0 -0.028173 -0.095949
vn 0.022252 -0.027467 -0.093544
vn 0 -0.014231 -0.098982
vn 0.022252 -0.013875 -0.0965
vn 0.043388 -0.012822 -0.08918
vn 0.062349 -0.011127 -0.077387
vn 0.078183 -0.008873 -0.061714
vn 0.090097 -0.006175 -0.042947
vn 0.097493 -0.003167 -0.022026
vn 0.1 0 0
vn 0.097493 -0.006269 -0.021351
vn 0.1 0 0
vn 0.097493 -0.009244 -0.020241
vn 0.1 0 0
vn 0.097493 -0.01203 -0.01872
vn 0.1 0 0
vn 0.097493 -0.014572 -0.016817
vn 0.097493 -0.016817 -0.014572
vn 0.090097 -0.028413 -0.032791
vn 0.090097 -0.032791 -0.028413
vn 0.078183 -0.04083 -0.04712
vn 0.078183 -0.04712 -0.04083
vn 0.062349 -0.051199 -0.059087
vn 0.062349 -0.059087 -0.051199
vn 0.043388 -0.059001 -0.068091
vn 0.043388 -0.068091 -0.059001
vn 0.043388 -0.090097 0
vn 0.043388 -0.08918 -0.012822
vn 0.043388 -0.086447 -0.025383
vn 0.043388 -0.081955 -0.037428
vn 0.043388 -0.075794 -0.04871
vn 0.062349 -0.078183 0
vn 0.062349 -0.077387 -0.011127
vn 0.062349 -0.075016 -0.022027
vn 0.062349 -0.071118 -0.032478
vn 0.062349 -0.065772 -0.042269
vn 0.078183 -0.062349 0
vn 0.078183 -0.061714 -0.008873
vn 0.078183 -0.059823 -0.017566
vn 0.078183 -0.056715 -0.025901
vn 0.078183 -0.052451 -0.033708
vn 0.090097 -0.043388 0
vn 0.090097 -0.042947 -0.006175
vn 0.090097 -0.041631 -0.012224
vn 0.090097 -0.039467 -0.018024
vn 0.090097 -0.036501 -0.023458
vn 0.097493 -0.022252 0
vn 0.097493 -0.022026 -0.003167
vn 0.097493 -0.021351 -0.006269
vn 0.097493 -0.020241 -0.009244
vn 0.097493 -0.01872 -0.01203
vn 0.1 0 0
vn 0.1 0 0
vn 0.1 0 0
vn 0.1 0 0
vn 0.1 0 0
vn 0.090097 -0.023458 -0.036501
vn 0.090097 -0.018024 -0.039467
vn 0.090097 -0.012224 -0.041631
vn 0.078183 -0.033708 -0.052451
vn 0.078183 -0.025901 -0.056715
vn 0.078183 -0.017566 -0.059823
vn 0.062349 -0.042269 -0.065772
vn 0.062349 -0.032478 -0.071118
vn 0.062349 -0.022027 -0.075016
vn 0.043388 -0.04871 -0.075794
vn 0.043388 -0.037428 -0.081955
vn 0.043388 -0.025383 -0.086447
vn 0.022252 -0.097493 0
vn 0.022252 -0.097493 0
vn 0 -0.1 0
vn 0.022252 -0.097493 0
vn 0.022252 -0.097493 0
vn 0.043388 -0.090097 0
vn 0.043388 -0.090097 0
vn 0.062349 -0.078183 0
vn 0.078183 -0.062349 0
vn 0.090097 -0.043388 0
vn 0.097493 -0.022252 0
vn 0.097493 -0.022252 0
vn 0.097493 -0.022252 0
vn 0.090097 -0.043388 0
vn 0.090097 -0.043388 0
vn 0.078183 -0.062349 0
vn 0.078183 -0.062349 0
vn 0.062349 -0.078183 0
vn 0.062349 -0.078183 0
vn 0.043388 -0.090097 0
vn 0.043388 -0.090097 0
vn 0.090097 -0.043388 0
vn 0.097493 -0.022252 0
vn 0.1 0 0
vn 0.097493 -0.022252 0
vn 0.022252 -0.097493 0
vn 0.043388 -0.090097 0
vn 0.062349 -0.078183 0
vn 0.078183 -0.062349 0
vn 0.062349 -0.078183 0
vn 0.078183 -0.062349 0
vn 0.090097 -0.043388 0
vn 0 0 0.1
vn 0.022252 0 0.097493
vn 0 -0.014231 0.098982
vn 0.022252 -0.013875 0.0965
vn 0 -0.028173 0.095949
vn 0.022252 -0.027467 0.093544
vn 0 -0.041542 0.090963
vn 0.022252 -0.0405 0.088683
vn 0 -0.054064 0.084125
vn 0.022252 -0.052709 0.082016
vn 0 -0.065486 0.075575
vn 0.022252 -0.063844 0.07368
vn 0 -0.075575 0.065486
vn 0.022252 -0.07368 0.063844
vn 0 -0.084125 0.054064
vn 0.022252 -0.082016 0.052709
vn 0 -0.090963 0.041542
vn 0.022252 -0.088683 0.0405
vn 0 -0.095949 0.028173
vn 0.022252 -0.093544 0.027467
vn 0 -0.098982 0.014231
vn 0.022252 -0.0965 0.013875
vn 0.043388 -0.08918 0.012822
vn 0.062349 -0.077387 0.011127
vn 0.078183 -0.061714 0.008873
vn 0.090097 -0.042947 0.006175
vn 0.097493 -0.022026 0.003167
vn 0.1 0 0
vn 0.097493 -0.021351 0.006269
vn 0.1 0 0
vn 0.097493 -0.020241 0.009244
vn 0.1 0 0
vn 0.097493 -0.01872 0.01203
vn 0.1 0 0
vn 0.097493 -0.016817 0.014572
vn 0.097493 -0.014572 0.016817
vn 0.090097 -0.032791 0.028413
vn 0.090097 -0.028413 0.032791
vn 0.078183 -0.04712 0.04083
vn 0.078183 -0.04083 0.04712
vn 0.062349 -0.059087 0.051199
vn 0.062349 -0.051199 0.059087
vn 0.043388 -0.068091 0.059001
vn 0.043388 -0.059001 0.068091
vn 0.043388 0 0.090097
vn 0.043388 -0.012822 0.08918
vn 0.043388 -0.025383 0.086447
vn 0.043388 -0.037428 0.081955
vn 0.043388 -0.04871 0.075794
vn 0.062349 0 0.078183
vn 0.062349 -0.011127 0.077387
vn 0.062349 -0.022027 0.075016
vn 0.062349 -0.032478 0.071118
vn 0.062349 -0.042269 0.065772
vn 0.078183 0 0.062349
vn 0.078183 -0.008873 0.061714
vn 0.078183 -0.017566 0.059823
vn 0.078183 -0.025901 0.056715
vn 0.078183 -0.033708 0.052451
vn 0.090097 0 0.043388
vn 0.090097 -0.006175 0.042947
vn 0.090097 -0.012224 0.041631
vn 0.090097 -0.018024 0.039467
vn 0.090097 -0.023458 0.036501
vn 0.097493 0 0.022252
vn 0.097493 -0.003167 0.022026
vn 0.097493 -0.006269 0.021351
vn 0.097493 -0.009244 0.020241
vn 0.097493 -0.01203 0.01872
vn 0.1 0 0
vn 0.1 0 0
vn 0.1 0 0
vn 0.1 0 0
vn 0.1 0 0
vn 0.090097 -0.036501 0.023458
vn 0.090097 -0.039467 0.018024
vn 0.090097 -0.041631 0.012224
vn 0.078183 -0.052451 0.033708
vn 0.078183 -0.056715 0.025901
vn 0.078183 -0.059823 0.017566
vn 0.062349 -0.065772 0.042269
vn 0.062349 -0.071118 0.032478
vn 0.062349 -0.075016 0.022027
vn 0.043388 -0.075794 0.04871
vn 0.043388 -0.081955 0.037428
vn 0.043388 -0.086447 0.025383
vn 0 0 0.1
vn 0.022252 0 0.097493
vn 0.022252 0 0.097493
vn 0.043388 0 0.090097
vn 0.043388 0 0.090097
vn 0.062349 0 0.078183
vn 0.062349 0 0.078183
vn 0.078183 0 0.062349
vn 0.078183 0 0.062349
vn 0.090097 0 0.043388
vn 0.090097 0 0.043388
vn 0.097493 0 0.022252
vn 0.097493 0 0.022252
vn 0.1 0 0
vn 0 0.097248 0.023299
vn 0.022252 0.09481 0.022715
vn 0 0.092734 0.037422
vn 0.022252 0.090409 0.036484
vn 0 0.086181 0.050722
vn 0.022252 0.084021 0.049451
vn 0 0.077734 0.062908
vn 0.022252 0.075785 0.061331
vn 0 0.067578 0.07371
vn 0.022252 0.065884 0.071862
vn 0 0.055937 0.082892
vn 0.022252 0.054534 0.080814
vn 0 0.043065 0.090252
vn 0.022252 0.041985 0.087989
vn 0 0.029247 0.095627
vn 0.022252 0.028514 0.09323
vn 0 0.014786 0.098901
vn 0.022252 0.014415 0.096421
vn 0.043388 0.013322 0.089107
vn 0.062349 0.01156 0.077324
vn 0.078183 0.009219 0.061664
vn 0.090097 0.006415 0.042911
vn 0.097493 0.00329 0.022008
vn 0.1 0 0
vn 0.097493 0.006508 0.021279
vn 0.1 0 0
vn 0.097493 0.009583 0.020083
vn 0.1 0 0
vn 0.097493 0.012447 0.018445
vn 0.097493 0.015038 0.016402
vn 0.090097 0.02427 0.035966
vn 0.090097 0.029321 0.031982
vn 0.078183 0.034876 0.051682
vn 0.078183 0.042134 0.045958
vn 0.062349 0.043733 0.064808
vn 0.062349 0.052835 0.057629
vn 0.043388 0.050397 0.074683
vn 0.043388 0.060886 0.066411
vn 0.043388 0.087617 0.020992
vn 0.043388 0.08355 0.033716
vn 0.043388 0.077647 0.045699
vn 0.043388 0.070036 0.056678
vn 0.062349 0.076031 0.018216
vn 0.062349 0.072502 0.029258
vn 0.062349 0.067379 0.039656
vn 0.062349 0.060775 0.049183
vn 0.078183 0.060633 0.014527
vn 0.078183 0.057819 0.023332
vn 0.078183 0.053733 0.031625
vn 0.078183 0.048467 0.039222
vn 0.090097 0.042194 0.010109
vn 0.090097 0.040236 0.016237
vn 0.090097 0.037393 0.022008
vn 0.090097 0.033728 0.027295
vn 0.097493 0.02164 0.005185
vn 0.097493 0.020635 0.008327
vn 0.097493 0.019177 0.011287
vn 0.097493 0.017297 0.013998
vn 0.1 0 0
vn 0.1 0 0
vn 0.1 0 0
vn 0.1 0 0
vn 0.090097 0.018685 0.039159
vn 0.090097 0.01269 0.041491
vn 0.078183 0.026851 0.056271
vn 0.078183 0.018235 0.059623
vn 0.062349 0.03367 0.070562
vn 0.062349 0.022866 0.074765
vn 0.043388 0.0388 0.081314
vn 0.043388 0.026351 0.086157
vn 0.097497 0.021622 0.005183
vn 0.1 0 0
vn 0.09765 0.020572 0.006419
vn 0.1 0 0
vn 0.097787 0.019501 0.007574
vn 0.1 0 0
vn 0.097901 0.01852 0.008508
vn 0.1 0 0
vn 0.097285 0.020397 0.010934
vn 0.094477 0.029783 0.013679
vn 0.089252 0.039752 0.021305
vn 0.089461 0.040607 0.018649
vn 0.083018 0.050661 0.02327
vn 0.082122 0.053192 0.020656
vn 0.073863 0.062841 0.024398
vn 0.072316 0.065935 0.020566
vn 0.060629 0.075917 0.02368
vn 0.062313 0.07606 0.01822
vn 0.04343 0.087596 0.020993
vn 0.093821 0.033036 0.010306
vn 0.090077 0.042235 0.010117
vn 0.088219 0.044954 0.014021
vn 0.078212 0.060597 0.014523
vn 0.081047 0.05592 0.017447
vn 0.022234 0.094814 0.022716
vn 0.034132 0.089733 0.027983
vn 0.047998 0.083746 0.026129
vn 0.062781 0.07256 0.028172
vn 0.075155 0.059948 0.027532
vn 0.076392 0.056878 0.030484
vn 0.01963 0.093605 0.029203
vn 0.008533 0.093197 0.035234
vn 0.016714 0.0869 0.046574
vn 0.026989 0.0875 0.040191
vn 0.023615 0.090582 0.035175
vn 0.037528 0.086409 0.033543
vn 0.050762 0.080315 0.031189
vn 0.039077 0.081132 0.04348
vn 0.04039 0.083134 0.038175
vn 0.053084 0.077011 0.035374
vn 0.059384 0.070913 0.038011
vn 0.064583 0.069381 0.031864
vn 0.088897 0.042692 0.016575
vn 0.094179 0.03134 0.012169
vn 0.046882 5e-05 0.088329
vn 0.046969 0.00011 0.088283
vn 0.046959 0.003935 0.088201
vn 0.052547 0.002595 0.085042
vn 0.048775 0.00425 0.087195
vn 0.05058 0.003793 0.086181
vn 0.048906 0.008415 0.086818
vn 0.050848 0.007506 0.08578
vn 0.048987 0.014934 0.085891
vn 0.051326 0.013339 0.08478
vn 0.048937 0.02109 0.084619
vn 0.051777 0.018851 0.083449
vn 0.048376 0.030005 0.082216
vn 0.052169 0.026919 0.080955
vn 0.047364 0.038571 0.079177
vn 0.052232 0.034751 0.077873
vn 0.045784 0.046821 0.075575
vn 0.05186 0.042425 0.074234
vn 0.043733 0.054901 0.071227
vn 0.051096 0.050063 0.069878
vn 0.041221 0.06269 0.066112
vn 0.049931 0.057611 0.064714
vn 0.038127 0.070164 0.060195
vn 0.048246 0.06508 0.058625
vn 0.034438 0.077348 0.05321
vn 0.045961 0.072459 0.051354
vn 0.039077 0.081132 0.043482
vn 0.056825 0.066354 0.048662
vn 0.059384 0.070913 0.038012
vn 0.066699 0.05923 0.0452
vn 0.076045 0.050594 0.040711
vn 0.074856 0.044474 0.049181
vn 0.081053 0.037252 0.045197
vn 0.078622 0.032161 0.052765
vn 0.083485 0.025521 0.048775
vn 0.080175 0.021639 0.055712
vn 0.084051 0.01576 0.051836
vn 0.080019 0.013096 0.058528
vn 0.083138 0.008135 0.054972
vn 0.078492 0.006539 0.061613
vn 0.08452 -2e-06 0.053446
vn 0.078766 -2e-06 0.061612
vn 0.073609 0.005003 0.067503
vn 0.072586 -5.4e-05 0.068784
vn 0.068601 0.003419 0.072679
vn 0.069584 1.8e-05 0.07182
vn 0.065586 0.002469 0.075448
vn 0.066774 0 0.074439
vn 0.063806 0.003953 0.076897
vn 0.061978 0.005434 0.07829
vn 0.064448 0.007648 0.076079
vn 0.062259 0.00975 0.077645
vn 0.065804 0.014089 0.073969
vn 0.062922 0.017069 0.075825
vn 0.065773 0.022245 0.071966
vn 0.061331 0.026701 0.074334
vn 0.063085 0.032898 0.070271
vn 0.057648 0.037766 0.07246
vn 0.058077 0.044806 0.067967
vn 0.052363 0.003334 0.085129
vn 0.057825 0.002924 0.081534
vn 0.052762 0.006591 0.084692
vn 0.054645 0.005674 0.083557
vn 0.053619 0.011731 0.083591
vn 0.05586 0.010112 0.082325
vn 0.054545 0.016585 0.082157
vn 0.057232 0.014296 0.080747
vn 0.055833 0.02376 0.079487
vn 0.059351 0.020544 0.077817
vn 0.0569 0.030784 0.076255
vn 0.059856 0.003033 0.08005
vn 0.058247 0.003865 0.081193
vn 0.056612 0.004696 0.082299
vn 0.058184 0.008382 0.080897
vn 0.089642 -6.1e-05 0.044321
vn 0.087378 0.009791 0.047636
vn 0.087668 0.018639 0.04435
vn 0.086365 0.029667 0.040755
vn 0.082884 0.042551 0.036327
vn 0.09389 -4.2e-05 0.034419
vn 0.091103 0.011617 0.039564
vn 0.09079 0.021723 0.035851
vn 0.088611 0.034001 0.031495
vn 0.09714 -1e-06 0.023745
vn 0.094236 0.013569 0.030587
vn 0.093223 0.02495 0.026211
vn 0.089252 0.03975 0.021309
vn 0.099251 -2.4e-05 0.012213
vn 0.096601 0.015605 0.020611
vn 0.097285 0.020397 0.010932
vn 0.020278 0.083314 0.051455
vn 0.023666 0.07939 0.05601
vn 0.029889 0.070751 0.064038
vn 0.03512 0.061228 0.070836
vn 0.039485 0.050812 0.076544
vn 0.042951 0.039807 0.081059
vn 0.045351 0.028 0.084613
vn 0.046189 0.021734 0.085989
vn 0.046696 0.015019 0.087143
vn 0.046958 0.007836 0.087941
vn 0.060104 0.006911 0.079623
vn 0.066564 0.005536 0.074422
vn 0.071152 0.00805 0.069804
vn 0.07567 0.010529 0.064523
vn 0.059996 0.011842 0.079122
vn 0.068547 0.011083 0.071962
vn 0.0693 0.018393 0.069708
vn 0.068464 0.02751 0.067497
vn 0.064573 0.039212 0.065519
vn 0.058162 0.051904 0.062635
vn 0.0726 0.014488 0.067226
vn 0.076518 0.017999 0.061815
vn 0.072666 0.022804 0.064805
vn 0.07092 0.03292 0.062342
vn 0.065752 0.045689 0.05991
vn 0.057788 0.059101 0.056282
vn 0.075797 0.027359 0.059213
vn 0.073083 0.038557 0.056323
vn 0.066517 0.052382 0.053213
vn 0.04687 1e-06 0.088336
vn 0.046956 0.004008 0.088199
vn 0.04687 0 0.088336
vn 0.046957 0.007892 0.087936
vn 0.046515 0.011051 0.087831
vn 0.046709 0.015103 0.087122
vn 0.046165 0.021719 0.086006
vn 0.045601 0.021864 0.08627
vn 0.045351 0.027952 0.084628
vn 0.043654 0.035216 0.08279
vn 0.04294 0.039811 0.081063
vn 0.042707 0.033456 0.084005
vn 0.039704 0.045648 0.079623
vn 0.042037 0.032033 0.084893
vn 0.038904 0.043769 0.08106
vn 0.041416 0.030561 0.085736
vn 0.038165 0.041813 0.082432
vn 0.04061 0.031347 0.085838
vn 0.038295 0.038643 0.083906
vn 0.035732 0.045553 0.081536
vn 0.034376 0.052363 0.077952
vn 0.032932 0.052094 0.078751
vn 0.030066 0.062206 0.072294
vn 0.029897 0.058291 0.075554
vn 0.026647 0.064299 0.071802
vn 0.023224 0.069447 0.068102
vn 0.023912 0.069063 0.068253
vn 0.021149 0.073419 0.064516
vn 0.021807 0.076677 0.060375
vn 0.018885 0.080742 0.055893
vn 0.019474 0.083489 0.051481
vn 0.016715 0.086896 0.046579
vn 0.020305 0.083278 0.051502
vn 0.022465 0.079461 0.056403
vn 0.023696 0.079375 0.056019
vn 0.025341 0.075053 0.061032
vn 0.029873 0.070752 0.064044
vn 0.028164 0.070141 0.065476
vn 0.030855 0.064823 0.069613
vn 0.039536 0.050852 0.076492
vn 0.036032 0.056927 0.073898
vn 0.03517 0.0547 0.075967
vn 0.035186 0.061134 0.070884
vn 0.031711 0.06729 0.066832
vn 0.01637 0.087132 0.04626
vn 0.008533 0.093199 0.03523
vn 0.012769 0.087807 0.046118
vn 0.00963 0.090724 0.040943
vn 0.012351 0.0847 0.051704
vn 0.009308 0.087771 0.047007
vn 0.008104 0.086367 0.04975
vn 0.006232 0.090478 0.04213
vn 0.003127 0.092823 0.037069
vn 0.003242 0.095315 0.030077
vn -3e-06 0.094981 0.031283
vn 4e-06 0.097248 0.023297
vn 0.006452 0.093227 0.035597
vn 3e-06 0.09199 0.039215
vn 0.015912 0.078821 0.059448
vn 0.015355 0.081262 0.05622
vn 0.015863 0.084469 0.051121
vn 0.018296 0.077486 0.060507
vn 0.042636 0.023783 0.087272
vn 0.044044 0.01891 0.087764
vn 0.044477 0.019841 0.087339
vn 0.044943 0.020743 0.08689
vn 0.044358 0.016028 0.088179
vn 0.045662 0.009532 0.088454
vn 0.0459 0.010009 0.088278
vn 0.046155 0.010473 0.088091
vn 0.045769 0.008104 0.088541
vn 0.04687 3e-06 0.088336
vn 0.04687 1e-06 0.088336
vn 0.04687 0 0.088336
vn 0.04687 1e-06 0.088336
vn 0.024626 0.072277 0.064572
vn 0.027404 0.06742 0.068582
vn 0 0.094981 0.031281
vn 0 0.091989 0.039217
vn 0 0.085307 0.05218
vn 0 0.076809 0.064034
vn 0 0.066678 0.074525
vn 0 0.055129 0.083432
vn 0 0.042406 0.090563
vn 0 0.028782 0.095768
vn 0 0.014546 0.098936
vn 0 0 0.1
vn 0 0 0.1
vn 0 -0.014231 0.098982
vn 0 -0.028173 0.095949
vn 0 -0.041542 0.090963
vn 0 -0.054064 0.084125
vn 0 -0.065486 0.075575
vn 0 -0.075575 0.065486
vn 0 -0.084125 0.054064
vn 0 -0.090963 0.041542
vn 0 -0.095949 0.028173
vn 0 -0.098982 0.014231
vn 0 -0.1 0
vn 0 -0.1 0
vn 0 -0.098982 -0.014231
vn 0 -0.095949 -0.028173
vn 0 -0.090963 -0.041542
vn 0 -0.084125 -0.054064
vn 0 -0.075575 -0.065486
vn 0 -0.065486 -0.075575
vn 0 -0.054064 -0.084125
vn 0 -0.041542 -0.090963
vn 0 -0.028173 -0.095949
vn 0 -0.014231 -0.098982
vn 0 0 -0.1
vn 0 0 -0.1
vn 0 0.014546 -0.098936
vn 0 0.028782 -0.095768
vn 0 0.042406 -0.090563
vn 0 0.055129 -0.083432
vn 0 0.066678 -0.074525
vn 0 0.076809 -0.064034
vn 0 0.085307 -0.05218
vn 0 0.091989 -0.039217
vn 0 0.094981 -0.031281
vn 0 0.097248 -0.023299
vn 0.008533 0.093199 -0.03523
vn 0.006529 0.094066 -0.0333
vn 4e-06 0.097248 -0.023297
vn 0.003189 0.094302 -0.033119
vn -3e-06 0.094981 -0.031283
vn 0.003102 0.092207 -0.038577
vn 3e-06 0.09199 -0.039215
vn 0.006184 0.089814 -0.043533
vn 0.008105 0.086366 -0.049751
vn 0.009238 0.087071 -0.048304
vn 0.01226 0.083976 -0.052894
vn 0.012578 0.086514 -0.04855
vn 0.015631 0.083129 -0.053341
vn 0.016042 0.085507 -0.049306
vn 0.019093 0.08181 -0.054245
vn 0.016715 0.086896 -0.046579
vn 0.020305 0.083278 -0.051502
vn 0.009742 0.091649 -0.038802
vn 0.012916 0.088798 -0.044137
vn 0.023696 0.079375 -0.056019
vn 0.022602 0.080032 -0.055534
vn 0.022039 0.077758 -0.05889
vn 0.018615 0.079379 -0.057901
vn 0.015244 0.080524 -0.057302
vn 0.015914 0.078819 -0.059451
vn 0.025489 0.07563 -0.060254
vn 0.029873 0.070752 -0.064044
vn 0.028327 0.070702 -0.064798
vn 0.031029 0.065356 -0.069034
vn 0.027677 0.068466 -0.067427
vn 0.030354 0.063201 -0.071304
vn 0.027063 0.0661 -0.069989
vn 0.029716 0.060934 -0.073512
vn 0.029916 0.058253 -0.075575
vn 0.034021 0.051241 -0.078848
vn 0.032955 0.052045 -0.078774
vn 0.035755 0.045495 -0.081559
vn 0.038431 0.042565 -0.081922
vn 0.037833 0.040887 -0.083048
vn 0.041638 0.031137 -0.085421
vn 0.038316 0.038581 -0.083925
vn 0.040631 0.031275 -0.085855
vn 0.041136 0.029876 -0.086112
vn 0.042653 0.023715 -0.087283
vn 0.044197 0.019288 -0.087605
vn 0.044568 0.020062 -0.087242
vn 0.04595 0.010123 -0.088239
vn 0.046167 0.010511 -0.08808
vn 0.04687 0 -0.088336
vn 0.04687 1e-06 -0.088336
vn 0.0464 0.010891 -0.087912
vn 0.04687 0 -0.088336
vn 0.046648 0.011262 -0.087733
vn 0.046956 0.004008 -0.088199
vn 0.046957 0.007892 -0.087936
vn 0.046709 0.015103 -0.087122
vn 0.046165 0.021719 -0.086006
vn 0.045841 0.022274 -0.086037
vn 0.045351 0.027952 -0.084628
vn 0.045388 0.021554 -0.08646
vn 0.043348 0.034705 -0.083166
vn 0.042737 0.033547 -0.083953
vn 0.039743 0.045754 -0.079543
vn 0.039063 0.044185 -0.080757
vn 0.035343 0.055186 -0.075534
vn 0.034664 0.053254 -0.077217
vn 0.031756 0.06741 -0.066689
vn 0.035186 0.061134 -0.070884
vn 0.036075 0.057043 -0.073789
vn 0.039536 0.050852 -0.076492
vn 0.040474 0.047274 -0.078275
vn 0.04294 0.039811 -0.081063
vn 0.04687 1e-06 -0.088336
vn 0.04687 1e-06 -0.088336
vn 0.045747 0.009726 -0.088389
vn 0.044364 0.015994 -0.088182
vn 0.04687 3e-06 -0.088336
vn 0.045771 0.008096 -0.088541
vn 0.023232 0.069434 -0.068111
vn 0.024299 0.070928 -0.066173
vn 0.024878 0.073354 -0.063248
vn 0.021005 0.072686 -0.065387
vn 0.021505 0.07531 -0.062176
vn 0.018167 0.076746 -0.061482
vn 0.009483 0.089502 -0.043583
vn 0.006352 0.092098 -0.038441
vn 0.042169 0.032359 -0.084704
vn 0.044964 0.020817 -0.086861
vn 0.069553 0 -0.07185
vn 0.066774 0 -0.074439
vn 0.072605 0 -0.068764
vn 0.074205 0 -0.067034
vn 0.078758 0 -0.061621
vn 0.080819 0 -0.058892
vn 0.084518 0 -0.053448
vn 0.086544 0 -0.050101
vn 0.089611 0 -0.044383
vn 0.091317 0 -0.040759
vn 0.093872 0 -0.034469
vn 0.095084 0 -0.030968
vn 0.09714 0 -0.023744
vn 0.097805 0 -0.020837
vn 0.099249 0 -0.012233
vn 0.09945 0 -0.010476
vn 0.1 0 0
vn 0.04687 0 -0.088336
vn 0.04687 0 -0.088336
vn 0.04687 0 -0.088336
vn 0.04687 0 -0.088336
vn 0.04687 0 -0.088336
vn 0.04687 0 -0.088336
vn 0.04687 0 -0.088336
vn 0.04687 0 -0.088336
vn 0.04687 0 -0.088336
vn 0.04687 0 -0.088336
vn 0.04687 0 -0.088336
vn 0.04687 0 -0.088336
vn 0.1 0 0
vn 0.09945 0 0.010476
vn 0.099249 0 0.012233
vn 0.097805 0 0.020837
vn 0.09714 0 0.023744
vn 0.095084 0 0.030968
vn 0.093872 0 0.034469
vn 0.091317 0 0.040759
vn 0.089611 0 0.044383
vn 0.086544 0 0.050101
vn 0.084518 0 0.053448
vn 0.080819 0 0.058892
vn 0.078758 0 0.061621
vn 0.074205 0 0.067034
vn 0.072605 0 0.068764
vn 0.066774 0 0.074439
vn 0.069553 0 0.07185
vn 0.04687 0 0.088336
vn 0.04687 0 0.088336
vn 0.04687 0 0.088336
vn 0.04687 0 0.088336
vn 0.04687 0 0.088336
vn 0.04687 0 0.088336
vn 0.04687 0 0.088336
vn 0.04687 0 0.088336
vn 0.04687 0 0.088336
vn 0.04687 0 0.088336
vn 0.04687 0 0.088336
vn 0.04687 0 0.088336
vn 0.1 0 0
vn 0.09945 -0.010476 0
vn 0.098982 -0.014231 0
vn 0.097805 -0.020837 0
vn 0.095949 -0.028173 0
vn 0.095084 -0.030968 0
vn 0.090963 -0.041542 0
vn 0.091317 -0.040759 0
vn 0.086544 -0.050101 0
vn 0.084125 -0.054064 0
vn 0.080819 -0.058892 0
vn 0.075575 -0.065486 0
vn 0.074205 -0.067034 0
vn 0.066774 -0.074439 0
vn 0.065486 -0.075575 0
vn 0.055215 -0.083375 0
vn 0.054064 -0.084125 0
vn 0.042477 -0.09053 0
vn 0.041542 -0.090963 0
vn 0.028832 -0.095754 0
vn 0.028173 -0.095949 0
vn 0.014571 -0.098933 0
vn 0.014231 -0.098982 0
vn 0 -0.1 0
vn 0 -0.1 0
vn 0.1 0 0
vn 0.1 0 0
vn 0.1 0 0
vn 0.1 0 0
vn 0.1 0 0
vn 0.1 0 0
vn 0.1 0 0
vn 0.1 0 0
vn 0.1 0 0
vn 0.1 0 0
vn 0.1 0 0
vn 0.1 0 0
vn 0.1 0 0
vn 0.1 0 0
vn 0.1 0 0
vn 0.1 0 0
vn 0.1 0 0
vn 0.1 0 0
vn 0.1 0 0
vn 0.1 0 0
vn 0.1 0 0
vn 0.1 0 0
vn 0.1 0 0
vn 0.1 0 0
vn 0.1 0 0
vn 0.1 0 0
vn 0.1 0 0
vn 0.1 0 0
vn 0.1 0 0
vn 0.1 0 0
vn 0.1 0 0
vn 0.1 0 0
vn 0.1 0 0
vn 0.1 0 0
vn 0.1 0 0
vn 0.1 0 0
vn 0.1 0 0
vn 0.1 0 0
vn 0.1 0 0
vn 0.1 0 0
vn 0.1 0 0
vn 0.1 0 0
vn 0.1 0 0
vn 0.1 0 0
vn 0.1 0 0
vn 0.1 0 0
vn 0.1 0 0
vn 0.1 0 0
vn 0.1 0 0
vn 0.1 0 0
vn 0.1 0 0
vn 0.1 0 0
vn 0.1 0 0
vn 0.1 0 0
vn 0.1 0 0
vn 0.1 0 0
vn 0.1 0 0
vn 0.1 0 0
vn 0.1 0 0
vn 0.1 0 0
vn 0.1 0 0
vn 0.1 0 0
vn 0.1 0 0
vn 0.1 0 0
vn 0.1 0 0
vn 0.1 0 0
vn 0.1 0 0
vn 0.1 0 0
vn 0.1 0 0
vn 0.1 0 0
vn 0.1 0 0
vn 0.074205 -0.067034 0
vn 0.066774 -0.074439 0
vn 0.065486 -0.075575 0
vn 0.055215 -0.083375 0
vn 0.054064 -0.084125 0
vn 0.042477 -0.09053 0
vn 0.041542 -0.090963 0
vn 0.028832 -0.095754 0
vn 0.028173 -0.095949 0
vn 0.014571 -0.098933 0
vn 0.014231 -0.098982 0
vn 0 -0.1 0
vn 0 -0.1 0
vn 0.075575 -0.065486 0
vn 0.080819 -0.058892 0
vn 0.084125 -0.054064 0
vn 0.086544 -0.050101 0
vn 0.090963 -0.041542 0
vn 0.091317 -0.040759 0
vn 0.095084 -0.030968 0
vn 0.095949 -0.028173 0
vn 0.097805 -0.020837 0
vn 0.098982 -0.014231 0
vn 0.09945 -0.010476 0
vn 0 -0.1 0
vn 0 -0.1 0
vn 0 -0.1 0
vn 0 -0.1 0
vn 0 -0.1 0
vn 0 -0.1 0
vn 0 -0.1 0
vn 0 -0.1 0
vn 0 -0.1 0
vn 0 -0.1 0
vn 0 -0.1 0
vn 0 -0.1 0
vn 0 -0.1 0
vn 0 -0.1 0
vn 0 -0.1 0
vn 0 -0.1 0
vn 0 -0.1 0
vn 0 -0.1 0
vn 0 -0.1 0
vn 0 -0.1 0
vn 0 -0.1 0
vn 0 -0.1 0
vn 0 -0.1 0
vn 0 -0.1 0
vn 0 -0.1 0
vn 0 -0.1 0
vn 0 -0.1 0
vn 0 -0.1 0
vn 0 -0.1 0
vn 0 -0.1 0
vn 0 -0.1 0
vn 0 -0.1 0
vn 0 -0.1 0
vn 0 -0.1 0
vn 0 -0.1 0
vn 0 -0.1 0
vn 0 -0.1 0
vn 0 -0.1 0
vn 0 -0.1 0
vn 0 -0.1 0
vn 0 -0.1 0
vn 0 -0.1 0
vn 0 -0.1 0
vn 0 -0.1 0
vn 0 -0.1 0
vn 0 -0.1 0
vn 0 -0.1 0
vn 0 -0.1 0
vn 0 -0.1 0
vn 0 -0.1 0
vn 0 -0.1 0
vn 0 -0.1 0
vn 0 -0.1 0
vn 0 -0.1 0
vn 0 -0.1 0
vn -0.1 0 0
vn -0.1 0 0
vn -0.1 0 0
vn -0.1 0 0
vn -0.1 0 0
vn -0.1 0 0
vn -0.1 0 0
vn -0.1 0 0
vn -0.1 0 0
vn -0.1 0 0
vn -0.1 0 0
vn -0.1 0 0
vn -0.1 0 0
vn -0.1 0 0
vn -0.1 0 0
vn -0.1 0 0
vn -0.1 0 0
vn -0.1 0 0
vn -0.1 0 0
vn -0.1 0 0
vn -0.1 0 0
vn -0.1 0 0
vn -0.1 0 0
vn -0.1 0 0
vn -0.1 0 0
vn -0.1 0 0
vn -0.1 0 0
vn -0.1 0 0
vn -0.1 0 0
vn -0.1 0 0
vn -0.1 0 0
vn -0.1 0 0
vn -0.1 0 0
vn -0.1 0 0
vn -0.1 0 0
vn -0.1 0 0
vn -0.1 0 0
vn -0.1 0 0
vn -0.1 0 0
vn -0.1 0 0
vn -0.1 0 0
vn -0.1 0 0
vn -0.1 0 0
vn -0.1 0 0
vn -0.1 0 0
vn -0.1 0 0
vn -0.1 0 0
vn -0.1 0 0
vn -0.1 0 0
vn -0.1 0 0
vn -0.1 0 0
vn -0.1 0 0
vn -0.1 0 0
vn -0.1 0 0
vn -0.1 0 0
vn -0.1 0 0
vn -0.1 0 0
vn -0.1 0 0
vn -0.1 0 0
vn -0.1 0 0
vn -0.1 0 0
vn -0.1 0 0
vn -0.1 0 0
vn -0.1 0 0
vn -0.1 0 0
vn -0.1 0 0
vn -0.1 0 0
vn -0.1 0 0
vn -0.1 0 0
vn -0.1 0 0
vn -0.1 0 0
vn -0.1 0 0
vn -0.1 0 0
vn -0.1 0 0
vn -0.1 0 0
vn -0.1 0 0
vn -0.1 0 0
vn -0.1 0 0
vn -0.1 0 0
vn -0.1 0 0
vn -0.1 0 0
vn -0.1 0 0
vn -0.1 0 0
vn -0.1 0 0
vn -0.1 0 0
vn -0.1 0 0
vn -0.1 0 0
vn -0.1 0 0
vn -0.1 0 0
vn -0.1 0 0
vn -0.1 0 0
vn -0.1 0 0
vn -0.1 0 0
vn -0.1 0 0
vn -0.1 0 0
vn -0.1 0 0
vn -0.1 0 0
vn -0.1 0 0
vn -0.1 0 0
vn -0.1 0 0
vn -0.1 0 0
vn -0.1 0 0
vn -0.1 0 0
vn -0.1 0 0
vn -0.1 0 0
vn -0.1 0 0
vn -0.1 0 0
vn -0.1 0 0
vn -0.1 0 0
vn -0.1 0 0
vn -0.1 0 0
vn -0.1 0 0
vn -0.1 0 0
vn -0.1 0 0
vn -0.1 0 0
vn -0.1 0 0
vn -0.1 0 0
vn -0.1 0 0
vn -0.1 0 0
vn -0.1 0 0
vn -0.1 0 0
vn -0.1 0 0
vn -0.1 0 0
vn -0.1 0 0
vn -0.1 0 0
vn -0.1 0 0
vn -0.1 0 0
vn -0.1 0 0
vn -0.1 0 0
vn -0.1 0 0
vn -0.1 0 0
vn -0.1 0 0
vn -0.1 0 0
vn -0.1 0 0
vn -0.1 0 0
vn -0.1 0 0
vn -0.05028 0 -0.08644
vn -0.050224 0 -0.086473
vn -0.05028 0 -0.08644
vn -0.050224 0 0.086473
vn -0.05028 0 0.08644
vn -0.05028 0 0.08644
vn 0.078919 0 0.061415
vn 0.083583 0 0.054899
vn 0.079884 0 0.060154
vn 0.083583 0 0.054899
vn 0.083633 0 0.054822
vn 0.084472 0 0.05352
vn 0.083783 0 0.054593
vn 0.08403 0 0.054212
vn 0.084371 0 0.05368
vn 0.084802 0 0.052997
vn 0.085317 0 0.052163
vn 0.085912 0 0.051178
vn 0.086573 0 0.050052
vn 0.088511 0 0.046539
vn 0.088033 0 0.047437
vn 0.089582 0 0.044441
vn 0.091189 0 0.041043
vn 0.091973 0 0.039254
vn 0.092856 0 0.037118
vn 0.094838 0 0.031714
vn 0.094424 0 0.032925
vn 0.095782 0 0.028738
vn 0.097085 0 0.023968
vn 0.097007 0 0.024281
vn 0.098069 0 0.019558
vn 0.098701 0 0.016066
vn 0.098919 0 0.014665
vn 0.099528 0 0.009702
vn 0.099675 0 0.008059
vn 0.099886 0 0.004777
vn 0.1 0 0
vn 0.1 0 0
vn 0.099886 0 -0.004777
vn 0.099675 0 -0.008059
vn 0.099528 0 -0.009702
vn 0.098701 0 -0.016066
vn 0.098919 0 -0.014665
vn 0.098069 0 -0.019558
vn 0.097085 0 -0.023968
vn 0.097007 0 -0.024281
vn 0.095782 0 -0.028738
vn 0.094838 0 -0.031714
vn 0.094424 0 -0.032925
vn 0.092856 0 -0.037118
vn 0.091973 0 -0.039254
vn 0.091189 0 -0.041043
vn 0.089582 0 -0.044441
vn 0.088511 0 -0.046539
vn 0.088033 0 -0.047437
vn 0.086573 0 -0.050052
vn 0.084472 0 -0.05352
vn 0.085912 0 -0.051178
vn 0.085317 0 -0.052163
vn 0.084802 0 -0.052997
vn 0.084371 0 -0.05368
vn 0.08403 0 -0.054212
vn 0.083783 0 -0.054593
vn 0.083633 0 -0.054822
vn 0.083583 0 -0.054899
vn 0.079884 0 -0.060154
vn 0.083583 0 -0.054899
vn 0.078919 0 -0.061415
vn 0.074777 0 -0.066396
vn 0.073749 0 -0.067536
vn 0.069182 0 -0.072207
vn 0.068105 0 -0.073223
vn 0.063138 0 -0.077547
vn 0.062024 0 -0.078441
vn 0.056683 0 -0.082383
vn 0.055545 0 -0.083155
vn 0.05028 0 -0.08644
vn 0.05028 0 -0.08644
vn 0.050205 0 -0.086484
vn 0.048709 0 -0.087335
vn 0.049979 0 -0.086615
vn 0.049605 0 -0.08683
vn 0.049084 0 -0.087125
vn 0.047634 0 -0.087926
vn 0.0457 0 -0.088947
vn 0.041561 0 -0.090954
vn 0.043401 0 -0.090091
vn 0.040877 0 -0.091264
vn 0.038042 0 -0.092481
vn 0.034146 0 -0.09399
vn 0.034907 0 -0.09371
vn 0.031653 0 -0.094858
vn 0.026511 0 -0.096422
vn 0.028461 0 -0.095864
vn 0.025147 0 -0.096786
vn 0.021672 0 -0.097623
vn 0.018706 0 -0.098235
vn 0.018077 0 -0.098352
vn 0.014407 0 -0.098957
vn 0.010782 0 -0.099417
vn 0.010704 0 -0.099425
vn 0.007016 0 -0.099754
vn 0.002787 0 -0.099961
vn 0.004499 0 -0.099899
vn 0.002034 0 -0.099979
vn -0.00034 0 -0.099999
vn -0.005224 0 -0.099863
vn -0.002583 0 -0.099967
vn -0.004669 0 -0.099891
vn -0.006564 0 -0.099784
vn -0.008261 0 -0.099658
vn -0.009755 0 -0.099523
vn -0.013203 0 -0.099125
vn -0.011035 0 -0.099389
vn -0.012097 0 -0.099266
vn -0.012938 0 -0.09916
vn -0.01333 0 -0.099108
vn -0.013554 0 -0.099077
vn -0.013719 0 -0.099054
vn -0.013941 0 -0.099023
vn -0.014025 0 -0.099012
vn -0.014099 0 -0.099001
vn 0.04986 0 -0.086683
vn 0.050209 0 -0.086482
vn 0.049994 0 -0.086606
vn 0.049141 0 -0.087093
vn 0.047726 0 -0.087876
vn 0.045763 0 -0.088914
vn 0.042711 0 -0.09042
vn 0.043341 0 -0.09012
vn 0.040576 0 -0.091398
vn 0.037455 0 -0.092721
vn 0.035286 0 -0.093568
vn 0.033857 0 -0.094094
vn 0.030018 0 -0.095388
vn 0.02763 0 -0.096107
vn 0.02619 0 -0.09651
vn 0.022124 0 -0.097522
vn 0.019795 0 -0.098021
vn 0.017818 0 -0.0984
vn 0.011831 0 -0.099298
vn 0.013358 0 -0.099104
vn 0.008836 0 -0.099609
vn 0.00379 0 -0.099928
vn 0.00435 0 -0.099905
vn 0 0 -0.1
vn -0.004276 0 -0.099909
vn -0.00435 0 -0.099905
vn -0.008836 0 -0.099609
vn -0.012314 0 -0.099239
vn -0.013358 0 -0.099104
vn -0.017818 0 -0.0984
vn -0.020271 0 -0.097924
vn -0.022124 0 -0.097522
vn -0.02619 0 -0.09651
vn -0.028097 0 -0.095972
vn -0.030018 0 -0.095388
vn -0.033857 0 -0.094094
vn -0.03574 0 -0.093395
vn -0.037455 0 -0.092721
vn -0.040576 0 -0.091398
vn -0.043151 0 -0.090211
vn -0.043341 0 -0.09012
vn -0.045763 0 -0.088914
vn -0.047726 0 -0.087876
vn -0.05028 0 -0.08644
vn -0.049141 0 -0.087093
vn -0.049994 0 -0.086606
vn -0.050209 0 -0.086482
vn -0.05028 0 -0.08644
vn 0.074777 0 0.066396
vn 0.073749 0 0.067536
vn 0.069182 0 0.072207
vn 0.068105 0 0.073223
vn 0.063138 0 0.077547
vn 0.062024 0 0.078441
vn 0.056683 0 0.082383
vn 0.055545 0 0.083155
vn 0.04986 0 0.086683
vn 0.05028 0 0.08644
vn 0.050209 0 0.086482
vn 0.049994 0 0.086606
vn 0.049141 0 0.087093
vn 0.047726 0 0.087876
vn 0.045763 0 0.088914
vn 0.042711 0 0.09042
vn 0.043341 0 0.09012
vn 0.040576 0 0.091398
vn 0.035286 0 0.093568
vn 0.037455 0 0.092721
vn 0.033857 0 0.094094
vn 0.030018 0 0.095388
vn 0.02763 0 0.096107
vn 0.02619 0 0.09651
vn 0.022124 0 0.097522
vn 0.019795 0 0.098021
vn 0.017818 0 0.0984
vn 0.011831 0 0.099298
vn 0.013358 0 0.099104
vn 0.008836 0 0.099609
vn 0.00379 0 0.099928
vn 0.00435 0 0.099905
vn 0 0 0.1
vn -0.004276 0 0.099909
vn -0.00435 0 0.099905
vn -0.008836 0 0.099609
vn -0.012314 0 0.099239
vn -0.013358 0 0.099104
vn -0.017818 0 0.0984
vn -0.020271 0 0.097924
vn -0.022124 0 0.097522
vn -0.028097 0 0.095972
vn -0.02619 0 0.09651
vn -0.030018 0 0.095388
vn -0.03574 0 0.093395
vn -0.033857 0 0.094094
vn -0.037455 0 0.092721
vn -0.040576 0 0.091398
vn -0.043151 0 0.090211
vn -0.043341 0 0.09012
vn -0.045763 0 0.088914
vn -0.05028 0 0.08644
vn -0.047726 0 0.087876
vn -0.049141 0 0.087093
vn -0.049994 0 0.086606
vn -0.050209 0 0.086482
vn -0.05028 0 0.08644
vn 0.05028 0 0.08644
vn 0.050205 0 0.086484
vn 0.048709 0 0.087335
vn 0.049979 0 0.086615
vn 0.049605 0 0.08683
vn 0.049084 0 0.087125
vn 0.047634 0 0.087926
vn 0.0457 0 0.088947
vn 0.041561 0 0.090954
vn 0.043401 0 0.090091
vn 0.040877 0 0.091264
vn 0.038042 0 0.092481
vn 0.034146 0 0.09399
vn 0.034907 0 0.09371
vn 0.031653 0 0.094858
vn 0.026511 0 0.096422
vn 0.028461 0 0.095864
vn 0.025147 0 0.096786
vn 0.021672 0 0.097623
vn 0.018706 0 0.098235
vn 0.018077 0 0.098352
vn 0.014407 0 0.098957
vn 0.010782 0 0.099417
vn 0.010704 0 0.099425
vn 0.007016 0 0.099754
vn 0.002787 0 0.099961
vn 0.004504 0 0.099899
vn 0.002052 0 0.099979
vn -0.000318 0 0.099999
vn -0.005224 0 0.099863
vn -0.002566 0 0.099967
vn -0.004643 0 0.099892
vn -0.006542 0 0.099786
vn -0.008249 0 0.099659
vn -0.009747 0 0.099524
vn -0.013203 0 0.099125
vn -0.011031 0 0.09939
vn -0.012095 0 0.099266
vn -0.012937 0 0.09916
vn -0.013553 0 0.099077
vn -0.01333 0 0.099108
vn -0.013719 0 0.099054
vn -0.013941 0 0.099023
vn -0.014025 0 0.099012
vn -0.014099 0 0.099001
vn 0 0.1 0
vn 0 0.1 0
vn 0 0.1 0
vn 0 0.1 0
vn 0 0.1 0
vn 0 0.1 0
vn 0 0.1 0
vn 0 0.1 0
vn 0 0.1 0
vn 0 0.1 0
vn 0 0.1 0
vn 0 0.1 0
vn 0 0.1 0
vn 0 0.1 0
vn 0 0.1 0
vn 0 0.1 0
vn 0 0.1 0
vn 0 0.1 0
vn 0 0.1 0
vn 0 0.1 0
vn 0 0.1 0
vn 0 0.1 0
vn 0 0.1 0
vn 0 0.1 0
vn 0 0.1 0
vn 0 0.1 0
vn 0 0.1 0
vn 0 0.1 0
vn 0 0.1 0
vn 0 0.1 0
vn 0 0.1 0
vn 0 0.1 0
vn 0 0.1 0
vn 0 0.1 0
vn 0 0.1 0
vn 0 0.1 0
vn 0 0.1 0
vn 0 0.1 0
vn 0 0.1 0
vn 0 0.1 0
vn 0 0.1 0
vn 0 0.1 0
vn 0 0.1 0
vn 0 0.1 0
vn 0 0.1 0
vn 0 0.1 0
vn 0 0.1 0
vn 0 0.1 0
vn 0 0.1 0
vn 0 0.1 0
vn 0 0.1 0
vn 0 0.1 0
vn 0 0.1 0
vn 0 0.1 0
vn 0 0.1 0
vn 0 0.1 0
vn 0 0.1 0
vn 0 0.1 0
vn 0 0.1 0
vn 0 0.1 0
vn 0 0.1 0
vn 0 0.1 0
vn 0 0.1 0
vn 0 0.1 0
vn 0 0.1 0
vn 0 0.1 0
vn 0 0.1 0
vn 0 0.1 0
vn 0 0.1 0
vn 0 0.1 0
vn 0 0.1 0
vn 0 0.1 0
vn 0 0.1 0
vn 0 0.1 0
vn 0 0.1 0
vn 0 0.1 0
vn 0 0.1 0
vn 0 0.1 0
vn 0 0.1 0
vn 0 0.1 0
vn 0 0.1 0
vn 0 0.1 0
vn 0 0.1 0
vn 0 0.1 0
vn 0 0.1 0
vn 0 0.1 0
vn 0 0.1 0
vn 0 0.1 0
vn 0 0.1 0
vn 0 0.1 0
vn 0 0.1 0
vn 0 0.1 0
vn 0 0.1 0
vn 0 0.1 0
vn 0 0.1 0
vn 0 0.1 0
vn 0 0.1 0
vn 0 0.1 0
vn 0 0.1 0
vn 0 0.1 0
vn 0 0.1 0
vn 0 0.1 0
vn 0 0.1 0
vn 0 0.1 0
vn 0 0.1 0
vn 0 0.1 0
vn 0 0.1 0
vn 0 0.1 0
vn 0 0.1 0
vn 0 0.1 0
vn 0 0.1 0
vn 0 0.1 0
vn 0 0.1 0
vn 0 0.1 0
vn 0 0.1 0
vn 0 0.1 0
vn 0 0.1 0
vn 0 0.1 0
vn 0 0 0.1
vn 0 0 0.1
vn 0 0.003741 0.09993
vn 0 0.003741 0.09993
vn 0 0.007511 0.099718
vn 0 0.007511 0.099718
vn 0 0.015017 0.098866
vn 0 0.015017 0.098866
vn 0 0.022279 0.097487
vn 0 0.022279 0.097487
vn 0 0.029083 0.095677
vn 0 0.029083 0.095677
vn 0 0.035278 0.093571
vn 0 0.035278 0.093571
vn 0 0.040741 0.091324
vn 0 0.040741 0.091324
vn 0 0.045574 0.089012
vn 0 0.045574 0.089012
vn 0 0.049995 0.086605
vn 0 0.053726 0.084342
vn 0 0.053726 0.084342
vn 0 0.049995 0.086605
vn 0 0.056688 0.08238
vn 0 0.056688 0.08238
vn 0 0.059173 0.080613
vn 0 0.059173 0.080613
vn 0 0.061215 0.079074
vn 0 0.061215 0.079074
vn 0 0.062778 0.077839
vn 0 0.062778 0.077839
vn 0 0.063853 0.07696
vn 0 0.063853 0.07696
vn 0 0.064474 0.07644
vn 0 0.064474 0.07644
vn 0 0.064675 0.07627
vn 0 0 0.1
vn 0 0 0.1
vn 0 0 0.1
vn 0 0 0.1
vn 0 0 0.1
vn 0 0 0.1
vn 0 0 0.1
vn 0 0 0.1
vn 0 0 0.1
vn 0 0 0.1
vn 0 0 0.1
vn 0 0 0.1
vn 0 0 0.1
vn 0 0 0.1
vn 0 0 0.1
vn 0 0 0.1
vn 0 0 0.1
vn 0 0 0.1
vn 0 0 0.1
vn 0 0 0.1
vn 0 0 0.1
vn 0 0 0.1
vn 0 0 0.1
vn 0 0 0.1
vn 0 0 0.1
vn 0 0 0.1
vn 0 0 0.1
vn 0 0 0.1
vn 0 0 0.1
vn 0 0 0.1
vn 0 0 0.1
vn 0 0 0.1
vn 0 -0.07911 0.061169
vn 0 -0.07836 0.062126
vn 0 -0.073408 0.067906
vn 0 -0.077257 0.063493
vn 0 -0.075771 0.06526
vn 0 -0.07388 0.067393
vn 0 -0.071579 0.069832
vn 0 -0.067244 0.074015
vn 0 -0.06886 0.072514
vn 0 -0.065631 0.075449
vn 0 -0.060743 0.079437
vn 0 -0.061571 0.078797
vn 0 -0.056683 0.082383
vn 0 -0.054054 0.084132
vn 0 -0.051146 0.085931
vn 0 -0.047349 0.08808
vn 0 -0.044884 0.089361
vn 0 -0.040769 0.091312
vn 0 -0.037505 0.0927
vn 0 -0.034457 0.093876
vn 0 -0.029122 0.095666
vn 0 -0.028557 0.095836
vn 0 -0.023184 0.097275
vn 0 -0.019887 0.098003
vn 0 -0.018397 0.098293
vn 0 -0.015033 0.098864
vn 0 -0.014248 0.09898
vn 0 -0.01007 0.099492
vn 0 -0.010784 0.099417
vn 0 -0.008051 0.099675
vn 0 -0.005044 0.099873
vn 0 -0.006065 0.099816
vn 0 -0.004838 0.099883
vn 0 -0.004378 0.099904
vn -0.098617 0.016574 4.8e-05
vn -0.099632 0.007343 0.00442
vn -0.097868 0.02054 -5e-06
vn -0.099308 0.010075 0.006029
vn -0.096726 0.025379 -1.5e-05
vn -0.098433 0.016022 0.00736
vn -0.095095 0.030934 -1.3e-05
vn -0.097246 0.021734 0.008413
vn -0.095518 0.028064 0.00942
vn -0.097874 0.012019 0.016622
vn -0.096389 0.019066 0.018594
vn -0.096377 -0.000639 0.026667
vn -0.095184 0.007144 0.029817
vn -0.092306 -0.013406 0.036054
vn -0.091379 -0.005094 0.040298
vn -0.085866 -0.025593 0.044408
vn -0.085162 -0.016958 0.049597
vn -0.077098 -0.037255 0.051652
vn -0.076583 -0.028519 0.057634
vn -0.071166 -0.043491 0.055172
vn -0.070742 -0.034797 0.06152
vn -0.0647 -0.04926 0.0582
vn -0.064354 -0.040668 0.064844
vn -0.057875 -0.054474 0.060688
vn -0.057594 -0.046042 0.067551
vn -0.050556 -0.059276 0.062693
vn -0.050331 -0.051068 0.069705
vn -0.042733 -0.063667 0.06419
vn -0.042558 -0.055752 0.071277
vn -0.034562 -0.06753 0.065155
vn -0.034431 -0.059964 0.072241
vn -0.026207 -0.070786 0.065594
vn -0.026113 -0.06361 0.072607
vn -0.017675 -0.073457 0.06551
vn -0.017615 -0.066716 0.072379
vn -0.008965 -0.075554 0.064894
vn -0.008938 -0.069294 0.071544
vn -8.5e-05 -0.073496 0.067811
vn -4.6e-05 -0.06733 0.073937
vn -0.099567 -0.001615 0.009153
vn -0.099284 -0.000749 0.011921
vn -0.098769 0.005733 0.014551
vn -0.098437 -0.010319 0.014273
vn -0.097072 -0.014516 0.01914
vn -0.096946 -0.007505 0.023349
vn -0.096203 -0.018785 0.019802
vn -0.092878 -0.026776 0.025627
vn -0.092603 -0.020677 0.031577
vn -0.088531 -0.03412 0.031593
vn -0.08596 -0.033109 0.03892
vn -0.083138 -0.040909 0.037611
vn -0.077047 -0.044839 0.045313
vn -0.076642 -0.047238 0.043528
vn -0.071058 -0.051037 0.048436
vn -0.069177 -0.052974 0.049074
vn -0.060917 -0.058082 0.053996
vn -0.051917 -0.062724 0.058055
vn -0.042167 -0.067042 0.061052
vn -0.031898 -0.070938 0.062851
vn -0.021453 -0.074273 0.06343
vn -0.010862 -0.077015 0.062855
vn -6.2e-05 -0.079079 0.061209
vn -0.008744 -0.062336 0.077703
vn 0 -0.06074 0.07944
vn -0.00849 -0.055074 0.083035
vn 1.3e-05 -0.05403 0.084147
vn -0.008232 -0.05 0.086211
vn 7e-06 -0.047279 0.088118
vn -0.007927 -0.044897 0.089002
vn -0.007604 -0.039894 0.091382
vn -0.015053 -0.034674 0.09258
vn -0.014298 -0.029362 0.094517
vn -0.021215 -0.023488 0.094859
vn -0.01995 -0.018015 0.09632
vn -0.026305 -0.011595 0.095779
vn -0.024499 -0.006119 0.096759
vn -0.030275 0.000731 0.095304
vn -0.027918 0.006068 0.095832
vn -0.033031 0.013075 0.093477
vn -0.030172 0.018081 0.09361
vn -0.034577 0.024986 0.090444
vn -0.028178 0.033509 0.089906
vn -0.031581 0.040256 0.085919
vn -0.024438 0.04687 0.084888
vn -0.02698 0.053474 0.080079
vn -0.018937 0.058297 0.079012
vn -0.020605 0.064548 0.073546
vn -0.012141 0.067566 0.072715
vn -0.013662 0.07733 0.061915
vn -0.005332 0.07865 0.061529
vn -0.005825 0.086659 0.049561
vn 0.003294 0.086799 0.049549
vn 0.003504 0.093068 0.036416
vn 0.013406 0.092078 0.036632
vn 0.013902 0.096379 0.022757
vn 0.023979 0.094325 0.022975
vn 0.024253 0.096319 0.011599
vn 0.034227 0.093218 0.011785
vn 0.02543 0.096712 -5.8e-05
vn 0.034371 0.093908 -6e-05
vn 0.043993 0.08899 0.01206
vn 0.043048 0.09026 -1.3e-05
vn 0.051478 0.085732 -4e-06
vn 0.053549 0.083555 0.012289
vn 0.059273 0.08054 2.1e-05
vn 0.062386 0.07715 0.012484
vn 0.066378 0.074793 4.7e-05
vn 0.070494 0.069808 0.012548
vn 0.072929 0.068421 2.7e-05
vn 0.074299 0.065754 0.012491
vn 0.077929 0.061437 0.012352
vn 0.074912 0.06151 0.024591
vn 0.078673 0.05672 0.024359
vn 0.073914 0.054627 0.039403
vn 0.07773 0.049327 0.039049
vn 0.070916 0.046191 0.053267
vn 0.074664 0.040491 0.05278
vn 0.066031 0.036694 0.065525
vn 0.069592 0.030739 0.064901
vn 0.059352 0.026066 0.076144
vn 0.062609 0.01999 0.075369
vn 0.054817 0.019658 0.081294
vn 0.063738 0.015875 0.075402
vn 0.050258 0.019378 0.084253
vn 0.051599 0.025367 0.081817
vn 0.043601 0.020457 0.087638
vn 0.040759 0.028891 0.086626
vn 0.036417 0.022258 0.090434
vn 0.030627 0.030591 0.090145
vn 0.026711 0.023617 0.093428
vn 0.021478 0.030288 0.092851
vn 0.01814 0.022918 0.095633
vn 0.013848 0.027931 0.095016
vn 0.011189 0.02031 0.097274
vn 0.007767 0.02392 0.096786
vn 0.005856 0.016182 0.098508
vn 0.003358 0.01846 0.098224
vn 0.003963 0.010389 0.09938
vn 0.00224 0.010597 0.099412
vn 0.002037 0.008505 0.099617
vn 0.000909 0.007305 0.099729
vn 0.000702 0.011604 0.099322
vn 8e-06 0.006929 0.09976
vn -0.001007 0.011435 0.099339
vn -0.000484 0.003454 0.099939
vn -0.00144 0.002142 0.099967
vn 6e-06 -0.004871 0.099881
vn -9.4e-05 -0.006106 0.099813
vn -8.5e-05 -0.008079 0.099673
vn -0.002368 -0.000654 0.09997
vn 4.3e-05 -0.010778 0.099417
vn -0.003257 -0.004913 0.099826
vn 5.7e-05 -0.01428 0.098975
vn -0.004277 -0.010625 0.099342
vn 1.5e-05 -0.018471 0.098279
vn -3.1e-05 -0.023256 0.097258
vn -0.00532 -0.0176 0.098295
vn -0.005816 -0.021538 0.09748
vn -0.010518 -0.010548 0.098884
vn -0.011513 -0.014771 0.098231
vn -0.015621 -0.003449 0.098712
vn -0.017104 -0.007923 0.098207
vn -0.020619 0.003709 0.097781
vn -0.022579 -0.000982 0.097413
vn -0.025496 0.010935 0.096075
vn -4.2e-05 -0.040742 0.091324
vn -0.007239 -0.035028 0.093384
vn -0.013451 -0.024254 0.096077
vn -0.018571 -0.012816 0.097421
vn -5.5e-05 -0.034481 0.093867
vn -0.006818 -0.030329 0.095046
vn -0.012511 -0.019377 0.097304
vn -0.006331 -0.025815 0.096403
vn -1.7e-05 -0.028573 0.095831
vn 0.000102 -0.0044 0.099903
vn 0.007003 0.012824 0.098927
vn 0.011474 0.015587 0.098109
vn 0.017781 0.018317 0.096687
vn 0.026399 0.020358 0.09428
vn 0.037286 0.020942 0.090395
vn 0.075722 0.01814 0.062746
vn 0.076004 0.011688 0.063928
vn 0.078331 0.01153 0.061084
vn 0.085577 0.008761 0.050988
vn 0.086234 0.015854 0.048087
vn 0.092249 0.008972 0.037546
vn 0.092502 0.018041 0.033435
vn 0.096249 0.012559 0.02405
vn 0.095759 0.021466 0.019219
vn 0.09747 0.019148 0.011532
vn 0.096649 0.024109 0.008819
vn 0.095874 0.028428 -9e-06
vn 0.093924 0.034327 -5e-06
vn 0.094835 0.03019 0.00974
vn 0.091322 0.040747 1e-06
vn 0.092393 0.036752 0.010624
vn 0.087933 0.047621 9.9e-05
vn 0.089322 0.043501 0.011365
vn 0.083827 0.054525 7.3e-05
vn 0.08694 0.047997 0.01173
vn 0.084257 0.052505 0.012
vn 0.085214 0.046699 0.02362
vn 0.082108 0.051768 0.02405
vn 0.081194 0.043836 0.038547
vn 0.078869 0.061479 -1.1e-05
vn 0.081256 0.056997 0.012196
vn 0.016201 0.098679 -1.3e-05
vn 0.014087 0.098331 0.01151
vn 0.003649 0.097343 0.022606
vn -0.006194 0.092931 0.036407
vn -0.014895 0.085371 0.049899
vn -0.02317 0.074368 0.06271
vn -0.029335 0.05976 0.07462
vn -0.034829 0.046874 0.081178
vn -0.03871 0.031662 0.086597
vn -0.03784 0.019875 0.090405
vn -0.0358 0.007584 0.093063
vn -0.032494 -0.004974 0.094442
vn -0.027977 -0.017389 0.094419
vn -0.022352 -0.029201 0.092993
vn -0.01572 -0.040148 0.090227
vn 0.006716 0.099774 -1.6e-05
vn 0.003716 0.099277 0.011416
vn -0.006427 0.097206 0.022574
vn -0.015826 0.091677 0.036672
vn -0.025225 0.082478 0.050607
vn -0.032923 0.069677 0.063727
vn -0.037828 0.053211 0.075748
vn -0.042642 0.038262 0.081962
vn -0.042342 0.026481 0.086637
vn -0.040987 0.01427 0.090091
vn -0.03841 0.001696 0.092314
vn -0.034565 -0.011041 0.093185
vn -0.029489 -0.023456 0.092629
vn -0.023356 -0.035098 0.090679
vn -0.016315 -0.045729 0.087422
vn -0.002729 0.099963 -8.3e-05
vn -0.006515 0.099138 0.011368
vn -0.016421 0.095983 0.022752
vn -0.026744 0.08887 0.037241
vn -0.035743 0.077917 0.051492
vn -0.04236 0.063279 0.064818
vn -0.046256 0.044641 0.0766
vn -0.046615 0.033049 0.082066
vn -0.045833 0.020802 0.086409
vn -0.043954 0.008244 0.089443
vn -0.040857 -0.004593 0.091157
vn -0.036445 -0.017413 0.09148
vn -0.030823 -0.029725 0.090368
vn -0.024231 -0.041103 0.087883
vn -0.016806 -0.051273 0.084194
vn -0.012084 0.099267 -0.000102
vn -0.016653 0.097935 0.011468
vn -0.027674 0.093265 0.023148
vn -0.037758 0.084477 0.03792
vn -0.045866 0.071727 0.052455
vn -0.051671 0.054892 0.065703
vn -0.050531 0.039438 0.076754
vn -0.050424 0.027337 0.081916
vn -0.049126 0.014682 0.085855
vn -0.046748 0.001782 0.088383
vn -0.043088 -0.011215 0.089541
vn -0.038104 -0.024003 0.089286
vn -0.031972 -0.036103 0.087603
vn -0.024947 -0.047065 0.084632
vn -0.0173 -0.059189 0.078723
vn -0.021353 0.097694 -4.9e-05
vn -0.027987 0.095287 0.011713
vn -0.0389 0.089055 0.023578
vn -0.048293 0.078567 0.038666
vn -0.055781 0.063641 0.053276
vn -0.056362 0.049793 0.065909
vn -0.054622 0.033739 0.076669
vn -0.054017 0.021169 0.08145
vn -0.052235 0.0081 0.084887
vn -0.0493 -0.005033 0.086857
vn -0.045056 -0.018067 0.087428
vn -0.039521 -0.030699 0.086578
vn -0.032908 -0.042433 0.084359
vn -0.025677 -0.055568 0.079075
vn -0.030539 0.095223 0
vn -0.039185 0.091226 0.011929
vn -0.04955 0.083463 0.024055
vn -0.058514 0.070917 0.039331
vn -0.060732 0.05874 0.05349
vn -0.060844 0.044209 0.065905
vn -0.058481 0.027577 0.076286
vn -0.057416 0.014521 0.080577
vn -0.05508 0.001149 0.083456
vn -0.051551 -0.012087 0.084832
vn -0.046728 -0.025022 0.084796
vn -0.040673 -0.037348 0.083372
vn -0.033872 -0.05146 0.078769
vn -0.039484 0.091875 -2.1e-05
vn -0.047877 0.087794 -3.2e-05
vn -0.049717 0.085907 0.012171
vn -0.055808 0.082979 -9e-06
vn -0.059701 0.079256 0.012423
vn -0.063339 0.077383 8e-06
vn -0.064519 0.075373 0.012495
vn -0.069168 0.07113 0.012505
vn -0.069538 0.067498 0.024667
vn -0.074002 0.062584 0.024637
vn -0.072937 0.055873 0.039477
vn -0.077175 0.050098 0.039169
vn -0.074112 0.041335 0.052904
vn -0.077957 0.034761 0.0521
vn -0.072735 0.024738 0.064013
vn -0.075987 0.017606 0.062578
vn -0.068448 0.006606 0.072603
vn -0.070953 -0.00075 0.070464
vn -0.065599 -0.007129 0.075139
vn -0.067495 -0.014452 0.072357
vn -0.061437 -0.020569 0.076173
vn -0.06328 -0.030941 0.070981
vn -0.056649 -0.036507 0.073879
vn -0.070354 0.071066 9e-06
vn -0.07347 0.066675 0.012512
vn -0.078138 0.057406 0.024474
vn -0.08106 0.044041 0.038596
vn -0.081381 0.027969 0.050939
vn -0.078756 0.010391 0.060741
vn -0.073007 -0.00809 0.067857
vn -0.069535 -0.024949 0.067398
vn -0.076411 0.064509 9.5e-05
vn -0.077426 0.062048 0.012459
vn -0.081927 0.052015 0.024135
vn -0.084544 0.037787 0.037742
vn -0.08433 0.021082 0.049436
vn -0.081047 0.003175 0.058492
vn -0.075237 -0.018625 0.063186
vn -0.081048 0.05727 0.012305
vn -0.081669 0.057708 0.000107
vn -0.084349 0.052351 0.012027
vn -0.086259 0.050591 -2e-06
vn -0.087342 0.04729 0.01162
vn -0.089964 0.042213 0.011157
vn -0.091041 0.035038 0.021998
vn -0.094134 0.02684 0.020456
vn -0.093138 0.015833 0.032781
vn -0.089964 0.043664 1e-06
vn -0.093115 0.034957 0.010371
vn -0.092878 0.037063 -3e-06
vn -0.041872 -0.046835 0.077803
vn -0.049514 -0.041802 0.076163
vn -0.083575 -0.007197 0.054438
vn -0.089563 0.004261 0.044275
vn -0.048088 -0.031932 0.081657
vn -0.055008 -0.026343 0.079248
vn -0.086796 0.01418 0.047597
vn -0.090176 0.02502 0.035246
vn -0.053457 -0.019235 0.082294
vn -0.05971 -0.013325 0.079102
vn -0.087592 0.031416 0.036616
vn -0.088407 0.040758 0.02287
vn -0.05759 -0.006045 0.081528
vn -0.063278 0.000222 0.077433
vn -0.085353 0.046454 0.0236
vn -0.06053 0.007493 0.079246
vn -0.065487 0.013885 0.074288
vn -0.062135 0.020923 0.075508
vn -0.069067 0.031637 0.065029
vn -0.069921 0.047574 0.053365
vn -0.068402 0.061284 0.039565
vn -0.064745 0.07212 0.024634
vn -0.065071 0.038165 0.065645
vn -0.065467 0.053373 0.053529
vn -0.063562 0.06632 0.039517
vn -0.059763 0.076341 0.024504
vn -0.00851 -0.00317 0.099587
vn -0.00653 0.002794 0.099747
vn -0.004647 0.007216 0.099631
vn -0.002776 0.010093 0.099451
vn -0.012671 0.004275 0.099102
vn -0.00975 0.01045 0.098973
vn -0.006889 0.015009 0.098627
vn -0.00409 0.017952 0.09829
vn -0.001523 0.019317 0.098105
vn 0.000988 0.019488 0.098078
vn -0.016751 0.011721 0.097888
vn -0.01291 0.018063 0.097504
vn -0.009089 0.022729 0.096958
vn -0.005379 0.025722 0.096486
vn -0.002031 0.027101 0.096236
vn 0.001266 0.027272 0.096201
vn 0.004458 0.02623 0.096396
vn -0.020735 0.019172 0.09593
vn -0.015997 0.025634 0.095326
vn -0.011241 0.030375 0.09461
vn -0.006639 0.0334 0.094023
vn -0.002529 0.034786 0.093721
vn 0.001536 0.034956 0.093679
vn 0.005536 0.033904 0.093914
vn 0.009639 0.031578 0.094393
vn -0.024562 0.026485 0.093249
vn -0.018968 0.033028 0.092463
vn -0.013314 0.037817 0.091611
vn -0.007854 0.04086 0.090933
vn -0.003011 0.042247 0.090588
vn 0.001795 0.042415 0.090542
vn 0.006576 0.041357 0.090809
vn 0.011444 0.039026 0.091357
vn 0.016408 0.03536 0.092089
vn -0.021783 0.040103 0.088979
vn -0.017146 0.051703 0.083862
vn -0.011157 0.061339 0.078186
vn -0.004723 0.068918 0.072305
vn 0.003027 0.078795 0.061499
vn 0.012617 0.085785 0.049818
vn 0.023169 0.089966 0.037004
vn 0.033908 0.091134 0.023342
vn -0.015283 0.044924 0.088024
vn -0.009009 0.047976 0.087276
vn -0.003471 0.04936 0.0869
vn 0.002041 0.049525 0.086851
vn 0.007567 0.048465 0.087143
vn 0.01316 0.046134 0.087741
vn 0.018837 0.042463 0.088556
vn 0.024638 0.037352 0.089431
vn -0.010103 0.054755 0.083065
vn -0.004329 0.062706 0.077777
vn 0.002703 0.069071 0.072263
vn 0.011563 0.077761 0.061802
vn 0.021843 0.083611 0.05032
vn 0.032835 0.086659 0.037579
vn 0.043729 0.08672 0.023821
vn -0.003907 0.056133 0.082667
vn 0.002272 0.056294 0.082618
vn 0.008506 0.055234 0.082927
vn 0.014786 0.052911 0.083557
vn 0.021133 0.049246 0.084429
vn 0.027616 0.044118 0.085387
vn 0.034305 0.037305 0.086206
vn 0.002495 0.062863 0.07773
vn 0.010257 0.06802 0.072581
vn 0.020049 0.075531 0.062395
vn 0.031018 0.080187 0.051068
vn 0.042498 0.082023 0.03829
vn 0.053448 0.080964 0.024251
vn 0.009412 0.061806 0.078048
vn 0.01635 0.059499 0.078693
vn 0.023336 0.055855 0.079597
vn 0.030466 0.050735 0.080609
vn 0.03781 0.043909 0.081501
vn 0.044882 0.035468 0.082022
vn 0.017807 0.065738 0.073222
vn 0.028524 0.07201 0.063253
vn 0.040267 0.075356 0.051962
vn 0.052178 0.075899 0.038945
vn 0.062535 0.074059 0.024591
vn 0.025385 0.062131 0.07413
vn 0.033106 0.057047 0.075164
vn 0.041039 0.050253 0.076095
vn 0.048663 0.041848 0.076686
vn 0.055896 0.03177 0.076592
vn 0.037121 0.067032 0.064255
vn 0.049632 0.068919 0.052791
vn 0.061325 0.068436 0.039442
vn 0.070953 0.066 0.024692
vn 0.045899 0.060375 0.065177
vn 0.054302 0.052149 0.065816
vn 0.062249 0.04228 0.065859
vn 0.058547 0.061 0.053397
vn 0.069878 0.059594 0.039568
vn 0.06694 0.051535 0.053509
vn 0.078043 0.034593 0.052083
vn 0.072781 0.024592 0.064016
vn 0.081138 0.028432 0.05107
vn 0.083884 0.02214 0.049732
vn 0.084346 0.038147 0.037822
vn 0.08798 0.041578 0.023039
vn 0.087146 0.032365 0.036853
vn 0.089568 0.026589 0.035646
vn 0.090405 0.036466 0.022297
vn 0.093444 0.028841 0.020892
vn -0.1 0 0
vn -0.099662 0.008212 0
vn -0.1 0 0
vn -0.09916 0.012932 0
vn -0.098623 0.01654 0
vn -0.097868 0.020541 0
vn -0.096655 0.025647 0
vn -0.09673 0.025363 0
vn -0.095105 0.030904 0
vn -0.092527 0.037931 0
vn -0.092886 0.037044 0
vn -0.089964 0.043663 0
vn -0.086845 0.049578 0
vn -0.086257 0.050594 0
vn -0.081726 0.057626 0
vn -0.079704 0.060393 0
vn -0.076372 0.064555 0
vn -0.071224 0.070193 0
vn -0.070232 0.071186 0
vn -0.063377 0.077352 0
vn -0.061549 0.078814 0
vn -0.055895 0.08292 0
vn -0.05084 0.086112 0
vn -0.047868 0.087799 0
vn -0.039277 0.091964 0
vn -0.039383 0.091918 0
vn -0.030536 0.095224 0
vn -0.027054 0.096271 0
vn -0.021416 0.09768 0
vn -0.014377 0.098961 0
vn -0.012103 0.099265 0
vn -0.001459 0.099989 0
vn -0.00268 0.099964 0
vn 0.006766 0.099771 0
vn 0.011484 0.099338 0
vn 0.016151 0.098687 0
vn 0.024234 0.097019 0
vn 0.025393 0.096722 0
vn 0.034405 0.093895 0
vn 0.036578 0.09307 0
vn 0.0431 0.090235 0
vn 0.048306 0.087559 0
vn 0.051396 0.085782 0
vn 0.059224 0.080576 0
vn 0.059206 0.080589 0
vn 0.066431 0.074746 0
vn 0.069147 0.072241 0
vn 0.072982 0.068364 0
vn 0.077908 0.062692 0
vn 0.078786 0.061586 0
vn 0.083784 0.054591 0
vn 0.085362 0.05209 0
vn 0.087959 0.047574 0
vn 0.088747 0.046087 0
vn 0.091323 0.040745 0
vn 0.091723 0.039836 0
vn 0.093932 0.034304 0
vn 0.094263 0.033385 0
vn 0.095882 0.028402 0
vn 0.096347 0.026781 0
vn 0.098163 0.019081 0
vn 0.097963 0.02008 0
vn 0.099106 0.013341 0
vn 0.09954 0.009585 0
vn 0.09978 0.006627 0
vn 0.1 0 0
vn 0.1 0 0
vn 0 0.1 0
vn 0 0.1 0
vn 0 0.1 0
vn 0 0.1 0
vn 0 0.1 0
vn 0 0.1 0
vn 0 0.1 0
vn 0 0.1 0
vn 0 0.1 0
vn 0 0.1 0
vn 0 0.1 0
vn 0 0.1 0
vn 0 0.1 0
vn 0 0.1 0
vn 0 0.1 0
vn 0 0.1 0
vn 0 0.1 0
vn 0 0.1 0
vn 0 0.1 0
vn 0 0.1 0
vn 0 0.1 0
vn 0 0.1 0
vn 0 0.1 0
vn 0 0.1 0
vn 0 0.1 0
vn 0 0.1 0
vn 0 0.1 0
vn 0 0.1 0
vn 0 0.1 0
vn 0 0.1 0
vn 0 0.1 0
vn 0 0.1 0
vn 0 0.1 0
vn 0 0.1 0
vn 0 0.1 0
vn 0 0.1 0
vn 0 0.1 0
vn 0 0.1 0
vn 0 0.1 0
vn 0 0.1 0
vn 0 0.1 0
vn 0 0.1 0
vn 0 0.1 0
vn 0 0.1 0
vn 0 0.1 0
vn 0 0.1 0
vn 0 0.1 0
vn 0 0.1 0
vn 0 0.1 0
vn 0 0.1 0
vn 0 0.1 0
vn 0 0.1 0
vn 0 0.1 0
vn 0 0.1 0
vn 0 0.1 0
vn 0 0.1 0
vn 0 0.1 0
vn 0 0.1 0
vn 0 0.1 0
vn 0 0.1 0
vn 0 0.1 0
vn 0 0.1 0
vn 0 0.1 0
vn 0 0.1 0
vn 0 0.1 0
vn 0 0.1 0
vn 0 0.1 0
vn 0 0.1 0
vn 0 0.1 0
vn 0 0.1 0
vn 0 0.1 0
vn 0 0.1 0
vn 0 0.1 0
vn 0 0.1 0
vn 0 0.1 0
vn 0 0.1 0
vn 0 0.1 0
vn 0 0.1 0
vn 0 0.1 0
vn 0 0.1 0
vn 0 0.1 0
vn 0 0.1 0
vn 0 0.1 0
vn 0 0.1 0
vn 0 0.1 0
vn 0 0.1 0
vn 0 0.1 0
vn 0 0.1 0
vn 0 -0.005044 -0.099873
vn 0 -0.004836 -0.099883
vn 0 0 -0.1
vn 0 -0.004378 -0.099904
vn 0 0 -0.1
vn 0 -0.01007 -0.099492
vn 0 -0.008057 -0.099675
vn 0 -0.006066 -0.099816
vn 0 -0.015033 -0.098864
vn 0 -0.014238 -0.098981
vn 0 -0.010789 -0.099416
vn 0 -0.018381 -0.098296
vn 0 -0.019887 -0.098003
vn 0 -0.023185 -0.097275
vn 0 -0.029122 -0.095666
vn 0 -0.028573 -0.095831
vn 0 -0.034458 -0.093876
vn 0 -0.037505 -0.0927
vn 0 -0.040753 -0.091319
vn 0 -0.044884 -0.089361
vn 0 -0.047343 -0.088083
vn 0 -0.051146 -0.085931
vn 0 -0.054062 -0.084126
vn 0 -0.056683 -0.082383
vn 0 -0.060746 -0.079435
vn 0 -0.061571 -0.078797
vn 0 -0.065631 -0.075449
vn 0 -0.067244 -0.074015
vn 0 -0.06886 -0.072514
vn 0 -0.071579 -0.069832
vn 0 -0.073408 -0.067906
vn 0 -0.07388 -0.067393
vn 0 -0.075771 -0.06526
vn 0 -0.077257 -0.063493
vn 0 -0.07836 -0.062126
vn 0 -0.07911 -0.061169
vn 0 0 -0.1
vn 0 0 -0.1
vn 0 0 -0.1
vn 0 0 -0.1
vn 0 0 -0.1
vn 0 0 -0.1
vn 0 0 -0.1
vn 0 0 -0.1
vn 0 0 -0.1
vn 0 0 -0.1
vn 0 0 -0.1
vn 0 0 -0.1
vn 0 0 -0.1
vn 0 0 -0.1
vn 0 0 -0.1
vn 0 0 -0.1
vn 0 0 -0.1
vn 0 0 -0.1
vn 0 0 -0.1
vn 0 0 -0.1
vn 0 0 -0.1
vn 0 0 -0.1
vn 0 0 -0.1
vn 0 0 -0.1
vn 0 0 -0.1
vn 0 0 -0.1
vn 0 0 -0.1
vn 0 0 -0.1
vn 0 0 -0.1
vn 0 0 -0.1
vn 0 0 -0.1
vn 0 0.003741 -0.09993
vn 0 0.003741 -0.09993
vn 0 0.007511 -0.099718
vn 0 0.007511 -0.099718
vn 0 0.015017 -0.098866
vn 0 0.015017 -0.098866
vn 0 0.022279 -0.097487
vn 0 0.022279 -0.097487
vn 0 0.029083 -0.095677
vn 0 0.029083 -0.095677
vn 0 0.035278 -0.093571
vn 0 0.035278 -0.093571
vn 0 0.040741 -0.091324
vn 0 0.040741 -0.091324
vn 0 0.045574 -0.089012
vn 0 0.045574 -0.089012
vn 0 0.049995 -0.086605
vn 0 0.053726 -0.084342
vn 0 0.053726 -0.084342
vn 0 0.049995 -0.086605
vn 0 0.056688 -0.08238
vn 0 0.056688 -0.08238
vn 0 0.059173 -0.080613
vn 0 0.059173 -0.080613
vn 0 0.061215 -0.079074
vn 0 0.061215 -0.079074
vn 0 0.062778 -0.077839
vn 0 0.062778 -0.077839
vn 0 0.063853 -0.07696
vn 0 0.063853 -0.07696
vn 0 0.064474 -0.07644
vn 0 0.064474 -0.07644
vn 0 0.064675 -0.07627
vn 0.1 0 0
vn 0.1 0 0
vn 0.1 0 0
vn 0.1 0 0
vn -0.097868 0.02054 0
vn -0.098623 0.01654 0
vn -0.09916 0.012932 0
vn -0.099662 0.008212 0
vn -0.1 0 0
vn -0.1 0 0
vn -0.096655 0.025647 0
vn -0.096733 0.025354 0
vn -0.095108 0.030894 0
vn -0.092527 0.037931 0
vn -0.092888 0.037038 0
vn -0.089964 0.043663 0
vn -0.086845 0.049578 0
vn -0.086253 0.0506 0
vn -0.081722 0.057632 0
vn -0.079704 0.060393 0
vn -0.076371 0.064556 0
vn -0.071224 0.070193 0
vn -0.070235 0.071184 0
vn -0.063383 0.077347 0
vn -0.061549 0.078814 0
vn -0.055893 0.082922 0
vn -0.05084 0.086112 0
vn -0.04786 0.087803 0
vn -0.039277 0.091964 0
vn -0.039382 0.091919 0
vn -0.03054 0.095222 0
vn -0.027054 0.096271 0
vn -0.021417 0.09768 0
vn -0.014377 0.098961 0
vn -0.012103 0.099265 0
vn -0.001459 0.099989 0
vn -0.002681 0.099964 0
vn 0.006766 0.099771 0
vn 0.011484 0.099338 0
vn 0.016151 0.098687 0
vn 0.024234 0.097019 0
vn 0.025391 0.096723 0
vn 0.034403 0.093896 0
vn 0.036578 0.09307 0
vn 0.043105 0.090233 0
vn 0.048306 0.087559 0
vn 0.051403 0.085777 0
vn 0.059224 0.080576 0
vn 0.059204 0.080591 0
vn 0.066425 0.074751 0
vn 0.069147 0.072241 0
vn 0.072981 0.068365 0
vn 0.077908 0.062692 0
vn 0.078788 0.061583 0
vn 0.083789 0.054584 0
vn 0.085362 0.05209 0
vn 0.087961 0.04757 0
vn 0.088747 0.046087 0
vn 0.091322 0.040746 0
vn 0.091723 0.039836 0
vn 0.093932 0.034305 0
vn 0.094263 0.033385 0
vn 0.095882 0.028402 0
vn 0.096347 0.026781 0
vn 0.098163 0.019081 0
vn 0.097963 0.02008 0
vn 0.099106 0.013341 0
vn 0.09954 0.009585 0
vn 0.09978 0.006627 0
vn 0.1 0 0
vn 0.1 0 0
vn -5.3e-05 -0.073468 -0.067842
vn -3.3e-05 -0.079079 -0.061209
vn -0.008941 -0.074349 -0.066274
vn -0.010862 -0.077011 -0.062859
vn -0.017654 -0.072166 -0.066936
vn -0.021517 -0.074253 -0.063431
vn -0.026188 -0.069415 -0.067051
vn -0.031989 -0.070908 -0.062839
vn -0.034544 -0.066086 -0.066628
vn -0.042245 -0.067015 -0.061028
vn -0.042714 -0.062158 -0.065665
vn -0.052039 -0.062675 -0.057998
vn -0.050534 -0.057711 -0.064154
vn -0.057849 -0.052865 -0.062119
vn -0.050208 -0.049346 -0.071022
vn -0.057453 -0.044269 -0.068844
vn -0.049321 -0.040064 -0.077216
vn -0.056429 -0.034732 -0.074897
vn -0.047825 -0.030179 -0.082474
vn -0.054702 -0.024565 -0.080027
vn -0.046518 -0.023878 -0.085241
vn -0.053198 -0.018062 -0.082727
vn -0.044937 -0.01759 -0.087586
vn -0.051389 -0.011571 -0.085002
vn -0.043131 -0.011441 -0.089492
vn -0.049333 -0.005236 -0.086827
vn -0.041159 -0.005511 -0.09097
vn -0.047097 0.000848 -0.088211
vn -0.038943 0.000272 -0.092105
vn -0.044583 0.006778 -0.089255
vn -0.036613 0.005711 -0.092881
vn -0.04193 0.012351 -0.089941
vn -0.031781 0.015416 -0.093554
vn -0.036417 0.022258 -0.090434
vn -0.026711 0.023617 -0.093428
vn -0.030627 0.030591 -0.090145
vn -0.021478 0.030288 -0.092851
vn -0.024638 0.037352 -0.089431
vn -0.016408 0.03536 -0.092089
vn -0.018837 0.042463 -0.088556
vn -0.011444 0.039026 -0.091357
vn -0.01316 0.046134 -0.087741
vn -0.006576 0.041357 -0.090809
vn -0.007567 0.048465 -0.087143
vn -0.001795 0.042415 -0.090542
vn -0.002041 0.049525 -0.086851
vn 0.003011 0.042247 -0.090588
vn 0.003471 0.04936 -0.0869
vn 0.007854 0.04086 -0.090933
vn 0.009009 0.047976 -0.087276
vn 0.013314 0.037817 -0.091611
vn 0.015283 0.044924 -0.088024
vn 0.018968 0.033028 -0.092463
vn 0.021783 0.040103 -0.088979
vn 0.024562 0.026485 -0.093249
vn 0.028178 0.033509 -0.089906
vn 0.026766 0.020479 -0.09415
vn 0.034577 0.024986 -0.090444
vn 0.037928 0.020979 -0.090119
vn 0.03871 0.031662 -0.086597
vn 0.042342 0.026481 -0.086637
vn 0.042642 0.038262 -0.081962
vn 0.046615 0.033049 -0.082066
vn 0.046256 0.044641 -0.0766
vn 0.050531 0.039438 -0.076754
vn 0.051671 0.054892 -0.065703
vn 0.056362 0.049793 -0.065909
vn 0.055781 0.063641 -0.053276
vn 0.060732 0.05874 -0.05349
vn 0.058514 0.070917 -0.039331
vn 0.063562 0.06632 -0.039517
vn 0.059763 0.076341 -0.024504
vn 0.064745 0.07212 -0.024634
vn 0.059701 0.079256 -0.012423
vn 0.064519 0.075373 -0.012495
vn 0.059114 0.080657 -5e-06
vn 0.066487 0.074696 1.2e-05
vn -0.061027 -0.058035 -0.053922
vn -0.064666 -0.047621 -0.059587
vn -0.064194 -0.038859 -0.066099
vn -0.063033 -0.029141 -0.071956
vn -0.06109 -0.018778 -0.076912
vn -0.059407 -0.012135 -0.079521
vn -0.05739 -0.005499 -0.081708
vn -0.055105 0.000968 -0.083442
vn -0.05263 0.007157 -0.084728
vn -0.049844 0.013187 -0.085684
vn -0.046897 0.01885 -0.086287
vn -0.040759 0.028891 -0.086626
vn -0.034305 0.037305 -0.086206
vn -0.027616 0.044118 -0.085387
vn -0.021133 0.049246 -0.084429
vn -0.014786 0.052911 -0.083557
vn -0.008506 0.055234 -0.082927
vn -0.002272 0.056294 -0.082618
vn 0.003907 0.056133 -0.082667
vn 0.010103 0.054755 -0.083065
vn 0.017146 0.051703 -0.083862
vn 0.024438 0.04687 -0.084888
vn 0.031581 0.040256 -0.085919
vn -0.064612 -0.055259 -0.052648
vn -0.069243 -0.052948 -0.049009
vn -0.071111 -0.049558 -0.049872
vn -0.076688 -0.047222 -0.043464
vn -0.077092 -0.043353 -0.046662
vn -0.083164 -0.040911 -0.03755
vn -0.085978 -0.031638 -0.040084
vn -0.088546 -0.034136 -0.031534
vn -0.092582 -0.019257 -0.032524
vn -0.092462 -0.027497 -0.026359
vn -0.096869 -0.006166 -0.02405
vn -0.097083 -0.013993 -0.019469
vn -0.098625 0.006956 -0.014989
vn -0.099262 -0.000259 -0.012124
vn -0.098229 0.017132 -0.007585
vn -0.099254 0.010532 -0.006133
vn -0.096731 0.02536 8e-06
vn -0.097866 0.020548 -1.3e-05
vn -0.099633 0.007341 -0.004401
vn -0.098618 0.016566 -1.7e-05
vn -0.092891 -0.02679 -0.025564
vn -0.096213 -0.018773 -0.019764
vn -0.098441 -0.010301 -0.014259
vn -0.099568 -0.001607 -0.009141
vn -0.095103 0.03091 8e-06
vn -0.096952 0.022932 -0.008626
vn -0.097629 0.013357 -0.017037
vn -0.096017 0.020505 -0.018979
vn -0.094855 0.008757 -0.030429
vn -0.09267 0.017473 -0.033271
vn -0.089146 0.006003 -0.04491
vn -0.086234 0.015854 -0.048087
vn -0.080545 0.004918 -0.059062
vn -0.078331 0.01153 -0.061084
vn -0.070573 0.000435 -0.070847
vn -0.068193 0.007176 -0.072789
vn -0.063046 0.000787 -0.077618
vn -0.060551 0.007331 -0.079245
vn -0.092884 0.037047 1e-06
vn -0.095115 0.029335 -0.009617
vn -0.093623 0.02833 -0.020786
vn -0.089568 0.026589 -0.035646
vn -0.083884 0.02214 -0.049732
vn -0.07572 0.018146 -0.062747
vn -0.065511 0.013737 -0.074294
vn -0.057852 0.013578 -0.080428
vn -0.089943 0.043707 -4.7e-05
vn -0.09258 0.036296 -0.010565
vn -0.090405 0.036466 -0.022297
vn -0.087146 0.032365 -0.036853
vn -0.081135 0.028439 -0.051072
vn -0.072781 0.024592 -0.064016
vn -0.062609 0.01999 -0.075369
vn -0.054817 0.019658 -0.081294
vn -0.089322 0.043501 -0.011365
vn -0.086251 0.050605 -0.000103
vn -0.08694 0.047997 -0.01173
vn -0.081796 0.057527 -3.4e-05
vn -0.084252 0.052512 -0.012001
vn -0.081256 0.056997 -0.012196
vn -0.082108 0.051768 -0.02405
vn -0.078673 0.05672 -0.024359
vn -0.07773 0.049327 -0.039049
vn -0.073914 0.054627 -0.039403
vn -0.070916 0.046191 -0.053267
vn -0.06694 0.051535 -0.053509
vn -0.062249 0.04228 -0.065859
vn -0.054302 0.052149 -0.065816
vn -0.048663 0.041848 -0.076686
vn -0.041039 0.050253 -0.076095
vn -0.03781 0.043909 -0.081501
vn -0.030466 0.050735 -0.080609
vn -0.076417 0.064502 1.8e-05
vn -0.077929 0.061437 -0.012352
vn -0.074912 0.06151 -0.024591
vn -0.069878 0.059594 -0.039568
vn -0.058547 0.061 -0.053397
vn -0.045899 0.060375 -0.065177
vn -0.033106 0.057047 -0.075164
vn -0.023336 0.055855 -0.079597
vn -0.074299 0.065754 -0.012491
vn -0.070155 0.071262 -4.4e-05
vn -0.070494 0.069808 -0.012548
vn -0.063378 0.077351 -3.8e-05
vn -0.062386 0.07715 -0.012484
vn -0.055994 0.082853 -7e-06
vn -0.053549 0.083555 -0.012289
vn -0.047855 0.087806 0
vn -0.043993 0.08899 -0.01206
vn -0.039325 0.091943 3.6e-05
vn -0.034227 0.093218 -0.011785
vn -0.030536 0.095224 6.7e-05
vn -0.024253 0.096319 -0.011599
vn -0.021474 0.097667 4e-05
vn -0.014087 0.098331 -0.01151
vn -0.012113 0.099264 0
vn -0.003716 0.099277 -0.011416
vn -0.002617 0.099966 4.5e-05
vn 0.006515 0.099138 -0.011368
vn 0.006788 0.099769 0.000101
vn 0.016105 0.098695 8.6e-05
vn 0.016653 0.097935 -0.011468
vn 0.025339 0.096736 1.9e-05
vn 0.027987 0.095287 -0.011713
vn 0.034483 0.093866 7e-06
vn 0.039185 0.091226 -0.011929
vn 0.043178 0.090198 3e-05
vn 0.049717 0.085907 -0.012171
vn 0.051361 0.085802 2.6e-05
vn 0.069168 0.07113 -0.012505
vn 0.073085 0.068254 -4.7e-05
vn 0.07347 0.066675 -0.012512
vn 0.077426 0.062048 -0.012459
vn 0.078138 0.057406 -0.024474
vn 0.081951 0.051978 -0.024132
vn 0.081079 0.04401 -0.038592
vn 0.084544 0.037787 -0.037742
vn 0.081381 0.027969 -0.050939
vn 0.08433 0.021082 -0.049436
vn 0.075987 0.017606 -0.062578
vn 0.07667 0.011421 -0.063176
vn 0.064858 0.01544 -0.074532
vn 0.078774 0.061601 -0.000115
vn 0.081076 0.057231 -0.012303
vn 0.085353 0.046454 -0.0236
vn 0.087592 0.031416 -0.036616
vn 0.086796 0.01418 -0.047597
vn 0.085876 0.008797 -0.050477
vn 0.092842 0.016878 -0.033099
vn 0.096342 0.012726 -0.023585
vn 0.095946 0.020788 -0.019032
vn 0.097465 0.019309 -0.011305
vn 0.096718 0.023848 -0.008765
vn 0.095867 0.028452 1.5e-05
vn 0.093916 0.034347 8e-06
vn 0.095031 0.029599 -0.009644
vn 0.091318 0.040755 -2e-06
vn 0.092791 0.03578 -0.010473
vn 0.087961 0.047569 -1e-06
vn 0.089964 0.042213 -0.011157
vn 0.087342 0.04729 -0.01162
vn 0.091041 0.035038 -0.021998
vn 0.088407 0.040758 -0.02287
vn 0.090176 0.02502 -0.035246
vn 0.084349 0.052351 -0.012027
vn 0.083738 0.054662 -6.7e-05
vn 0.051291 0.019139 -0.083683
vn 0.054017 0.021169 -0.08145
vn 0.062135 0.020923 -0.075508
vn 0.069067 0.031637 -0.065029
vn 0.065071 0.038165 -0.065645
vn 0.069921 0.047574 -0.053365
vn 0.065467 0.053373 -0.053529
vn 0.068402 0.061284 -0.039565
vn 0.044475 0.020326 -0.087229
vn 0.045833 0.020802 -0.086409
vn 0.050424 0.027337 -0.081916
vn 0.054622 0.033739 -0.076669
vn 0.058481 0.027577 -0.076286
vn 0.060844 0.044209 -0.065905
vn 0.018128 0.018351 -0.096616
vn 0.011695 0.015691 -0.098066
vn 0.01291 0.018063 -0.097504
vn 0.015997 0.025634 -0.095326
vn 0.009089 0.022729 -0.096958
vn 0.007118 0.012965 -0.0989
vn 0.006889 0.015009 -0.098627
vn 0.004144 0.010424 -0.099369
vn 0.00409 0.017952 -0.09829
vn 0.002776 0.010093 -0.099451
vn 0.001523 0.019317 -0.098105
vn 0.001007 0.011435 -0.099339
vn -0.000988 0.019488 -0.098078
vn -0.000702 0.011604 -0.099322
vn -0.003358 0.01846 -0.098224
vn -0.00224 0.010597 -0.099412
vn -0.005856 0.016182 -0.098508
vn -0.003911 0.008363 -0.099573
vn -0.00847 0.012633 -0.098837
vn -0.0057 0.004898 -0.099717
vn -0.011114 0.007831 -0.099071
vn -0.007489 0.00025 -0.099719
vn -0.013802 0.001671 -0.099029
vn -0.009277 -0.005647 -0.099409
vn -0.016438 -0.00581 -0.098468
vn -0.011052 -0.012768 -0.098564
vn -0.018958 -0.014481 -0.097113
vn -0.012755 -0.020949 -0.096946
vn -0.02018 -0.019254 -0.096032
vn -0.013582 -0.025414 -0.095758
vn -0.021357 -0.024302 -0.094622
vn -0.014388 -0.030124 -0.094263
vn -0.022427 -0.029483 -0.092886
vn -0.015134 -0.034962 -0.092459
vn -0.023373 -0.034764 -0.090803
vn -0.015777 -0.039864 -0.090344
vn -0.024175 -0.040117 -0.088353
vn -0.016308 -0.044815 -0.087896
vn -0.024822 -0.045484 -0.085528
vn -0.016727 -0.049781 -0.0851
vn -0.025564 -0.054016 -0.08018
vn -0.017213 -0.057722 -0.079824
vn -0.026037 -0.062112 -0.07392
vn -0.017553 -0.06531 -0.073665
vn 0.002146 0.008463 -0.099618
vn 0.000804 0.007268 -0.099732
vn -0.00018 0.006934 -0.099759
vn -0.00041 0.003619 -0.099934
vn -0.001105 0.002637 -0.099959
vn -0.001937 0.000461 -0.09998
vn -0.002884 -0.0029 -0.099916
vn -0.003802 -0.007363 -0.099656
vn -0.00467 -0.012955 -0.099047
vn -0.005565 -0.019662 -0.09789
vn -0.006432 -0.027284 -0.095991
vn -0.006854 -0.031403 -0.094694
vn -0.007275 -0.03573 -0.093115
vn -0.007685 -0.040179 -0.09125
vn -0.008018 -0.044658 -0.089115
vn -0.008272 -0.049166 -0.086685
vn -0.00846 -0.053689 -0.08394
vn -0.008685 -0.060969 -0.078786
vn -0.008889 -0.067988 -0.072792
vn -0.00011 -0.004398 -0.099903
vn -5e-05 -0.004842 -0.099883
vn 7.3e-05 -0.006065 -0.099816
vn 4.6e-05 -0.008083 -0.099673
vn -3.1e-05 -0.010841 -0.099411
vn -6.5e-05 -0.014285 -0.098974
vn 4e-06 -0.01838 -0.098296
vn 1.4e-05 -0.023199 -0.097272
vn 1.2e-05 -0.028599 -0.095823
vn 1e-06 -0.034476 -0.093869
vn -1.7e-05 -0.040771 -0.091311
vn -0.0001 -0.047373 -0.088067
vn -6.3e-05 -0.053988 -0.084174
vn 1.1e-05 -0.060641 -0.079515
vn -1.9e-05 -0.067284 -0.073979
vn 0.072741 0.024727 -0.064011
vn 0.074112 0.041335 -0.052904
vn 0.072937 0.055873 -0.039477
vn 0.069538 0.067498 -0.024667
vn -0.09619 0.000843 -0.027327
vn -0.092171 -0.01182 -0.036942
vn -0.091094 -0.003354 -0.041117
vn -0.085774 -0.023943 -0.045493
vn -0.084918 -0.015141 -0.050593
vn -0.083212 -0.005395 -0.055196
vn -0.077039 -0.035586 -0.052902
vn -0.076381 -0.026677 -0.058773
vn -0.074931 -0.016804 -0.064055
vn -0.072575 -0.006307 -0.068507
vn -0.071121 -0.041831 -0.056498
vn -0.070562 -0.032965 -0.062724
vn -0.069259 -0.023134 -0.068323
vn -0.067105 -0.01266 -0.073052
vn -0.065255 -0.005935 -0.075542
vn -0.042452 -0.054094 -0.072606
vn -0.041705 -0.045146 -0.078883
vn -0.040456 -0.035637 -0.084222
vn -0.039362 -0.029597 -0.087033
vn -0.038032 -0.023571 -0.089432
vn -0.0365 -0.017663 -0.09141
vn -0.034814 -0.011934 -0.092982
vn -0.032927 -0.006346 -0.09421
vn -0.030949 -0.001085 -0.095084
vn -0.026855 0.00835 -0.095964
vn -0.022561 0.016371 -0.096036
vn -0.01814 0.022918 -0.095633
vn -0.013848 0.027931 -0.095016
vn -0.009639 0.031578 -0.094393
vn -0.005536 0.033904 -0.093914
vn -0.001536 0.034956 -0.093679
vn 0.002529 0.034786 -0.093721
vn 0.006639 0.0334 -0.094023
vn 0.011241 0.030375 -0.09461
vn -0.034341 -0.058382 -0.073568
vn -0.033732 -0.049833 -0.079867
vn -0.032737 -0.040779 -0.085237
vn -0.031866 -0.035053 -0.088067
vn -0.030797 -0.029342 -0.090502
vn -0.029555 -0.023725 -0.09254
vn -0.028173 -0.018247 -0.094198
vn -0.026635 -0.012905 -0.09552
vn -0.02503 -0.007866 -0.096497
vn -0.021712 0.001225 -0.097607
vn -0.018235 0.009008 -0.09791
vn -0.014669 0.015385 -0.097715
vn -0.011189 0.02031 -0.097274
vn -0.007767 0.02392 -0.096786
vn -0.004458 0.02623 -0.096396
vn -0.001266 0.027272 -0.096201
vn 0.002031 0.027101 -0.096236
vn 0.005379 0.025722 -0.096486
vn -0.08798 0.041578 -0.023039
vn -0.084343 0.038154 -0.037823
vn -0.078043 0.034593 -0.052083
vn -0.069592 0.030739 -0.064901
vn -0.059352 0.026066 -0.076144
vn -0.051599 0.025367 -0.081817
vn -0.08521 0.046705 -0.02362
vn -0.081194 0.043836 -0.038547
vn -0.074664 0.040491 -0.05278
vn -0.066031 0.036694 -0.065525
vn -0.055896 0.03177 -0.076592
vn -0.044882 0.035468 -0.082022
vn -0.070953 0.066 -0.024692
vn -0.061325 0.068436 -0.039442
vn -0.049632 0.068919 -0.052791
vn -0.037121 0.067032 -0.064255
vn -0.025385 0.062131 -0.07413
vn -0.01635 0.059499 -0.078693
vn -0.062535 0.074059 -0.024591
vn -0.053448 0.080964 -0.024251
vn -0.043729 0.08672 -0.023821
vn -0.033908 0.091134 -0.023342
vn -0.023979 0.094325 -0.022975
vn -0.013902 0.096379 -0.022757
vn -0.003649 0.097343 -0.022606
vn 0.006427 0.097206 -0.022574
vn 0.016421 0.095983 -0.022752
vn 0.027674 0.093265 -0.023148
vn 0.0389 0.089055 -0.023578
vn 0.04955 0.083463 -0.024055
vn -0.052178 0.075899 -0.038945
vn -0.040267 0.075356 -0.051962
vn -0.028524 0.07201 -0.063253
vn -0.017807 0.065738 -0.073222
vn -0.009412 0.061806 -0.078048
vn -0.042498 0.082023 -0.03829
vn -0.032835 0.086659 -0.037579
vn -0.023169 0.089966 -0.037004
vn -0.013406 0.092078 -0.036632
vn -0.003504 0.093068 -0.036416
vn 0.006194 0.092931 -0.036407
vn 0.015826 0.091677 -0.036672
vn 0.026744 0.08887 -0.037241
vn 0.037758 0.084477 -0.03792
vn 0.048293 0.078567 -0.038666
vn -0.031018 0.080187 -0.051068
vn -0.020049 0.075531 -0.062395
vn -0.010257 0.06802 -0.072581
vn -0.002495 0.062863 -0.07773
vn -0.021843 0.083611 -0.05032
vn -0.012617 0.085785 -0.049818
vn -0.003294 0.086799 -0.049549
vn 0.005825 0.086659 -0.049561
vn 0.014895 0.085371 -0.049899
vn 0.025225 0.082478 -0.050607
vn 0.035743 0.077917 -0.051492
vn 0.045866 0.071727 -0.052455
vn -0.011563 0.077761 -0.061802
vn -0.002703 0.069071 -0.072263
vn 0.004329 0.062706 -0.077777
vn -0.003027 0.078795 -0.061499
vn 0.005332 0.07865 -0.061529
vn 0.013662 0.07733 -0.061915
vn 0.02317 0.074368 -0.06271
vn 0.032923 0.069677 -0.063727
vn 0.04236 0.063279 -0.064818
vn 0.004723 0.068918 -0.072305
vn 0.011157 0.061339 -0.078186
vn 0.012141 0.067566 -0.072715
vn 0.020605 0.064548 -0.073546
vn 0.029335 0.05976 -0.07462
vn 0.037828 0.053211 -0.075748
vn 0.018937 0.058297 -0.079012
vn 0.02698 0.053474 -0.080079
vn 0.034829 0.046874 -0.081178
vn 0.074002 0.062584 -0.024637
vn 0.077175 0.050098 -0.039169
vn 0.077969 0.034739 -0.052096
vn 0.093819 0.027772 -0.020655
vn 0 0 0.1
vn 0 0 0.1
vn 0 0 0.1
vn 0 0 0.1
vn 0 0 0.1
vn 0 0 0.1
vn 0 0 0.1
vn 0 0 0.1
vn 0 0 0.1
vn 0 0 0.1
vn 0 0 0.1
vn 0 0 0.1
vn 0 0 0.1
vn 0 0 0.1
vn 0 0 0.1
vn 0 0 0.1
vn 0 0 0.1
vn 0 0 0.1
vn 0 0 0.1
vn 0 0 0.1
vn 0 0 0.1
vn 0 0 0.1
vn 0 0 0.1
vn 0 0 0.1
vn 0 0 0.1
vn 0 0 0.1
vn 0 0 0.1
vn 0 0 0.1
vn 0 0 0.1
vn 0 0 0.1
vn 0 0 0.1
vn 0 0 0.1
vn 0 0 0.1
vn 0 0 0.1
vn 0 0 0.1
vn 0 0 0.1
vn 0 0 0.1
vn 0 0 0.1
vn 0 0 0.1
vn 0 0 -0.1
vn 0.004442 0 -0.099901
vn 0 0 -0.1
vn 0.008349 0 -0.099651
vn 0.013053 0 -0.099144
vn 0.011676 0 -0.099316
vn 0.014392 0 -0.098959
vn 0.016501 0 -0.098629
vn 0.018007 0 -0.098365
vn 0.018911 0 -0.098196
vn 0.025882 0 -0.096593
vn 0.019213 0 -0.098137
vn 0.033476 0 -0.09423
vn 0.038268 0 -0.092388
vn 0.047007 0 -0.088263
vn 0.05 0 -0.086603
vn 0.059509 0 -0.080366
vn 0.060876 0 -0.079335
vn 0.070711 0 -0.070711
vn 0.070711 0 -0.070711
vn 0 0 -0.1
vn 0 0 -0.1
vn 0 0 -0.1
vn 0 0 -0.1
vn 0 0 -0.1
vn 0 0 -0.1
vn 0 0 -0.1
vn 0 0 -0.1
vn 0 0 -0.1
vn 0 0 -0.1
vn 0 0 -0.1
vn 0 0 -0.1
vn 0 0 -0.1
vn 0 0 -0.1
vn 0 0 -0.1
vn 0 0 -0.1
vn 0 0 -0.1
vn 0 0 -0.1
vn 0 0 -0.1
vn 0 0 -0.1
vn 0 0 -0.1
vn 0 0 -0.1
vn 0 0 -0.1
vn 0 0 -0.1
vn 0 0 -0.1
vn 0 0 -0.1
vn 0 0 -0.1
vn 0 0 -0.1
vn 0 0 -0.1
vn 0 0 -0.1
vn 0 0 -0.1
vn 0 0 -0.1
vn 0 0 -0.1
vn 0 0 -0.1
vn 0 0 -0.1
vn 0 0 -0.1
vn 0 0 -0.1
vn 0.033476 0 0.09423
vn 0.019213 0 0.098137
vn 0.025882 0 0.096593
vn 0.018911 0 0.098196
vn 0.018007 0 0.098365
vn 0.016501 0 0.098629
vn 0.013053 0 0.099144
vn 0.014392 0 0.098959
vn 0.011676 0 0.099316
vn 0.008349 0 0.099651
vn 0.004442 0 0.099901
vn 0.038268 0 0.092388
vn 0.047007 0 0.088263
vn 0.05 0 0.086603
vn 0.059509 0 0.080366
vn 0.060876 0 0.079335
vn 0.070711 0 0.070711
vn 0.070711 0 0.070711
vn 0.070711 0 0.070711
vn 0.070711 0 0.070711
vn 0.080054 0 0.059928
vn 0.080054 0 0.059928
vn 0.087768 0 0.047925
vn 0.087768 0 0.047925
vn 0.093695 0 0.034946
vn 0.093695 0 0.034946
vn 0.097715 0 0.021257
vn 0.097715 0 0.021257
vn 0.099745 0 0.007134
vn 0.099745 0 0.007134
vn 0.099745 0 -0.007134
vn 0.099745 0 -0.007134
vn 0.097715 0 -0.021257
vn 0.097715 0 -0.021257
vn 0.093695 0 -0.034946
vn 0.093695 0 -0.034946
vn 0.087768 0 -0.047925
vn 0.087768 0 -0.047925
vn 0.080054 0 -0.059928
vn 0.080054 0 -0.059928
vn 0.070711 0 -0.070711
vn 0.070711 0 -0.070711
vn -0.070711 0 0.070711
vn -0.070711 0 0.070711
vn -0.060876 0 0.079335
vn -0.060876 0 0.079335
vn -0.05 0 0.086603
vn -0.05 0 0.086603
vn -0.038268 0 0.092388
vn -0.038268 0 0.092388
vn -0.025882 0 0.096593
vn -0.025882 0 0.096593
vn -0.013053 0 0.099144
vn -0.013053 0 0.099144
vn -0.013053 0 -0.099144
vn -0.013053 0 -0.099144
vn -0.025882 0 -0.096593
vn -0.025882 0 -0.096593
vn -0.038268 0 -0.092388
vn -0.038268 0 -0.092388
vn -0.05 0 -0.086603
vn -0.05 0 -0.086603
vn -0.060876 0 -0.079335
vn -0.060876 0 -0.079335
vn -0.070711 0 -0.070711
vn -0.070711 0 -0.070711
vn -0.070711 0 -0.070711
vn -0.070711 0 -0.070711
vn -0.080054 0 -0.059928
vn -0.080054 0 -0.059928
vn -0.087768 0 -0.047925
vn -0.087768 0 -0.047925
vn -0.093695 0 -0.034946
vn -0.093695 0 -0.034946
vn -0.097715 0 -0.021257
vn -0.097715 0 -0.021257
vn -0.099745 0 -0.007134
vn -0.099745 0 -0.007134
vn -0.099745 0 0.007134
vn -0.099745 0 0.007134
vn -0.097715 0 0.021257
vn -0.097715 0 0.021257
vn -0.093695 0 0.034946
vn -0.093695 0 0.034946
vn -0.087768 0 0.047925
vn -0.087768 0 0.047925
vn -0.080054 0 0.059928
vn -0.080054 0 0.059928
vn -0.070711 0 0.070711
vn -0.070711 0 0.070711
vn -0.1 0 0
vn -0.1 0 0
vn -0.1 0 0
vn -0.1 0 0
vn 0.097815 0 0.020791
vn 0.097815 0 0.020791
vn 0.1 0 0
vn 0.1 0 0
vn 0.097815 0 -0.020791
vn 0.097815 0 -0.020791
vn 0.091355 0 -0.040674
vn 0.091355 0 -0.040674
vn 0.080902 0 -0.058779
vn 0.080902 0 -0.058779
vn 0.066913 0 -0.074314
vn 0.066913 0 -0.074314
vn 0.05 0 -0.086603
vn 0.05 0 -0.086603
vn 0.030902 0 -0.095106
vn 0.030902 0 -0.095106
vn 0.010453 0 -0.099452
vn 0.010453 0 -0.099452
vn -0.010453 0 -0.099452
vn -0.010453 0 -0.099452
vn -0.030902 0 -0.095106
vn -0.030902 0 -0.095106
vn -0.05 0 -0.086603
vn -0.05 0 -0.086603
vn -0.066913 0 -0.074314
vn -0.066913 0 -0.074314
vn -0.080902 0 -0.058779
vn -0.080902 0 -0.058779
vn -0.091355 0 -0.040674
vn -0.091355 0 -0.040674
vn -0.097815 0 -0.020791
vn -0.097815 0 -0.020791
vn -0.1 0 0
vn -0.1 0 0
vn -0.097815 0 0.020791
vn -0.097815 0 0.020791
vn -0.091355 0 0.040674
vn -0.091355 0 0.040674
vn -0.080902 0 0.058779
vn -0.080902 0 0.058779
vn -0.066913 0 0.074314
vn -0.066913 0 0.074314
vn -0.05 0 0.086603
vn -0.05 0 0.086603
vn -0.030902 0 0.095106
vn -0.030902 0 0.095106
vn -0.010453 0 0.099452
vn -0.010453 0 0.099452
vn 0.010453 0 0.099452
vn 0.010453 0 0.099452
vn 0.030902 0 0.095106
vn 0.030902 0 0.095106
vn 0.05 0 0.086603
vn 0.05 0 0.086603
vn 0.066913 0 0.074314
vn 0.066913 0 0.074314
vn 0.080902 0 0.058779
vn 0.080902 0 0.058779
vn 0.091355 0 0.040674
vn 0.091355 0 0.040674
vn 0 0.1 0
vn 0 0.1 0
vn 0 0.1 0
vn 0 0.1 0
vn 0 0.1 0
vn 0 0.1 0
vn 0 0.1 0
vn 0 0.1 0
vn 0 0.1 0
vn 0 0.1 0
vn 0 0.1 0
vn 0 0.1 0
vn 0 0.1 0
vn 0 0.1 0
vn 0 0.1 0
vn 0 0.1 0
vn 0 0.1 0
vn 0 0.1 0
vn 0 0.1 0
vn 0 0.1 0
vn 0 0.1 0
vn 0 0.1 0
vn 0 0.1 0
vn 0 0.1 0
vn 0 0.1 0
vn 0 0.1 0
vn 0 0.1 0
vn 0 0.1 0
vn 0 0.1 0
vn 0 0.1 0
vn 0 0.1 0
vn 0 0.1 0
vn 0 0.1 0
vn 0 0.1 0
vn 0 0.1 0
vn 0 0.1 0
vn 0 0.1 0
vn 0 0.1 0
vn 0 0.1 0
vn 0 0.1 0
vn 0 0.1 0
vn 0 0.1 0
vn 0 0.1 0
vn 0 0.1 0
vn 0 0.1 0
vn 0 0.1 0
vn 0 0.1 0
vn 0 0.1 0
vn 0 0.1 0
vn 0 0.1 0
vn 0 0.1 0
vn 0 0.1 0
vn 0 0.1 0
vn 0 0.1 0
vn 0.097815 0 0.020791
vn 0.097815 0 0.020791
vn 0.1 0 0
vn 0.1 0 0
vn 0.097815 0 -0.020791
vn 0.097815 0 -0.020791
vn 0.091355 0 -0.040674
vn 0.091355 0 -0.040674
vn 0.080902 0 -0.058779
vn 0.080902 0 -0.058779
vn 0.066913 0 -0.074314
vn 0.066913 0 -0.074314
vn 0.05 0 -0.086603
vn 0.05 0 -0.086603
vn 0.030902 0 -0.095106
vn 0.030902 0 -0.095106
vn 0.010453 0 -0.099452
vn 0.010453 0 -0.099452
vn -0.010453 0 -0.099452
vn -0.010453 0 -0.099452
vn -0.030902 0 -0.095106
vn -0.030902 0 -0.095106
vn -0.05 0 -0.086603
vn -0.05 0 -0.086603
vn -0.066913 0 -0.074314
vn -0.066913 0 -0.074314
vn -0.080902 0 -0.058779
vn -0.080902 0 -0.058779
vn -0.091355 0 -0.040674
vn -0.091355 0 -0.040674
vn -0.097815 0 -0.020791
vn -0.097815 0 -0.020791
vn -0.1 0 0
vn -0.1 0 0
vn -0.097815 0 0.020791
vn -0.097815 0 0.020791
vn -0.091355 0 0.040674
vn -0.091355 0 0.040674
vn -0.080902 0 0.058779
vn -0.080902 0 0.058779
vn -0.066913 0 0.074314
vn -0.066913 0 0.074314
vn -0.05 0 0.086603
vn -0.05 0 0.086603
vn -0.030902 0 0.095106
vn -0.030902 0 0.095106
vn -0.010453 0 0.099452
vn -0.010453 0 0.099452
vn 0.010453 0 0.099452
vn 0.010453 0 0.099452
vn 0.030902 0 0.095106
vn 0.030902 0 0.095106
vn 0.05 0 0.086603
vn 0.05 0 0.086603
vn 0.066913 0 0.074314
vn 0.066913 0 0.074314
vn 0.080902 0 0.058779
vn 0.080902 0 0.058779
vn 0.091355 0 0.040674
vn 0.091355 0 0.040674
vn 0 0.1 0
vn 0 0.1 0
vn 0 0.1 0
vn 0 0.1 0
vn 0 0.1 0
vn 0 0.1 0
vn 0 0.1 0
vn 0 0.1 0
vn 0 0.1 0
vn 0 0.1 0
vn 0 0.1 0
vn 0 0.1 0
vn 0 0.1 0
vn 0 0.1 0
vn 0 0.1 0
vn 0 0.1 0
vn 0 0.1 0
vn 0 0.1 0
vn 0 0.1 0
vn 0 0.1 0
vn 0 0.1 0
vn 0 0.1 0
vn 0 0.1 0
vn 0 0.1 0
vn 0 0.1 0
vn 0 0.1 0
vn 0 0.1 0
vn 0 0.1 0
vn 0 0.1 0
vn 0 0.1 0
vn 0 0.1 0
vn 0 0.1 0
vn 0 0.1 0
vn 0 0.1 0
vn 0 0.1 0
vn 0 0.1 0
vn 0 0.1 0
vn 0 0.1 0
vn 0 0.1 0
vn 0 0.1 0
vn 0 0.1 0
vn 0 0.1 0
vn 0 0.1 0
vn 0 0.1 0
vn 0 0.1 0
vn 0 0.1 0
vn 0 0.1 0
vn 0 0.1 0
vn 0 0.1 0
vn 0 0.1 0
vn 0 0.1 0
vn 0 0.1 0
vn 0 0.1 0
vn 0 0.1 0
vn 0.097815 0 0.020791
vn 0.097815 0 0.020791
vn 0.1 0 0
vn 0.1 0 0
vn 0.097815 0 -0.020791
vn 0.097815 0 -0.020791
vn 0.091355 0 -0.040674
vn 0.091355 0 -0.040674
vn 0.080902 0 -0.058779
vn 0.080902 0 -0.058779
vn 0.066913 0 -0.074314
vn 0.066913 0 -0.074314
vn 0.05 0 -0.086603
vn 0.05 0 -0.086603
vn 0.030902 0 -0.095106
vn 0.030902 0 -0.095106
vn 0.010453 0 -0.099452
vn 0.010453 0 -0.099452
vn -0.010453 0 -0.099452
vn -0.010453 0 -0.099452
vn -0.030902 0 -0.095106
vn -0.030902 0 -0.095106
vn -0.05 0 -0.086603
vn -0.05 0 -0.086603
vn -0.066913 0 -0.074314
vn -0.066913 0 -0.074314
vn -0.080902 0 -0.058779
vn -0.080902 0 -0.058779
vn -0.091355 0 -0.040674
vn -0.091355 0 -0.040674
vn -0.097815 0 -0.020791
vn -0.097815 0 -0.020791
vn -0.1 0 0
vn -0.1 0 0
vn -0.097815 0 0.020791
vn -0.097815 0 0.020791
vn -0.091355 0 0.040674
vn -0.091355 0 0.040674
vn -0.080902 0 0.058779
vn -0.080902 0 0.058779
vn -0.066913 0 0.074314
vn -0.066913 0 0.074314
vn -0.05 0 0.086603
vn -0.05 0 0.086603
vn -0.030902 0 0.095106
vn -0.030902 0 0.095106
vn -0.010453 0 0.099452
vn -0.010453 0 0.099452
vn 0.010453 0 0.099452
vn 0.010453 0 0.099452
vn 0.030902 0 0.095106
vn 0.030902 0 0.095106
vn 0.05 0 0.086603
vn 0.05 0 0.086603
vn 0.066913 0 0.074314
vn 0.066913 0 0.074314
vn 0.080902 0 0.058779
vn 0.080902 0 0.058779
vn 0.091355 0 0.040674
vn 0.091355 0 0.040674
vn 0 0.1 0
vn 0 0.1 0
vn 0 0.1 0
vn 0 0.1 0
vn 0 0.1 0
vn 0 0.1 0
vn 0 0.1 0
vn 0 0.1 0
vn 0 0.1 0
vn 0 0.1 0
vn 0 0.1 0
vn 0 0.1 0
vn 0 0.1 0
vn 0 0.1 0
vn 0 0.1 0
vn 0 0.1 0
vn 0 0.1 0
vn 0 0.1 0
vn 0 0.1 0
vn 0 0.1 0
vn 0 0.1 0
vn 0 0.1 0
vn 0 0.1 0
vn 0 0.1 0
vn 0 0.1 0
vn 0 0.1 0
vn 0 0.1 0
vn 0 0.1 0
vn 0 0.1 0
vn 0 0.1 0
vn 0 0.1 0
vn 0 0.1 0
vn 0 0.1 0
vn 0 0.1 0
vn 0 0.1 0
vn 0 0.1 0
vn 0 0.1 0
vn 0 0.1 0
vn 0 0.1 0
vn 0 0.1 0
vn 0 0.1 0
vn 0 0.1 0
vn 0 0.1 0
vn 0 0.1 0
vn 0 0.1 0
vn 0 0.1 0
vn 0 0.1 0
vn 0 0.1 0
vn 0 0.1 0
vn 0 0.1 0
vn 0 0.1 0
vn 0 0.1 0
vn 0 0.1 0
vn 0 0.1 0
vn 0.097815 0 0.020791
vn 0.097815 0 0.020791
vn 0.1 0 0
vn 0.1 0 0
vn 0.097815 0 -0.020791
vn 0.097815 0 -0.020791
vn 0.091355 0 -0.040674
vn 0.091355 0 -0.040674
vn 0.080902 0 -0.058779
vn 0.080902 0 -0.058779
vn 0.066913 0 -0.074314
vn 0.066913 0 -0.074314
vn 0.05 0 -0.086603
vn 0.05 0 -0.086603
vn 0.030902 0 -0.095106
vn 0.030902 0 -0.095106
vn 0.010453 0 -0.099452
vn 0.010453 0 -0.099452
vn -0.010453 0 -0.099452
vn -0.010453 0 -0.099452
vn -0.030902 0 -0.095106
vn -0.030902 0 -0.095106
vn -0.05 0 -0.086603
vn -0.05 0 -0.086603
vn -0.066913 0 -0.074314
vn -0.066913 0 -0.074314
vn -0.080902 0 -0.058779
vn -0.080902 0 -0.058779
vn -0.091355 0 -0.040674
vn -0.091355 0 -0.040674
vn -0.097815 0 -0.020791
vn -0.097815 0 -0.020791
vn -0.1 0 0
vn -0.1 0 0
vn -0.097815 0 0.020791
vn -0.097815 0 0.020791
vn -0.091355 0 0.040674
vn -0.091355 0 0.040674
vn -0.080902 0 0.058779
vn -0.080902 0 0.058779
vn -0.066913 0 0.074314
vn -0.066913 0 0.074314
vn -0.05 0 0.086603
vn -0.05 0 0.086603
vn -0.030902 0 0.095106
vn -0.030902 0 0.095106
vn -0.010453 0 0.099452
vn -0.010453 0 0.099452
vn 0.010453 0 0.099452
vn 0.010453 0 0.099452
vn 0.030902 0 0.095106
vn 0.030902 0 0.095106
vn 0.05 0 0.086603
vn 0.05 0 0.086603
vn 0.066913 0 0.074314
vn 0.066913 0 0.074314
vn 0.080902 0 0.058779
vn 0.080902 0 0.058779
vn 0.091355 0 0.040674
vn 0.091355 0 0.040674
vn 0 0.1 0
vn 0 0.1 0
vn 0 0.1 0
vn 0 0.1 0
vn 0 0.1 0
vn 0 0.1 0
vn 0 0.1 0
vn 0 0.1 0
vn 0 0.1 0
vn 0 0.1 0
vn 0 0.1 0
vn 0 0.1 0
vn 0 0.1 0
vn 0 0.1 0
vn 0 0.1 0
vn 0 0.1 0
vn 0 0.1 0
vn 0 0.1 0
vn 0 0.1 0
vn 0 0.1 0
vn 0 0.1 0
vn 0 0.1 0
vn 0 0.1 0
vn 0 0.1 0
vn 0 0.1 0
vn 0 0.1 0
vn 0 0.1 0
vn 0 0.1 0
vn 0 0.1 0
vn 0 0.1 0
vn 0 0.1 0
vn 0 0.1 0
vn 0 0.1 0
vn 0 0.1 0
vn 0 0.1 0
vn 0 0.1 0
vn 0 0.1 0
vn 0 0.1 0
vn 0 0.1 0
vn 0 0.1 0
vn 0 0.1 0
vn 0 0.1 0
vn 0 0.1 0
vn 0 0.1 0
vn 0 0.1 0
vn 0 0.1 0
vn 0 0.1 0
vn 0 0.1 0
vn 0 0.1 0
vn 0 0.1 0
vn 0 0.1 0
vn 0 0.1 0
vn 0 0.1 0
vn 0 0.1 0
vn 0.099916 0.004109 0
vn 0.099916 0.004109 0
vn 0.099659 0.008249 0
vn 0.099659 0.008249 0
vn 0.09923 0.012387 0
vn 0.098631 0.016488 0
vn 0.098631 0.016488 0
vn 0.09923 0.012387 0
vn 0.097872 0.020519 0
vn 0.097872 0.020519 0
vn 0.096965 0.02445 0
vn 0.096965 0.02445 0
vn 0.095927 0.028249 0
vn 0.095927 0.028249 0
vn 0.094777 0.031896 0
vn 0.094777 0.031896 0
vn 0.092225 0.03866 0
vn 0.092225 0.03866 0
vn 0.089502 0.044604 0
vn 0.089502 0.044604 0
vn 0.086692 0.049844 0
vn 0.083772 0.05461 0
vn 0.083772 0.05461 0
vn 0.086692 0.049844 0
vn 0.081029 0.058602 0
vn 0.081029 0.058602 0
vn 0.078654 0.061754 0
vn 0.078654 0.061754 0
vn 0.076515 0.064385 0
vn 0.074654 0.066534 0
vn 0.074654 0.066534 0
vn 0.076515 0.064385 0
vn 0.073163 0.068171 0
vn 0.073163 0.068171 0
vn 0.072102 0.069292 0
vn 0.072102 0.069292 0
vn 0.071475 0.069938 0
vn 0.071475 0.069938 0
vn 0.07127 0.070147 0
vn 0 0.018375 0.098297
vn 0 0.018375 0.098297
vn 0 0 0.1
vn 0 0 0.1
vn 0 -0.018375 0.098297
vn 0 -0.018375 0.098297
vn 0 -0.036124 0.093247
vn 0 -0.036124 0.093247
vn 0 -0.052643 0.085022
vn 0 -0.052643 0.085022
vn 0 -0.06737 0.073901
vn 0 -0.06737 0.073901
vn 0 -0.079802 0.060263
vn 0 -0.079802 0.060263
vn 0 -0.089516 0.044574
vn 0 -0.089516 0.044574
vn 0 -0.096183 0.027366
vn 0 -0.096183 0.027366
vn 0 -0.099573 0.009227
vn 0 -0.099573 0.009227
vn 0 -0.099573 -0.009227
vn 0 -0.099573 -0.009227
vn 0 -0.096183 -0.027366
vn 0 -0.096183 -0.027366
vn 0 -0.089516 -0.044574
vn 0 -0.089516 -0.044574
vn 0 -0.079802 -0.060263
vn 0 -0.079802 -0.060263
vn 0 -0.06737 -0.073901
vn 0 -0.06737 -0.073901
vn 0 -0.052643 -0.085022
vn 0 -0.052643 -0.085022
vn 0 -0.036124 -0.093247
vn 0 -0.036124 -0.093247
vn 0 -0.018375 -0.098297
vn 0 -0.018375 -0.098297
vn 0 0 -0.1
vn 0 0 -0.1
vn 0 0.018375 -0.098297
vn 0 0.018375 -0.098297
vn 0 0.036124 -0.093247
vn 0 0.036124 -0.093247
vn 0 0.052643 -0.085022
vn 0 0.052643 -0.085022
vn 0 0.06737 -0.073901
vn 0 0.06737 -0.073901
vn 0 0.079802 -0.060263
vn 0 0.079802 -0.060263
vn 0 0.089516 -0.044574
vn 0 0.089516 -0.044574
vn 0 0.096183 -0.027366
vn 0 0.096183 -0.027366
vn 0 0.099573 -0.009227
vn 0 0.099573 -0.009227
vn 0 0.099573 0.009227
vn 0 0.099573 0.009227
vn 0 0.096183 0.027366
vn 0 0.096183 0.027366
vn 0 0.089516 0.044574
vn 0 0.089516 0.044574
vn 0 0.079802 0.060263
vn 0 0.079802 0.060263
vn 0 0.06737 0.073901
vn 0 0.06737 0.073901
vn 0 0.052643 0.085022
vn 0 0.052643 0.085022
vn 0 0.036124 0.093247
vn 0 0.036124 0.093247
vn 0 0.018375 0.098297
vn 0 0.018375 0.098297
vn 0 0 0.1
vn 0 0 0.1
vn 0 -0.018375 0.098297
vn 0 -0.018375 0.098297
vn 0 -0.036124 0.093247
vn 0 -0.036124 0.093247
vn 0 -0.052643 0.085022
vn 0 -0.052643 0.085022
vn 0 -0.06737 0.073901
vn 0 -0.06737 0.073901
vn 0 -0.079802 0.060263
vn 0 -0.079802 0.060263
vn 0 -0.089516 0.044574
vn 0 -0.089516 0.044574
vn 0 -0.096183 0.027366
vn 0 -0.096183 0.027366
vn 0 -0.099573 0.009227
vn 0 -0.099573 0.009227
vn 0 -0.099573 -0.009227
vn 0 -0.099573 -0.009227
vn 0 -0.096183 -0.027366
vn 0 -0.096183 -0.027366
vn 0 -0.089516 -0.044574
vn 0 -0.089516 -0.044574
vn 0 -0.079802 -0.060263
vn 0 -0.079802 -0.060263
vn 0 -0.06737 -0.073901
vn 0 -0.06737 -0.073901
vn 0 -0.052643 -0.085022
vn 0 -0.052643 -0.085022
vn 0 -0.036124 -0.093247
vn 0 -0.036124 -0.093247
vn 0 -0.018375 -0.098297
vn 0 -0.018375 -0.098297
vn 0 0 -0.1
vn 0 0 -0.1
vn 0 0.018375 -0.098297
vn 0 0.018375 -0.098297
vn 0 0.036124 -0.093247
vn 0 0.036124 -0.093247
vn 0 0.052643 -0.085022
vn 0 0.052643 -0.085022
vn 0 0.06737 -0.073901
vn 0 0.06737 -0.073901
vn 0 0.079802 -0.060263
vn 0 0.079802 -0.060263
vn 0 0.089516 -0.044574
vn 0 0.089516 -0.044574
vn 0 0.096183 -0.027366
vn 0 0.096183 -0.027366
vn 0 0.099573 -0.009227
vn 0 0.099573 -0.009227
vn 0 0.099573 0.009227
vn 0 0.099573 0.009227
vn 0 0.096183 0.027366
vn 0 0.096183 0.027366
vn 0 0.089516 0.044574
vn 0 0.089516 0.044574
vn 0 0.079802 0.060263
vn 0 0.079802 0.060263
vn 0 0.06737 0.073901
vn 0 0.06737 0.073901
vn 0 0.052643 0.085022
vn 0 0.052643 0.085022
vn 0 0.036124 0.093247
vn 0 0.036124 0.093247
vn 0 -0.1 0
vn 0 -0.1 0
vn 0 -0.1 0
vn 0 -0.1 0
vn 0 -0.1 0
vn 0 -0.1 0
vn 0 -0.1 0
vn 0 -0.1 0
vn 0 -0.1 0
vn 0 -0.1 0
vn 0 -0.1 0
vn 0 -0.1 0
vn 0 -0.1 0
vn 0 -0.1 0
vn 0 -0.1 0
vn 0 -0.1 0
vn 0 -0.1 0
vn 0 -0.1 0
vn 0 -0.1 0
vn 0 -0.1 0
vn 0 -0.1 0
vn 0 -0.1 0
vn 0 -0.1 0
vn 0 -0.1 0
vn 0 -0.1 0
vn 0 -0.1 0
vn 0 -0.1 0
vn 0 -0.1 0
vn 0 -0.1 0
vn 0 -0.1 0
vn 0 -0.1 0
vn 0 -0.1 0
vn 0 -0.1 0
vn 0 -0.1 0
vn 0 -0.1 0
vn 0 -0.1 0
vn 0 -0.1 0
vn 0 -0.1 0
vn 0 -0.1 0
vn 0 -0.1 0
vn 0 -0.1 0
vn 0 -0.1 0
vn 0 -0.1 0
vn 0 -0.1 0
vn 0 -0.1 0
vn 0 -0.1 0
vn 0 -0.1 0
vn 0 -0.1 0
vn 0 -0.1 0
vn 0 -0.1 0
vn 0 -0.1 0
vn 0 -0.1 0
vn 0 -0.1 0
vn 0 -0.1 0
vn 0 -0.1 0
vn 0 -0.1 0
vn 0 -0.1 0
vn 0 -0.1 0
vn 0 -0.1 0
vn 0 -0.1 0
vn 0 -0.1 0
vn 0 -0.1 0
vn 0 -0.1 0
vn 0 -0.1 0
vn 0 -0.1 0
vn 0 -0.1 0
vn 0 -0.1 0
vn 0 -0.1 0
vn 0 -0.1 0
vn 0 -0.1 0
vn 0 -0.1 0
vn 0 -0.1 0
vn 0 -0.1 0
vn 0 -0.1 0
vn 0 -0.1 0
vn 0 -0.1 0
vn 0.096593 0 0.025882
vn 0.096593 0 0.025882
vn 0.1 0 0
vn 0.1 0 0
vn 0.096593 0 -0.025882
vn 0.096593 0 -0.025882
vn 0.086603 0 -0.05
vn 0.086603 0 -0.05
vn 0.070711 0 -0.070711
vn 0.070711 0 -0.070711
vn 0.05 0 -0.086603
vn 0.05 0 -0.086603
vn 0.025882 0 -0.096593
vn 0.025882 0 -0.096593
vn 0 0 -0.1
vn 0 0 -0.1
vn -0.025882 0 -0.096593
vn -0.025882 0 -0.096593
vn -0.05 0 -0.086603
vn -0.05 0 -0.086603
vn -0.070711 0 -0.070711
vn -0.070711 0 -0.070711
vn -0.086603 0 -0.05
vn -0.086603 0 -0.05
vn -0.096593 0 -0.025882
vn -0.096593 0 -0.025882
vn -0.1 0 0
vn -0.1 0 0
vn -0.096593 0 0.025882
vn -0.096593 0 0.025882
vn -0.086603 0 0.05
vn -0.086603 0 0.05
vn -0.070711 0 0.070711
vn -0.070711 0 0.070711
vn -0.05 0 0.086603
vn -0.05 0 0.086603
vn -0.025882 0 0.096593
vn -0.025882 0 0.096593
vn 0 0 0.1
vn 0 0 0.1
vn 0.025882 0 0.096593
vn 0.025882 0 0.096593
vn 0.05 0 0.086603
vn 0.05 0 0.086603
vn 0.070711 0 0.070711
vn 0.070711 0 0.070711
vn 0.086603 0 0.05
vn 0.086603 0 0.05
vn 0.096593 0 0.025882
vn 0.096593 0 0.025882
vn 0.1 0 0
vn 0.1 0 0
vn 0.096593 0 -0.025882
vn 0.096593 0 -0.025882
vn 0.086603 0 -0.05
vn 0.086603 0 -0.05
vn 0.070711 0 -0.070711
vn 0.070711 0 -0.070711
vn 0.05 0 -0.086603
vn 0.05 0 -0.086603
vn 0.025882 0 -0.096593
vn 0.025882 0 -0.096593
vn 0 0 -0.1
vn 0 0 -0.1
vn -0.025882 0 -0.096593
vn -0.025882 0 -0.096593
vn -0.05 0 -0.086603
vn -0.05 0 -0.086603
vn -0.070711 0 -0.070711
vn -0.070711 0 -0.070711
vn -0.086603 0 -0.05
vn -0.086603 0 -0.05
vn -0.096593 0 -0.025882
vn -0.096593 0 -0.025882
vn -0.1 0 0
vn -0.1 0 0
vn -0.096593 0 0.025882
vn -0.096593 0 0.025882
vn -0.086603 0 0.05
vn -0.086603 0 0.05
vn -0.070711 0 0.070711
vn -0.070711 0 0.070711
vn -0.05 0 0.086603
vn -0.05 0 0.086603
vn -0.025882 0 0.096593
vn -0.025882 0 0.096593
vn 0 0 0.1
vn 0 0 0.1
vn 0.025882 0 0.096593
vn 0.025882 0 0.096593
vn 0.05 0 0.086603
vn 0.05 0 0.086603
vn 0.070711 0 0.070711
vn 0.070711 0 0.070711
vn 0.086603 0 0.05
vn 0.086603 0 0.05
vn 0.096593 0 0.025882
vn 0.096593 0 0.025882
vn 0.1 0 0
vn 0.1 0 0
vn 0.096593 0 -0.025882
vn 0.096593 0 -0.025882
vn 0.086603 0 -0.05
vn 0.086603 0 -0.05
vn 0.070711 0 -0.070711
vn 0.070711 0 -0.070711
vn 0.05 0 -0.086603
vn 0.05 0 -0.086603
vn 0.025882 0 -0.096593
vn 0.025882 0 -0.096593
vn 0 0 -0.1
vn 0 0 -0.1
vn -0.025882 0 -0.096593
vn -0.025882 0 -0.096593
vn -0.05 0 -0.086603
vn -0.05 0 -0.086603
vn -0.070711 0 -0.070711
vn -0.070711 0 -0.070711
vn -0.086603 0 -0.05
vn -0.086603 0 -0.05
vn -0.096593 0 -0.025882
vn -0.096593 0 -0.025882
vn -0.1 0 0
vn -0.1 0 0
vn -0.096593 0 0.025882
vn -0.096593 0 0.025882
vn -0.086603 0 0.05
vn -0.086603 0 0.05
vn -0.070711 0 0.070711
vn -0.070711 0 0.070711
vn -0.05 0 0.086603
vn -0.05 0 0.086603
vn -0.025882 0 0.096593
vn -0.025882 0 0.096593
vn 0 0 0.1
vn 0 0 0.1
vn 0.025882 0 0.096593
vn 0.025882 0 0.096593
vn 0.05 0 0.086603
vn 0.05 0 0.086603
vn 0.070711 0 0.070711
vn 0.070711 0 0.070711
vn 0.086603 0 0.05
vn 0.086603 0 0.05
vn 0.096593 0 0.025882
vn 0.096593 0 0.025882
vn 0.1 0 0
vn 0.1 0 0
vn 0.096593 0 -0.025882
vn 0.096593 0 -0.025882
vn 0.086603 0 -0.05
vn 0.086603 0 -0.05
vn 0.070711 0 -0.070711
vn 0.070711 0 -0.070711
vn 0.05 0 -0.086603
vn 0.05 0 -0.086603
vn 0.025882 0 -0.096593
vn 0.025882 0 -0.096593
vn 0 0 -0.1
vn 0 0 -0.1
vn -0.025882 0 -0.096593
vn -0.025882 0 -0.096593
vn -0.05 0 -0.086603
vn -0.05 0 -0.086603
vn -0.070711 0 -0.070711
vn -0.070711 0 -0.070711
vn -0.086603 0 -0.05
vn -0.086603 0 -0.05
vn -0.096593 0 -0.025882
vn -0.096593 0 -0.025882
vn -0.1 0 0
vn -0.1 0 0
vn -0.096593 0 0.025882
vn -0.096593 0 0.025882
vn -0.086603 0 0.05
vn -0.086603 0 0.05
vn -0.070711 0 0.070711
vn -0.070711 0 0.070711
vn -0.05 0 0.086603
vn -0.05 0 0.086603
vn -0.025882 0 0.096593
vn -0.025882 0 0.096593
vn 0 0 0.1
vn 0 0 0.1
vn 0.025882 0 0.096593
vn 0.025882 0 0.096593
vn 0.05 0 0.086603
vn 0.05 0 0.086603
vn 0.070711 0 0.070711
vn 0.070711 0 0.070711
vn 0.086603 0 0.05
vn 0.086603 0 0.05
vn 0 -0.1 0
vn 0 -0.1 0
vn 0 -0.1 0
vn 0 -0.1 0
vn 0 -0.1 0
vn 0 -0.1 0
vn 0 -0.1 0
vn 0 -0.1 0
vn 0 -0.1 0
vn 0 -0.1 0
vn 0 -0.1 0
vn 0 -0.1 0
vn 0 -0.1 0
vn 0 -0.1 0
vn 0 -0.1 0
vn 0 -0.1 0
vn 0 -0.1 0
vn 0 -0.1 0
vn 0 -0.1 0
vn 0 -0.1 0
vn 0 -0.1 0
vn 0 -0.1 0
vn 0 -0.1 0
vn 0 -0.1 0
vn 0 -0.1 0
vn 0 -0.1 0
vn 0 -0.1 0
vn 0 -0.1 0
vn 0 -0.1 0
vn 0 -0.1 0
vn 0 -0.1 0
vn 0 -0.1 0
vn 0 -0.1 0
vn 0 -0.1 0
vn 0 -0.1 0
vn 0 -0.1 0
vn 0 -0.1 0
vn 0 -0.1 0
vn 0 -0.1 0
vn 0 -0.1 0
vn 0 -0.1 0
vn 0 -0.1 0
vn 0 -0.1 0
vn 0 -0.1 0
vn 0 -0.1 0
vn 0 -0.1 0
vn 0 -0.1 0
vn 0 -0.1 0
vn 0 -0.1 0
vn 0 -0.1 0
vn 0 -0.1 0
vn 0 -0.1 0
vn 0 -0.1 0
vn 0 -0.1 0
vn 0 -0.1 0
vn 0 -0.1 0
vn 0 -0.1 0
vn 0 -0.1 0
vn 0 -0.1 0
vn 0 -0.1 0
vn 0 -0.1 0
vn 0 -0.1 0
vn 0 -0.1 0
vn 0 -0.1 0
vn 0 -0.1 0
vn 0 -0.1 0
vn 0 -0.1 0
vn 0 -0.1 0
vn 0 -0.1 0
vn 0 -0.1 0
vn 0 -0.1 0
vn 0 -0.1 0
vn 0 -0.1 0
vn 0 -0.1 0
vn 0 -0.1 0
vn 0 -0.1 0
f 1/3/3 42/2/2 2/1/1
f 41/4/4 42/2/2 1/3/3
f 31/5/5 41/4/4 1/3/3
f 60/6/6 41/4/4 31/5/5
f 30/7/7 60/6/6 31/5/5
f 69/8/8 60/6/6 30/7/7
f 29/9/9 69/8/8 30/7/7
f 78/10/10 69/8/8 29/9/9
f 28/11/11 78/10/10 29/9/9
f 86/12/12 78/10/10 28/11/11
f 27/13/13 86/12/12 28/11/11
f 96/14/14 86/12/12 27/13/13
f 26/15/15 96/14/14 27/13/13
f 95/16/16 96/14/14 26/15/15
f 25/17/17 95/16/16 26/15/15
f 113/18/18 95/16/16 25/17/17
f 24/19/19 113/18/18 25/17/17
f 122/20/20 113/18/18 24/19/19
f 23/21/21 122/20/20 24/19/19
f 22/22/22 122/20/20 23/21/21
f 121/23/23 122/20/20 22/22/22
f 120/24/24 121/23/23 22/22/22
f 111/25/25 121/23/23 120/24/24
f 110/26/26 111/25/25 120/24/24
f 92/27/27 111/25/25 110/26/26
f 91/28/28 92/27/27 110/26/26
f 100/29/29 92/27/27 91/28/28
f 101/30/30 100/29/29 91/28/28
f 81/31/31 100/29/29 101/30/30
f 80/32/32 81/31/31 101/30/30
f 72/33/33 81/31/31 80/32/32
f 71/34/34 72/33/33 80/32/32
f 62/35/35 72/33/33 71/34/34
f 61/36/36 62/35/35 71/34/34
f 52/37/37 62/35/35 61/36/36
f 10/38/38 52/37/37 61/36/36
f 9/39/39 52/37/37 10/38/38
f 33/40/40 52/37/37 9/39/39
f 8/41/41 33/40/40 9/39/39
f 48/42/42 33/40/40 8/41/41
f 7/43/43 48/42/42 8/41/41
f 51/44/44 48/42/42 7/43/43
f 6/45/45 51/44/44 7/43/43
f 4/46/46 51/44/44 6/45/45
f 5/47/47 4/46/46 6/45/45
f 2/1/1 44/49/49 3/48/48
f 43/50/50 44/49/49 2/1/1
f 42/2/2 43/50/50 2/1/1
f 39/51/51 43/50/50 42/2/2
f 40/52/52 39/51/51 42/2/2
f 59/53/53 39/51/51 40/52/52
f 60/6/6 59/53/53 40/52/52
f 69/8/8 59/53/53 60/6/6
f 3/48/48 50/54/54 4/46/46
f 49/55/55 50/54/54 3/48/48
f 44/49/49 49/55/55 3/48/48
f 45/56/56 49/55/55 44/49/49
f 37/57/57 45/56/56 44/49/49
f 36/58/58 45/56/56 37/57/57
f 56/59/59 36/58/58 37/57/57
f 55/60/60 36/58/58 56/59/59
f 65/61/61 55/60/60 56/59/59
f 64/62/62 55/60/60 65/61/61
f 74/63/63 64/62/62 65/61/61
f 73/64/64 64/62/62 74/63/63
f 82/65/65 73/64/64 74/63/63
f 81/31/31 73/64/64 82/65/65
f 100/29/29 81/31/31 82/65/65
f 61/36/36 11/66/66 10/38/38
f 70/67/67 11/66/66 61/36/36
f 71/34/34 70/67/67 61/36/36
f 79/68/68 70/67/67 71/34/34
f 80/32/32 79/68/68 71/34/34
f 102/69/69 79/68/68 80/32/32
f 101/30/30 102/69/69 80/32/32
f 90/70/70 102/69/69 101/30/30
f 91/28/28 90/70/70 101/30/30
f 109/71/71 90/70/70 91/28/28
f 110/26/26 109/71/71 91/28/28
f 119/72/72 109/71/71 110/26/26
f 120/24/24 119/72/72 110/26/26
f 21/73/73 119/72/72 120/24/24
f 22/22/22 21/73/73 120/24/24
f 70/67/67 12/74/74 11/66/66
f 32/75/75 12/74/74 70/67/67
f 79/68/68 32/75/75 70/67/67
f 103/76/76 32/75/75 79/68/68
f 102/69/69 103/76/76 79/68/68
f 89/77/77 103/76/76 102/69/69
f 90/70/70 89/77/77 102/69/69
f 108/78/78 89/77/77 90/70/70
f 109/71/71 108/78/78 90/70/70
f 118/79/79 108/78/78 109/71/71
f 119/72/72 118/79/79 109/71/71
f 21/73/73 118/79/79 119/72/72
f 32/75/75 13/80/80 12/74/74
f 104/81/81 13/80/80 32/75/75
f 103/76/76 104/81/81 32/75/75
f 88/82/82 104/81/81 103/76/76
f 89/77/77 88/82/82 103/76/76
f 107/83/83 88/82/82 89/77/77
f 108/78/78 107/83/83 89/77/77
f 117/84/84 107/83/83 108/78/78
f 118/79/79 117/84/84 108/78/78
f 20/85/85 117/84/84 118/79/79
f 21/73/73 20/85/85 118/79/79
f 87/86/86 13/80/80 104/81/81
f 14/87/87 13/80/80 87/86/86
f 105/88/88 14/87/87 87/86/86
f 15/89/89 14/87/87 105/88/88
f 114/90/90 15/89/89 105/88/88
f 16/91/91 15/89/89 114/90/90
f 18/92/92 16/91/91 114/90/90
f 17/93/93 16/91/91 18/92/92
f 114/90/90 19/94/94 18/92/92
f 115/95/95 19/94/94 114/90/90
f 105/88/88 115/95/95 114/90/90
f 106/96/96 115/95/95 105/88/88
f 87/86/86 106/96/96 105/88/88
f 88/82/82 106/96/96 87/86/86
f 104/81/81 88/82/82 87/86/86
f 116/97/97 19/94/94 115/95/95
f 20/85/85 19/94/94 116/97/97
f 117/84/84 20/85/85 116/97/97
f 48/42/42 34/98/98 33/40/40
f 47/99/99 34/98/98 48/42/42
f 51/44/44 47/99/99 48/42/42
f 50/54/54 47/99/99 51/44/44
f 4/46/46 50/54/54 51/44/44
f 47/99/99 35/100/100 34/98/98
f 46/101/101 35/100/100 47/99/99
f 50/54/54 46/101/101 47/99/99
f 49/55/55 46/101/101 50/54/54
f 53/102/102 33/40/40 34/98/98
f 52/37/37 33/40/40 53/102/102
f 62/35/35 52/37/37 53/102/102
f 46/101/101 36/58/58 35/100/100
f 45/56/56 36/58/58 46/101/101
f 49/55/55 45/56/56 46/101/101
f 54/103/103 34/98/98 35/100/100
f 53/102/102 34/98/98 54/103/103
f 63/104/104 53/102/102 54/103/103
f 62/35/35 53/102/102 63/104/104
f 72/33/33 62/35/35 63/104/104
f 55/60/60 35/100/100 36/58/58
f 54/103/103 35/100/100 55/60/60
f 64/62/62 54/103/103 55/60/60
f 63/104/104 54/103/103 64/62/62
f 73/64/64 63/104/104 64/62/62
f 72/33/33 63/104/104 73/64/64
f 81/31/31 72/33/33 73/64/64
f 38/105/105 44/49/49 43/50/50
f 37/57/57 44/49/49 38/105/105
f 57/106/106 37/57/57 38/105/105
f 56/59/59 37/57/57 57/106/106
f 66/107/107 56/59/59 57/106/106
f 65/61/61 56/59/59 66/107/107
f 75/108/108 65/61/61 66/107/107
f 74/63/63 65/61/61 75/108/108
f 83/109/109 74/63/63 75/108/108
f 82/65/65 74/63/63 83/109/109
f 99/110/110 82/65/65 83/109/109
f 100/29/29 82/65/65 99/110/110
f 92/27/27 100/29/29 99/110/110
f 39/51/51 38/105/105 43/50/50
f 58/111/111 38/105/105 39/51/51
f 59/53/53 58/111/111 39/51/51
f 68/112/112 58/111/111 59/53/53
f 69/8/8 68/112/112 59/53/53
f 78/10/10 68/112/112 69/8/8
f 57/106/106 38/105/105 58/111/111
f 40/52/52 42/2/2 41/4/4
f 40/52/52 41/4/4 60/6/6
f 67/113/113 57/106/106 58/111/111
f 66/107/107 57/106/106 67/113/113
f 76/114/114 66/107/107 67/113/113
f 75/108/108 66/107/107 76/114/114
f 84/115/115 75/108/108 76/114/114
f 83/109/109 75/108/108 84/115/115
f 98/116/116 83/109/109 84/115/115
f 99/110/110 83/109/109 98/116/116
f 93/117/117 99/110/110 98/116/116
f 92/27/27 99/110/110 93/117/117
f 111/25/25 92/27/27 93/117/117
f 68/112/112 67/113/113 58/111/111
f 77/118/118 67/113/113 68/112/112
f 78/10/10 77/118/118 68/112/112
f 86/12/12 77/118/118 78/10/10
f 76/114/114 67/113/113 77/118/118
f 85/119/119 76/114/114 77/118/118
f 84/115/115 76/114/114 85/119/119
f 97/120/120 84/115/115 85/119/119
f 98/116/116 84/115/115 97/120/120
f 94/121/121 98/116/116 97/120/120
f 93/117/117 98/116/116 94/121/121
f 112/122/122 93/117/117 94/121/121
f 111/25/25 93/117/117 112/122/122
f 121/23/23 111/25/25 112/122/122
f 85/119/119 86/12/12 96/14/14
f 77/118/118 86/12/12 85/119/119
f 97/120/120 85/119/119 96/14/14
f 106/96/96 88/82/82 107/83/83
f 95/16/16 97/120/120 96/14/14
f 94/121/121 97/120/120 95/16/16
f 113/18/18 94/121/121 95/16/16
f 112/122/122 94/121/121 113/18/18
f 122/20/20 112/122/122 113/18/18
f 121/23/23 112/122/122 122/20/20
f 106/96/96 116/97/97 115/95/95
f 107/83/83 116/97/97 106/96/96
f 107/83/83 117/84/84 116/97/97
f 144/125/125 123/124/124 134/123/123
f 124/126/126 123/124/124 144/125/125
f 143/127/127 124/126/126 144/125/125
f 125/128/128 124/126/126 143/127/127
f 142/129/129 125/128/128 143/127/127
f 126/130/130 125/128/128 142/129/129
f 141/131/131 126/130/130 142/129/129
f 140/132/132 126/130/130 141/131/131
f 150/133/133 140/132/132 141/131/131
f 149/134/134 140/132/132 150/133/133
f 159/135/135 149/134/134 150/133/133
f 158/136/136 149/134/134 159/135/135
f 20/137/85 158/136/136 159/135/135
f 157/138/137 158/136/136 20/137/85
f 21/139/138 157/138/137 20/137/85
f 156/140/139 157/138/137 21/139/138
f 155/141/140 156/140/139 21/139/138
f 146/142/141 156/140/139 155/141/140
f 145/143/142 146/142/141 155/141/140
f 136/144/143 146/142/141 145/143/142
f 132/145/144 136/144/143 145/143/142
f 131/146/145 136/144/143 132/145/144
f 130/147/146 136/144/143 131/146/145
f 129/148/147 136/144/143 130/147/146
f 137/149/148 136/144/143 129/148/147
f 128/150/149 137/149/148 129/148/147
f 138/151/150 137/149/148 128/150/149
f 139/152/151 138/151/150 128/150/149
f 148/153/152 138/151/150 139/152/151
f 149/134/134 148/153/152 139/152/151
f 158/136/136 148/153/152 149/134/134
f 140/132/132 127/154/153 126/130/130
f 139/152/151 127/154/153 140/132/132
f 149/134/134 139/152/151 140/132/132
f 139/152/151 128/150/149 127/154/153
f 145/143/142 133/155/154 132/145/144
f 154/156/155 133/155/154 145/143/142
f 155/141/140 154/156/155 145/143/142
f 22/157/156 154/156/155 155/141/140
f 21/139/138 22/157/156 155/141/140
f 154/156/155 23/158/21 133/155/154
f 22/157/156 23/158/21 154/156/155
f 159/135/135 19/159/157 20/137/85
f 160/160/158 19/159/157 159/135/135
f 150/133/133 160/160/158 159/135/135
f 151/161/159 160/160/158 150/133/133
f 141/131/131 151/161/159 150/133/133
f 142/129/129 151/161/159 141/131/131
f 161/162/160 19/159/157 160/160/158
f 18/163/161 19/159/157 161/162/160
f 135/164/162 18/163/161 161/162/160
f 17/165/93 18/163/161 135/164/162
f 134/123/123 17/165/93 135/164/162
f 153/166/163 134/123/123 135/164/162
f 144/125/125 134/123/123 153/166/163
f 143/127/127 144/125/125 153/166/163
f 137/149/148 146/142/141 136/144/143
f 147/167/164 146/142/141 137/149/148
f 138/151/150 147/167/164 137/149/148
f 148/153/152 147/167/164 138/151/150
f 152/168/165 142/129/129 143/127/127
f 151/161/159 142/129/129 152/168/165
f 161/162/160 151/161/159 152/168/165
f 160/160/158 151/161/159 161/162/160
f 147/167/164 156/140/139 146/142/141
f 157/138/137 156/140/139 147/167/164
f 148/153/152 157/138/137 147/167/164
f 158/136/136 157/138/137 148/153/152
f 152/168/165 153/166/163 135/164/162
f 143/127/127 153/166/163 152/168/165
f 161/162/160 152/168/165 135/164/162
f 183/171/168 163/170/167 162/169/166
f 190/172/169 163/170/167 183/171/168
f 182/173/170 190/172/169 183/171/168
f 196/174/171 190/172/169 182/173/170
f 181/175/172 196/174/171 182/173/170
f 202/176/173 196/174/171 181/175/172
f 180/177/174 202/176/173 181/175/172
f 207/178/175 202/176/173 180/177/174
f 179/179/176 207/178/175 180/177/174
f 214/180/177 207/178/175 179/179/176
f 178/181/178 214/180/177 179/179/176
f 213/182/179 214/180/177 178/181/178
f 177/183/180 213/182/179 178/181/178
f 225/184/181 213/182/179 177/183/180
f 176/185/182 225/184/181 177/183/180
f 231/186/183 225/184/181 176/185/182
f 123/187/184 231/186/183 176/185/182
f 124/188/185 231/186/183 123/187/184
f 230/189/186 231/186/183 124/188/185
f 125/190/187 230/189/186 124/188/185
f 229/191/188 230/189/186 125/190/187
f 126/192/189 229/191/188 125/190/187
f 228/193/190 229/191/188 126/192/189
f 127/194/191 228/193/190 126/192/189
f 227/195/192 228/193/190 127/194/191
f 128/196/193 227/195/192 127/194/191
f 226/197/194 227/195/192 128/196/193
f 129/198/195 226/197/194 128/196/193
f 130/199/146 226/197/194 129/198/195
f 175/200/196 226/197/194 130/199/146
f 220/201/197 226/197/194 175/200/196
f 174/202/198 220/201/197 175/200/196
f 208/203/199 220/201/197 174/202/198
f 173/204/200 208/203/199 174/202/198
f 219/205/201 208/203/199 173/204/200
f 184/206/202 219/205/201 173/204/200
f 218/207/203 219/205/201 184/206/202
f 203/208/204 218/207/203 184/206/202
f 217/209/205 218/207/203 203/208/204
f 204/210/206 217/209/205 203/208/204
f 216/211/207 217/209/205 204/210/206
f 205/212/208 216/211/207 204/210/206
f 215/213/209 216/211/207 205/212/208
f 206/214/210 215/213/209 205/212/208
f 214/180/177 215/213/209 206/214/210
f 207/178/175 214/180/177 206/214/210
f 190/172/169 164/215/211 163/170/167
f 189/216/212 164/215/211 190/172/169
f 196/174/171 189/216/212 190/172/169
f 195/217/213 189/216/212 196/174/171
f 202/176/173 195/217/213 196/174/171
f 201/218/214 195/217/213 202/176/173
f 207/178/175 201/218/214 202/176/173
f 206/214/210 201/218/214 207/178/175
f 189/216/212 165/219/215 164/215/211
f 188/220/216 165/219/215 189/216/212
f 195/217/213 188/220/216 189/216/212
f 194/221/217 188/220/216 195/217/213
f 201/218/214 194/221/217 195/217/213
f 200/222/218 194/221/217 201/218/214
f 206/214/210 200/222/218 201/218/214
f 205/212/208 200/222/218 206/214/210
f 188/220/216 166/223/219 165/219/215
f 187/224/220 166/223/219 188/220/216
f 194/221/217 187/224/220 188/220/216
f 193/225/221 187/224/220 194/221/217
f 200/222/218 193/225/221 194/221/217
f 199/226/222 193/225/221 200/222/218
f 205/212/208 199/226/222 200/222/218
f 204/210/206 199/226/222 205/212/208
f 187/224/220 167/227/223 166/223/219
f 186/228/224 167/227/223 187/224/220
f 193/225/221 186/228/224 187/224/220
f 192/229/225 186/228/224 193/225/221
f 199/226/222 192/229/225 193/225/221
f 198/230/226 192/229/225 199/226/222
f 204/210/206 198/230/226 199/226/222
f 203/208/204 198/230/226 204/210/206
f 186/228/224 168/231/227 167/227/223
f 185/232/228 168/231/227 186/228/224
f 192/229/225 185/232/228 186/228/224
f 191/233/229 185/232/228 192/229/225
f 198/230/226 191/233/229 192/229/225
f 197/234/230 191/233/229 198/230/226
f 203/208/204 197/234/230 198/230/226
f 184/206/202 197/234/230 203/208/204
f 185/232/228 169/235/231 168/231/227
f 170/236/232 169/235/231 185/232/228
f 191/233/229 170/236/232 185/232/228
f 171/237/233 170/236/232 191/233/229
f 197/234/230 171/237/233 191/233/229
f 172/238/234 171/237/233 197/234/230
f 184/206/202 172/238/234 197/234/230
f 173/204/200 172/238/234 184/206/202
f 209/239/235 219/205/201 218/207/203
f 208/203/199 219/205/201 209/239/235
f 221/240/236 208/203/199 209/239/235
f 220/201/197 208/203/199 221/240/236
f 227/195/192 220/201/197 221/240/236
f 226/197/194 220/201/197 227/195/192
f 210/241/237 218/207/203 217/209/205
f 209/239/235 218/207/203 210/241/237
f 222/242/238 209/239/235 210/241/237
f 221/240/236 209/239/235 222/242/238
f 228/193/190 221/240/236 222/242/238
f 227/195/192 221/240/236 228/193/190
f 211/243/239 217/209/205 216/211/207
f 210/241/237 217/209/205 211/243/239
f 223/244/240 210/241/237 211/243/239
f 222/242/238 210/241/237 223/244/240
f 229/191/188 222/242/238 223/244/240
f 228/193/190 222/242/238 229/191/188
f 212/245/241 216/211/207 215/213/209
f 211/243/239 216/211/207 212/245/241
f 224/246/242 211/243/239 212/245/241
f 223/244/240 211/243/239 224/246/242
f 230/189/186 223/244/240 224/246/242
f 229/191/188 223/244/240 230/189/186
f 213/182/179 215/213/209 214/180/177
f 212/245/241 215/213/209 213/182/179
f 225/184/181 212/245/241 213/182/179
f 224/246/242 212/245/241 225/184/181
f 231/186/183 224/246/242 225/184/181
f 230/189/186 224/246/242 231/186/183
f 240/249/244 232/248/243 162/247/166
f 233/250/245 232/248/243 240/249/244
f 241/251/246 233/250/245 240/249/244
f 234/252/247 233/250/245 241/251/246
f 242/253/248 234/252/247 241/251/246
f 235/254/249 234/252/247 242/253/248
f 243/255/250 235/254/249 242/253/248
f 236/256/251 235/254/249 243/255/250
f 244/257/252 236/256/251 243/255/250
f 237/258/253 236/256/251 244/257/252
f 245/259/254 237/258/253 244/257/252
f 238/260/255 237/258/253 245/259/254
f 239/261/256 238/260/255 245/259/254
f 245/259/254 169/262/231 239/261/256
f 168/263/227 169/262/231 245/259/254
f 244/257/252 168/263/227 245/259/254
f 167/264/223 168/263/227 244/257/252
f 243/255/250 167/264/223 244/257/252
f 166/265/219 167/264/223 243/255/250
f 242/253/248 166/265/219 243/255/250
f 165/266/215 166/265/219 242/253/248
f 241/251/246 165/266/215 242/253/248
f 164/267/211 165/266/215 241/251/246
f 240/249/244 164/267/211 241/251/246
f 163/268/167 164/267/211 240/249/244
f 162/247/166 163/268/167 240/249/244
f 271/271/259 247/270/258 246/269/257
f 278/272/260 247/270/258 271/271/259
f 270/273/261 278/272/260 271/271/259
f 284/274/262 278/272/260 270/273/261
f 269/275/263 284/274/262 270/273/261
f 290/276/264 284/274/262 269/275/263
f 268/277/265 290/276/264 269/275/263
f 296/278/266 290/276/264 268/277/265
f 267/279/267 296/278/266 268/277/265
f 301/280/268 296/278/266 267/279/267
f 266/281/269 301/280/268 267/279/267
f 308/282/270 301/280/268 266/281/269
f 265/283/271 308/282/270 266/281/269
f 307/284/272 308/282/270 265/283/271
f 264/285/273 307/284/272 265/283/271
f 319/286/274 307/284/272 264/285/273
f 263/287/275 319/286/274 264/285/273
f 325/288/276 319/286/274 263/287/275
f 262/289/277 325/288/276 263/287/275
f 331/290/278 325/288/276 262/289/277
f 232/291/243 331/290/278 262/289/277
f 233/292/245 331/290/278 232/291/243
f 330/293/279 331/290/278 233/292/245
f 234/294/247 330/293/279 233/292/245
f 329/295/280 330/293/279 234/294/247
f 235/296/249 329/295/280 234/294/247
f 328/297/281 329/295/280 235/296/249
f 236/298/251 328/297/281 235/296/249
f 327/299/282 328/297/281 236/298/251
f 237/300/253 327/299/282 236/298/251
f 326/301/283 327/299/282 237/300/253
f 238/302/255 326/301/283 237/300/253
f 239/303/256 326/301/283 238/302/255
f 261/304/284 326/301/283 239/303/256
f 320/305/285 326/301/283 261/304/284
f 260/306/286 320/305/285 261/304/284
f 314/307/287 320/305/285 260/306/286
f 259/308/288 314/307/287 260/306/286
f 302/309/289 314/307/287 259/308/288
f 258/310/290 302/309/289 259/308/288
f 313/311/291 302/309/289 258/310/290
f 272/312/292 313/311/291 258/310/290
f 312/313/293 313/311/291 272/312/292
f 297/314/294 312/313/293 272/312/292
f 311/315/295 312/313/293 297/314/294
f 298/316/296 311/315/295 297/314/294
f 310/317/297 311/315/295 298/316/296
f 299/318/298 310/317/297 298/316/296
f 309/319/299 310/317/297 299/318/298
f 300/320/300 309/319/299 299/318/298
f 308/282/270 309/319/299 300/320/300
f 301/280/268 308/282/270 300/320/300
f 278/272/260 248/321/301 247/270/258
f 277/322/302 248/321/301 278/272/260
f 284/274/262 277/322/302 278/272/260
f 283/323/303 277/322/302 284/274/262
f 290/276/264 283/323/303 284/274/262
f 289/324/304 283/323/303 290/276/264
f 296/278/266 289/324/304 290/276/264
f 295/325/305 289/324/304 296/278/266
f 301/280/268 295/325/305 296/278/266
f 300/320/300 295/325/305 301/280/268
f 277/322/302 249/326/306 248/321/301
f 276/327/307 249/326/306 277/322/302
f 283/323/303 276/327/307 277/322/302
f 282/328/308 276/327/307 283/323/303
f 289/324/304 282/328/308 283/323/303
f 288/329/309 282/328/308 289/324/304
f 295/325/305 288/329/309 289/324/304
f 294/330/310 288/329/309 295/325/305
f 300/320/300 294/330/310 295/325/305
f 299/318/298 294/330/310 300/320/300
f 276/327/307 250/331/311 249/326/306
f 275/332/312 250/331/311 276/327/307
f 282/328/308 275/332/312 276/327/307
f 281/333/313 275/332/312 282/328/308
f 288/329/309 281/333/313 282/328/308
f 287/334/314 281/333/313 288/329/309
f 294/330/310 287/334/314 288/329/309
f 293/335/315 287/334/314 294/330/310
f 299/318/298 293/335/315 294/330/310
f 298/316/296 293/335/315 299/318/298
f 275/332/312 251/336/316 250/331/311
f 274/337/317 251/336/316 275/332/312
f 281/333/313 274/337/317 275/332/312
f 280/338/318 274/337/317 281/333/313
f 287/334/314 280/338/318 281/333/313
f 286/339/319 280/338/318 287/334/314
f 293/335/315 286/339/319 287/334/314
f 292/340/320 286/339/319 293/335/315
f 298/316/296 292/340/320 293/335/315
f 297/314/294 292/340/320 298/316/296
f 274/337/317 252/341/321 251/336/316
f 273/342/322 252/341/321 274/337/317
f 280/338/318 273/342/322 274/337/317
f 279/343/323 273/342/322 280/338/318
f 286/339/319 279/343/323 280/338/318
f 285/344/324 279/343/323 286/339/319
f 292/340/320 285/344/324 286/339/319
f 291/345/325 285/344/324 292/340/320
f 297/314/294 291/345/325 292/340/320
f 272/312/292 291/345/325 297/314/294
f 273/342/322 253/346/326 252/341/321
f 254/347/327 253/346/326 273/342/322
f 279/343/323 254/347/327 273/342/322
f 255/348/328 254/347/327 279/343/323
f 285/344/324 255/348/328 279/343/323
f 256/349/329 255/348/328 285/344/324
f 291/345/325 256/349/329 285/344/324
f 257/350/330 256/349/329 291/345/325
f 272/312/292 257/350/330 291/345/325
f 258/310/290 257/350/330 272/312/292
f 303/351/331 313/311/291 312/313/293
f 302/309/289 313/311/291 303/351/331
f 315/352/332 302/309/289 303/351/331
f 314/307/287 302/309/289 315/352/332
f 321/353/333 314/307/287 315/352/332
f 320/305/285 314/307/287 321/353/333
f 327/299/282 320/305/285 321/353/333
f 326/301/283 320/305/285 327/299/282
f 304/354/334 312/313/293 311/315/295
f 303/351/331 312/313/293 304/354/334
f 316/355/335 303/351/331 304/354/334
f 315/352/332 303/351/331 316/355/335
f 322/356/336 315/352/332 316/355/335
f 321/353/333 315/352/332 322/356/336
f 328/297/281 321/353/333 322/356/336
f 327/299/282 321/353/333 328/297/281
f 305/357/337 311/315/295 310/317/297
f 304/354/334 311/315/295 305/357/337
f 317/358/338 304/354/334 305/357/337
f 316/355/335 304/354/334 317/358/338
f 323/359/339 316/355/335 317/358/338
f 322/356/336 316/355/335 323/359/339
f 329/295/280 322/356/336 323/359/339
f 328/297/281 322/356/336 329/295/280
f 306/360/340 310/317/297 309/319/299
f 305/357/337 310/317/297 306/360/340
f 318/361/341 305/357/337 306/360/340
f 317/358/338 305/357/337 318/361/341
f 324/362/342 317/358/338 318/361/341
f 323/359/339 317/358/338 324/362/342
f 330/293/279 323/359/339 324/362/342
f 329/295/280 323/359/339 330/293/279
f 307/284/272 309/319/299 308/282/270
f 306/360/340 309/319/299 307/284/272
f 319/286/274 306/360/340 307/284/272
f 318/361/341 306/360/340 319/286/274
f 325/288/276 318/361/341 319/286/274
f 324/362/342 318/361/341 325/288/276
f 331/290/278 324/362/342 325/288/276
f 330/293/279 324/362/342 331/290/278
f 332/365/345 340/364/344 333/363/343
f 341/366/346 340/364/344 332/365/345
f 342/367/347 341/366/346 332/365/345
f 346/368/348 341/366/346 342/367/347
f 347/369/349 346/368/348 342/367/347
f 351/370/350 346/368/348 347/369/349
f 249/371/306 351/370/350 347/369/349
f 250/372/311 351/370/350 249/371/306
f 355/373/351 351/370/350 250/372/311
f 251/374/316 355/373/351 250/372/311
f 359/375/352 355/373/351 251/374/316
f 252/376/321 359/375/352 251/374/316
f 363/377/353 359/375/352 252/376/321
f 253/378/326 363/377/353 252/376/321
f 362/379/354 363/377/353 253/378/326
f 361/380/355 362/379/354 253/378/326
f 357/381/356 362/379/354 361/380/355
f 356/382/357 357/381/356 361/380/355
f 352/383/358 357/381/356 356/382/357
f 336/384/359 352/383/358 356/382/357
f 335/385/360 352/383/358 336/384/359
f 348/386/361 352/383/358 335/385/360
f 334/387/362 348/386/361 335/385/360
f 344/388/363 348/386/361 334/387/362
f 333/363/343 344/388/363 334/387/362
f 340/364/344 344/388/363 333/363/343
f 356/382/357 337/389/364 336/384/359
f 360/390/365 337/389/364 356/382/357
f 361/380/355 360/390/365 356/382/357
f 339/391/366 360/390/365 361/380/355
f 253/378/326 339/391/366 361/380/355
f 360/390/365 338/392/367 337/389/364
f 339/391/366 338/392/367 360/390/365
f 347/369/349 248/393/301 249/371/306
f 343/394/368 248/393/301 347/369/349
f 342/367/347 343/394/368 347/369/349
f 246/395/257 343/394/368 342/367/347
f 332/365/345 246/395/257 342/367/347
f 343/394/368 247/396/258 248/393/301
f 246/395/257 247/396/258 343/394/368
f 345/397/369 340/364/344 341/366/346
f 344/388/363 340/364/344 345/397/369
f 349/398/370 344/388/363 345/397/369
f 348/386/361 344/388/363 349/398/370
f 353/399/371 348/386/361 349/398/370
f 352/383/358 348/386/361 353/399/371
f 357/381/356 352/383/358 353/399/371
f 346/368/348 345/397/369 341/366/346
f 350/400/372 345/397/369 346/368/348
f 351/370/350 350/400/372 346/368/348
f 355/373/351 350/400/372 351/370/350
f 349/398/370 345/397/369 350/400/372
f 354/401/373 349/398/370 350/400/372
f 353/399/371 349/398/370 354/401/373
f 358/402/374 353/399/371 354/401/373
f 357/381/356 353/399/371 358/402/374
f 362/379/354 357/381/356 358/402/374
f 354/401/373 355/373/351 359/375/352
f 350/400/372 355/373/351 354/401/373
f 358/402/374 354/401/373 359/375/352
f 358/402/374 359/375/352 363/377/353
f 362/379/354 358/402/374 363/377/353
f 389/405/377 365/404/376 364/403/375
f 396/406/378 365/404/376 389/405/377
f 388/407/379 396/406/378 389/405/377
f 402/408/380 396/406/378 388/407/379
f 387/409/381 402/408/380 388/407/379
f 408/410/382 402/408/380 387/409/381
f 386/411/383 408/410/382 387/409/381
f 414/412/384 408/410/382 386/411/383
f 385/413/385 414/412/384 386/411/383
f 419/414/386 414/412/384 385/413/385
f 384/415/387 419/414/386 385/413/385
f 426/416/388 419/414/386 384/415/387
f 383/417/389 426/416/388 384/415/387
f 425/418/390 426/416/388 383/417/389
f 382/419/391 425/418/390 383/417/389
f 437/420/392 425/418/390 382/419/391
f 381/421/393 437/420/392 382/419/391
f 443/422/394 437/420/392 381/421/393
f 380/423/395 443/422/394 381/421/393
f 449/424/396 443/422/394 380/423/395
f 332/425/345 449/424/396 380/423/395
f 333/426/343 449/424/396 332/425/345
f 448/427/397 449/424/396 333/426/343
f 334/428/362 448/427/397 333/426/343
f 447/429/398 448/427/397 334/428/362
f 335/430/360 447/429/398 334/428/362
f 446/431/399 447/429/398 335/430/360
f 336/432/359 446/431/399 335/430/360
f 445/433/400 446/431/399 336/432/359
f 337/434/364 445/433/400 336/432/359
f 444/435/401 445/433/400 337/434/364
f 338/436/367 444/435/401 337/434/364
f 339/437/366 444/435/401 338/436/367
f 379/438/402 444/435/401 339/437/366
f 438/439/403 444/435/401 379/438/402
f 378/440/404 438/439/403 379/438/402
f 432/441/405 438/439/403 378/440/404
f 377/442/406 432/441/405 378/440/404
f 420/443/407 432/441/405 377/442/406
f 376/444/408 420/443/407 377/442/406
f 431/445/409 420/443/407 376/444/408
f 390/446/410 431/445/409 376/444/408
f 430/447/411 431/445/409 390/446/410
f 415/448/412 430/447/411 390/446/410
f 429/449/413 430/447/411 415/448/412
f 416/450/414 429/449/413 415/448/412
f 428/451/415 429/449/413 416/450/414
f 417/452/416 428/451/415 416/450/414
f 427/453/417 428/451/415 417/452/416
f 418/454/418 427/453/417 417/452/416
f 426/416/388 427/453/417 418/454/418
f 419/414/386 426/416/388 418/454/418
f 396/406/378 366/455/419 365/404/376
f 395/456/420 366/455/419 396/406/378
f 402/408/380 395/456/420 396/406/378
f 401/457/421 395/456/420 402/408/380
f 408/410/382 401/457/421 402/408/380
f 407/458/422 401/457/421 408/410/382
f 414/412/384 407/458/422 408/410/382
f 413/459/423 407/458/422 414/412/384
f 419/414/386 413/459/423 414/412/384
f 418/454/418 413/459/423 419/414/386
f 395/456/420 367/460/424 366/455/419
f 394/461/425 367/460/424 395/456/420
f 401/457/421 394/461/425 395/456/420
f 400/462/426 394/461/425 401/457/421
f 407/458/422 400/462/426 401/457/421
f 406/463/427 400/462/426 407/458/422
f 413/459/423 406/463/427 407/458/422
f 412/464/428 406/463/427 413/459/423
f 418/454/418 412/464/428 413/459/423
f 417/452/416 412/464/428 418/454/418
f 394/461/425 368/465/429 367/460/424
f 393/466/430 368/465/429 394/461/425
f 400/462/426 393/466/430 394/461/425
f 399/467/431 393/466/430 400/462/426
f 406/463/427 399/467/431 400/462/426
f 405/468/432 399/467/431 406/463/427
f 412/464/428 405/468/432 406/463/427
f 411/469/433 405/468/432 412/464/428
f 417/452/416 411/469/433 412/464/428
f 416/450/414 411/469/433 417/452/416
f 393/466/430 369/470/434 368/465/429
f 392/471/435 369/470/434 393/466/430
f 399/467/431 392/471/435 393/466/430
f 398/472/436 392/471/435 399/467/431
f 405/468/432 398/472/436 399/467/431
f 404/473/437 398/472/436 405/468/432
f 411/469/433 404/473/437 405/468/432
f 410/474/438 404/473/437 411/469/433
f 416/450/414 410/474/438 411/469/433
f 415/448/412 410/474/438 416/450/414
f 392/471/435 370/475/439 369/470/434
f 391/476/440 370/475/439 392/471/435
f 398/472/436 391/476/440 392/471/435
f 397/477/441 391/476/440 398/472/436
f 404/473/437 397/477/441 398/472/436
f 403/478/442 397/477/441 404/473/437
f 410/474/438 403/478/442 404/473/437
f 409/479/443 403/478/442 410/474/438
f 415/448/412 409/479/443 410/474/438
f 390/446/410 409/479/443 415/448/412
f 391/476/440 371/480/444 370/475/439
f 372/481/445 371/480/444 391/476/440
f 397/477/441 372/481/445 391/476/440
f 373/482/446 372/481/445 397/477/441
f 403/478/442 373/482/446 397/477/441
f 374/483/447 373/482/446 403/478/442
f 409/479/443 374/483/447 403/478/442
f 375/484/448 374/483/447 409/479/443
f 390/446/410 375/484/448 409/479/443
f 376/444/408 375/484/448 390/446/410
f 421/485/449 431/445/409 430/447/411
f 420/443/407 431/445/409 421/485/449
f 433/486/450 420/443/407 421/485/449
f 432/441/405 420/443/407 433/486/450
f 439/487/451 432/441/405 433/486/450
f 438/439/403 432/441/405 439/487/451
f 445/433/400 438/439/403 439/487/451
f 444/435/401 438/439/403 445/433/400
f 422/488/452 430/447/411 429/449/413
f 421/485/449 430/447/411 422/488/452
f 434/489/453 421/485/449 422/488/452
f 433/486/450 421/485/449 434/489/453
f 440/490/454 433/486/450 434/489/453
f 439/487/451 433/486/450 440/490/454
f 446/431/399 439/487/451 440/490/454
f 445/433/400 439/487/451 446/431/399
f 423/491/455 429/449/413 428/451/415
f 422/488/452 429/449/413 423/491/455
f 435/492/456 422/488/452 423/491/455
f 434/489/453 422/488/452 435/492/456
f 441/493/457 434/489/453 435/492/456
f 440/490/454 434/489/453 441/493/457
f 447/429/398 440/490/454 441/493/457
f 446/431/399 440/490/454 447/429/398
f 424/494/458 428/451/415 427/453/417
f 423/491/455 428/451/415 424/494/458
f 436/495/459 423/491/455 424/494/458
f 435/492/456 423/491/455 436/495/459
f 442/496/460 435/492/456 436/495/459
f 441/493/457 435/492/456 442/496/460
f 448/427/397 441/493/457 442/496/460
f 447/429/398 441/493/457 448/427/397
f 425/418/390 427/453/417 426/416/388
f 424/494/458 427/453/417 425/418/390
f 437/420/392 424/494/458 425/418/390
f 436/495/459 424/494/458 437/420/392
f 443/422/394 436/495/459 437/420/392
f 442/496/460 436/495/459 443/422/394
f 449/424/396 442/496/460 443/422/394
f 448/427/397 442/496/460 449/424/396
f 458/499/462 450/498/461 364/497/375
f 451/500/463 450/498/461 458/499/462
f 459/501/464 451/500/463 458/499/462
f 452/502/465 451/500/463 459/501/464
f 460/503/466 452/502/465 459/501/464
f 453/504/467 452/502/465 460/503/466
f 461/505/468 453/504/467 460/503/466
f 454/506/469 453/504/467 461/505/468
f 462/507/470 454/506/469 461/505/468
f 455/508/471 454/506/469 462/507/470
f 463/509/472 455/508/471 462/507/470
f 456/510/473 455/508/471 463/509/472
f 457/511/474 456/510/473 463/509/472
f 463/509/472 371/512/444 457/511/474
f 370/513/439 371/512/444 463/509/472
f 462/507/470 370/513/439 463/509/472
f 369/514/434 370/513/439 462/507/470
f 461/505/468 369/514/434 462/507/470
f 368/515/429 369/514/434 461/505/468
f 460/503/466 368/515/429 461/505/468
f 367/516/424 368/515/429 460/503/466
f 459/501/464 367/516/424 460/503/466
f 366/517/419 367/516/424 459/501/464
f 458/499/462 366/517/419 459/501/464
f 365/518/376 366/517/419 458/499/462
f 364/497/375 365/518/376 458/499/462
f 485/521/477 465/520/476 464/519/475
f 492/522/478 465/520/476 485/521/477
f 484/523/479 492/522/478 485/521/477
f 498/524/480 492/522/478 484/523/479
f 483/525/481 498/524/480 484/523/479
f 504/526/482 498/524/480 483/525/481
f 482/527/483 504/526/482 483/525/481
f 509/528/484 504/526/482 482/527/483
f 481/529/485 509/528/484 482/527/483
f 516/530/486 509/528/484 481/529/485
f 480/531/487 516/530/486 481/529/485
f 515/532/488 516/530/486 480/531/487
f 479/533/489 515/532/488 480/531/487
f 527/534/490 515/532/488 479/533/489
f 478/535/491 527/534/490 479/533/489
f 533/536/492 527/534/490 478/535/491
f 450/537/461 533/536/492 478/535/491
f 451/538/463 533/536/492 450/537/461
f 532/539/493 533/536/492 451/538/463
f 452/540/465 532/539/493 451/538/463
f 531/541/494 532/539/493 452/540/465
f 453/542/467 531/541/494 452/540/465
f 530/543/495 531/541/494 453/542/467
f 454/544/469 530/543/495 453/542/467
f 529/545/496 530/543/495 454/544/469
f 455/546/471 529/545/496 454/544/469
f 528/547/497 529/545/496 455/546/471
f 456/548/473 528/547/497 455/546/471
f 457/549/474 528/547/497 456/548/473
f 477/550/498 528/547/497 457/549/474
f 522/551/499 528/547/497 477/550/498
f 476/552/500 522/551/499 477/550/498
f 510/553/501 522/551/499 476/552/500
f 475/554/502 510/553/501 476/552/500
f 521/555/503 510/553/501 475/554/502
f 486/556/504 521/555/503 475/554/502
f 520/557/505 521/555/503 486/556/504
f 505/558/506 520/557/505 486/556/504
f 519/559/507 520/557/505 505/558/506
f 506/560/508 519/559/507 505/558/506
f 518/561/509 519/559/507 506/560/508
f 507/562/510 518/561/509 506/560/508
f 517/563/511 518/561/509 507/562/510
f 508/564/512 517/563/511 507/562/510
f 516/530/486 517/563/511 508/564/512
f 509/528/484 516/530/486 508/564/512
f 492/522/478 466/565/513 465/520/476
f 491/566/514 466/565/513 492/522/478
f 498/524/480 491/566/514 492/522/478
f 497/567/515 491/566/514 498/524/480
f 504/526/482 497/567/515 498/524/480
f 503/568/516 497/567/515 504/526/482
f 509/528/484 503/568/516 504/526/482
f 508/564/512 503/568/516 509/528/484
f 491/566/514 467/569/517 466/565/513
f 490/570/518 467/569/517 491/566/514
f 497/567/515 490/570/518 491/566/514
f 496/571/519 490/570/518 497/567/515
f 503/568/516 496/571/519 497/567/515
f 502/572/520 496/571/519 503/568/516
f 508/564/512 502/572/520 503/568/516
f 507/562/510 502/572/520 508/564/512
f 490/570/518 468/573/521 467/569/517
f 489/574/522 468/573/521 490/570/518
f 496/571/519 489/574/522 490/570/518
f 495/575/523 489/574/522 496/571/519
f 502/572/520 495/575/523 496/571/519
f 501/576/524 495/575/523 502/572/520
f 507/562/510 501/576/524 502/572/520
f 506/560/508 501/576/524 507/562/510
f 489/574/522 469/577/525 468/573/521
f 488/578/526 469/577/525 489/574/522
f 495/575/523 488/578/526 489/574/522
f 494/579/527 488/578/526 495/575/523
f 501/576/524 494/579/527 495/575/523
f 500/580/528 494/579/527 501/576/524
f 506/560/508 500/580/528 501/576/524
f 505/558/506 500/580/528 506/560/508
f 488/578/526 470/581/529 469/577/525
f 487/582/530 470/581/529 488/578/526
f 494/579/527 487/582/530 488/578/526
f 493/583/531 487/582/530 494/579/527
f 500/580/528 493/583/531 494/579/527
f 499/584/532 493/583/531 500/580/528
f 505/558/506 499/584/532 500/580/528
f 486/556/504 499/584/532 505/558/506
f 487/582/530 471/585/533 470/581/529
f 472/586/534 471/585/533 487/582/530
f 493/583/531 472/586/534 487/582/530
f 473/587/535 472/586/534 493/583/531
f 499/584/532 473/587/535 493/583/531
f 474/588/536 473/587/535 499/584/532
f 486/556/504 474/588/536 499/584/532
f 475/554/502 474/588/536 486/556/504
f 511/589/537 521/555/503 520/557/505
f 510/553/501 521/555/503 511/589/537
f 523/590/538 510/553/501 511/589/537
f 522/551/499 510/553/501 523/590/538
f 529/545/496 522/551/499 523/590/538
f 528/547/497 522/551/499 529/545/496
f 512/591/539 520/557/505 519/559/507
f 511/589/537 520/557/505 512/591/539
f 524/592/540 511/589/537 512/591/539
f 523/590/538 511/589/537 524/592/540
f 530/543/495 523/590/538 524/592/540
f 529/545/496 523/590/538 530/543/495
f 513/593/541 519/559/507 518/561/509
f 512/591/539 519/559/507 513/593/541
f 525/594/542 512/591/539 513/593/541
f 524/592/540 512/591/539 525/594/542
f 531/541/494 524/592/540 525/594/542
f 530/543/495 524/592/540 531/541/494
f 514/595/543 518/561/509 517/563/511
f 513/593/541 518/561/509 514/595/543
f 526/596/544 513/593/541 514/595/543
f 525/594/542 513/593/541 526/596/544
f 532/539/493 525/594/542 526/596/544
f 531/541/494 525/594/542 532/539/493
f 515/532/488 517/563/511 516/530/486
f 514/595/543 517/563/511 515/532/488
f 527/534/490 514/595/543 515/532/488
f 526/596/544 514/595/543 527/534/490
f 533/536/492 526/596/544 527/534/490
f 532/539/493 526/596/544 533/536/492
f 544/599/546 470/598/545 471/597/533
f 554/600/547 470/598/545 544/599/546
f 543/601/548 554/600/547 544/599/546
f 563/602/549 554/600/547 543/601/548
f 542/603/550 563/602/549 543/601/548
f 564/604/551 563/602/549 542/603/550
f 541/605/552 564/604/551 542/603/550
f 540/606/553 564/604/551 541/605/552
f 565/607/554 564/604/551 540/606/553
f 539/608/555 565/607/554 540/606/553
f 566/609/556 565/607/554 539/608/555
f 567/610/557 566/609/556 539/608/555
f 560/611/558 566/609/556 567/610/557
f 559/612/559 560/611/558 567/610/557
f 550/613/560 560/611/558 559/612/559
f 549/614/561 550/613/560 559/612/559
f 467/615/562 550/613/560 549/614/561
f 466/616/563 467/615/562 549/614/561
f 553/617/564 470/598/545 554/600/547
f 469/618/565 470/598/545 553/617/564
f 552/619/566 469/618/565 553/617/564
f 468/620/567 469/618/565 552/619/566
f 551/621/568 468/620/567 552/619/566
f 550/613/560 468/620/567 551/621/568
f 560/611/558 550/613/560 551/621/568
f 550/613/560 467/615/562 468/620/567
f 466/616/563 547/623/570 465/622/569
f 548/624/571 547/623/570 466/616/563
f 549/614/561 548/624/571 466/616/563
f 558/625/572 548/624/571 549/614/561
f 559/612/559 558/625/572 549/614/561
f 568/626/573 558/625/572 559/612/559
f 567/610/557 568/626/573 559/612/559
f 538/627/574 568/626/573 567/610/557
f 539/608/555 538/627/574 567/610/557
f 546/628/575 465/622/569 547/623/570
f 464/629/475 465/622/569 546/628/575
f 534/630/576 464/629/475 546/628/575
f 534/630/576 545/632/578 535/631/577
f 555/633/579 545/632/578 534/630/576
f 546/628/575 555/633/579 534/630/576
f 556/634/580 555/633/579 546/628/575
f 547/623/570 556/634/580 546/628/575
f 557/635/581 556/634/580 547/623/570
f 548/624/571 557/635/581 547/623/570
f 558/625/572 557/635/581 548/624/571
f 545/632/578 536/636/582 535/631/577
f 571/637/583 536/636/582 545/632/578
f 555/633/579 571/637/583 545/632/578
f 556/634/580 571/637/583 555/633/579
f 570/638/584 536/636/582 571/637/583
f 537/639/585 536/636/582 570/638/584
f 569/640/586 537/639/585 570/638/584
f 538/627/574 537/639/585 569/640/586
f 568/626/573 538/627/574 569/640/586
f 561/641/587 551/621/568 552/619/566
f 560/611/558 551/621/568 561/641/587
f 566/609/556 560/611/558 561/641/587
f 553/617/564 554/600/547 563/602/549
f 562/642/588 552/619/566 553/617/564
f 561/641/587 552/619/566 562/642/588
f 565/607/554 561/641/587 562/642/588
f 566/609/556 561/641/587 565/607/554
f 556/634/580 570/638/584 571/637/583
f 557/635/581 570/638/584 556/634/580
f 557/635/581 569/640/586 570/638/584
f 558/625/572 569/640/586 557/635/581
f 558/625/572 568/626/573 569/640/586
f 562/642/588 563/602/549 564/604/551
f 553/617/564 563/602/549 562/642/588
f 565/607/554 562/642/588 564/604/551
f 595/645/591 573/644/590 572/643/589
f 574/646/592 573/644/590 595/645/591
f 599/647/593 574/646/592 595/645/591
f 598/648/594 574/646/592 599/647/593
f 606/649/595 598/648/594 599/647/593
f 605/650/596 598/648/594 606/649/595
f 615/651/597 605/650/596 606/649/595
f 614/652/598 605/650/596 615/651/597
f 624/653/599 614/652/598 615/651/597
f 623/654/600 614/652/598 624/653/599
f 633/655/601 623/654/600 624/653/599
f 632/656/602 623/654/600 633/655/601
f 642/657/603 632/656/602 633/655/601
f 641/658/604 632/656/602 642/657/603
f 651/659/605 641/658/604 642/657/603
f 650/660/606 641/658/604 651/659/605
f 596/661/607 650/660/606 651/659/605
f 659/662/608 650/660/606 596/661/607
f 668/663/609 659/662/608 596/661/607
f 667/664/610 659/662/608 668/663/609
f 677/665/611 667/664/610 668/663/609
f 676/666/612 667/664/610 677/665/611
f 686/667/613 676/666/612 677/665/611
f 685/668/614 676/666/612 686/667/613
f 536/669/615 685/668/614 686/667/613
f 684/670/616 685/668/614 536/669/615
f 537/671/617 684/670/616 536/669/615
f 683/672/618 684/670/616 537/671/617
f 682/673/619 683/672/618 537/671/617
f 673/674/620 683/672/618 682/673/619
f 672/675/621 673/674/620 682/673/619
f 663/676/622 673/674/620 672/675/621
f 662/677/623 663/676/622 672/675/621
f 654/678/624 663/676/622 662/677/623
f 653/679/625 654/678/624 662/677/623
f 644/680/626 654/678/624 653/679/625
f 643/681/627 644/680/626 653/679/625
f 634/682/628 644/680/626 643/681/627
f 580/683/629 634/682/628 643/681/627
f 579/684/630 634/682/628 580/683/629
f 625/685/631 634/682/628 579/684/630
f 578/686/632 625/685/631 579/684/630
f 616/687/633 625/685/631 578/686/632
f 577/688/634 616/687/633 578/686/632
f 607/689/635 616/687/633 577/688/634
f 576/690/636 607/689/635 577/688/634
f 608/691/637 607/689/635 576/690/636
f 609/692/638 608/691/637 576/690/636
f 618/693/639 608/691/637 609/692/638
f 619/694/640 618/693/639 609/692/638
f 628/695/641 618/693/639 619/694/640
f 629/696/642 628/695/641 619/694/640
f 638/697/643 628/695/641 629/696/642
f 639/698/644 638/697/643 629/696/642
f 648/699/645 638/697/643 639/698/644
f 649/700/646 648/699/645 639/698/644
f 658/701/647 648/699/645 649/700/646
f 659/662/608 658/701/647 649/700/646
f 667/664/610 658/701/647 659/662/608
f 597/702/648 574/646/592 598/648/594
f 575/703/649 574/646/592 597/702/648
f 604/704/650 575/703/649 597/702/648
f 603/705/651 575/703/649 604/704/650
f 613/706/652 603/705/651 604/704/650
f 612/707/653 603/705/651 613/706/652
f 622/708/654 612/707/653 613/706/652
f 621/709/655 612/707/653 622/708/654
f 631/710/656 621/709/655 622/708/654
f 630/711/657 621/709/655 631/710/656
f 640/712/658 630/711/657 631/710/656
f 639/698/644 630/711/657 640/712/658
f 649/700/646 639/698/644 640/712/658
f 575/703/649 600/713/659 576/690/636
f 601/714/660 600/713/659 575/703/649
f 602/715/661 601/714/660 575/703/649
f 611/716/662 601/714/660 602/715/661
f 612/707/653 611/716/662 602/715/661
f 621/709/655 611/716/662 612/707/653
f 643/681/627 581/717/663 580/683/629
f 652/718/664 581/717/663 643/681/627
f 653/679/625 652/718/664 643/681/627
f 661/719/665 652/718/664 653/679/625
f 662/677/623 661/719/665 653/679/625
f 671/720/666 661/719/665 662/677/623
f 672/675/621 671/720/666 662/677/623
f 681/721/667 671/720/666 672/675/621
f 682/673/619 681/721/667 672/675/621
f 538/722/574 681/721/667 682/673/619
f 537/671/617 538/722/574 682/673/619
f 652/718/664 582/723/668 581/717/663
f 660/724/669 582/723/668 652/718/664
f 661/719/665 660/724/669 652/718/664
f 670/725/670 660/724/669 661/719/665
f 671/720/666 670/725/670 661/719/665
f 680/726/671 670/725/670 671/720/666
f 681/721/667 680/726/671 671/720/666
f 538/722/574 680/726/671 681/721/667
f 660/724/669 583/727/672 582/723/668
f 669/728/673 583/727/672 660/724/669
f 670/725/670 669/728/673 660/724/669
f 679/729/674 669/728/673 670/725/670
f 680/726/671 679/729/674 670/725/670
f 539/730/675 679/729/674 680/726/671
f 538/722/574 539/730/675 680/726/671
f 669/728/673 584/731/676 583/727/672
f 678/732/677 584/731/676 669/728/673
f 679/729/674 678/732/677 669/728/673
f 539/730/675 678/732/677 679/729/674
f 678/732/677 541/733/552 584/731/676
f 540/734/678 541/733/552 678/732/677
f 539/730/675 540/734/678 678/732/677
f 686/667/613 535/735/577 536/669/615
f 585/736/679 535/735/577 686/667/613
f 586/737/680 585/736/679 686/667/613
f 677/665/611 586/737/680 686/667/613
f 587/738/681 586/737/680 677/665/611
f 668/663/609 587/738/681 677/665/611
f 588/739/682 587/738/681 668/663/609
f 596/661/607 588/739/682 668/663/609
f 589/740/683 588/739/682 596/661/607
f 651/659/605 589/740/683 596/661/607
f 642/657/603 589/740/683 651/659/605
f 642/657/603 590/741/684 589/740/683
f 633/655/601 590/741/684 642/657/603
f 633/655/601 591/742/685 590/741/684
f 624/653/599 591/742/685 633/655/601
f 624/653/599 592/743/686 591/742/685
f 615/651/597 592/743/686 624/653/599
f 615/651/597 593/744/687 592/743/686
f 606/649/595 593/744/687 615/651/597
f 606/649/595 594/745/688 593/744/687
f 599/647/593 594/745/688 606/649/595
f 599/647/593 595/645/591 594/745/688
f 597/702/648 598/648/594 605/650/596
f 602/715/661 575/703/649 603/705/651
f 610/746/689 600/713/659 601/714/660
f 609/692/638 600/713/659 610/746/689
f 619/694/640 609/692/638 610/746/689
f 602/715/661 603/705/651 612/707/653
f 604/704/650 605/650/596 614/652/598
f 597/702/648 605/650/596 604/704/650
f 613/706/652 604/704/650 614/652/598
f 609/692/638 576/690/636 600/713/659
f 617/747/690 607/689/635 608/691/637
f 616/687/633 607/689/635 617/747/690
f 626/748/691 616/687/633 617/747/690
f 625/685/631 616/687/633 626/748/691
f 635/749/692 625/685/631 626/748/691
f 634/682/628 625/685/631 635/749/692
f 644/680/626 634/682/628 635/749/692
f 611/716/662 610/746/689 601/714/660
f 620/750/693 610/746/689 611/716/662
f 621/709/655 620/750/693 611/716/662
f 630/711/657 620/750/693 621/709/655
f 619/694/640 610/746/689 620/750/693
f 613/706/652 614/652/598 623/654/600
f 622/708/654 613/706/652 623/654/600
f 618/693/639 617/747/690 608/691/637
f 627/751/694 617/747/690 618/693/639
f 628/695/641 627/751/694 618/693/639
f 637/752/695 627/751/694 628/695/641
f 638/697/643 637/752/695 628/695/641
f 647/753/696 637/752/695 638/697/643
f 648/699/645 647/753/696 638/697/643
f 657/754/697 647/753/696 648/699/645
f 658/701/647 657/754/697 648/699/645
f 666/755/698 657/754/697 658/701/647
f 667/664/610 666/755/698 658/701/647
f 676/666/612 666/755/698 667/664/610
f 626/748/691 617/747/690 627/751/694
f 629/696/642 620/750/693 630/711/657
f 619/694/640 620/750/693 629/696/642
f 622/708/654 623/654/600 632/656/602
f 631/710/656 622/708/654 632/656/602
f 636/756/699 626/748/691 627/751/694
f 635/749/692 626/748/691 636/756/699
f 645/757/700 635/749/692 636/756/699
f 644/680/626 635/749/692 645/757/700
f 654/678/624 644/680/626 645/757/700
f 629/696/642 630/711/657 639/698/644
f 631/710/656 632/656/602 641/658/604
f 640/712/658 631/710/656 641/658/604
f 637/752/695 636/756/699 627/751/694
f 646/758/701 636/756/699 637/752/695
f 647/753/696 646/758/701 637/752/695
f 656/759/702 646/758/701 647/753/696
f 657/754/697 656/759/702 647/753/696
f 665/760/703 656/759/702 657/754/697
f 666/755/698 665/760/703 657/754/697
f 675/761/704 665/760/703 666/755/698
f 676/666/612 675/761/704 666/755/698
f 685/668/614 675/761/704 676/666/612
f 645/757/700 636/756/699 646/758/701
f 640/712/658 641/658/604 650/660/606
f 649/700/646 640/712/658 650/660/606
f 655/762/705 645/757/700 646/758/701
f 654/678/624 645/757/700 655/762/705
f 663/676/622 654/678/624 655/762/705
f 649/700/646 650/660/606 659/662/608
f 656/759/702 655/762/705 646/758/701
f 664/763/706 655/762/705 656/759/702
f 665/760/703 664/763/706 656/759/702
f 674/764/707 664/763/706 665/760/703
f 675/761/704 674/764/707 665/760/703
f 684/670/616 674/764/707 675/761/704
f 685/668/614 684/670/616 675/761/704
f 663/676/622 655/762/705 664/763/706
f 673/674/620 664/763/706 674/764/707
f 663/676/622 664/763/706 673/674/620
f 683/672/618 674/764/707 684/670/616
f 673/674/620 674/764/707 683/672/618
f 704/767/710 595/766/709 572/765/708
f 594/768/711 595/766/709 704/767/710
f 707/769/712 594/768/711 704/767/710
f 593/770/713 594/768/711 707/769/712
f 592/771/714 593/770/713 707/769/712
f 706/772/715 592/771/714 707/769/712
f 591/773/716 592/771/714 706/772/715
f 705/774/717 591/773/716 706/772/715
f 590/775/718 591/773/716 705/774/717
f 711/776/719 590/775/718 705/774/717
f 710/777/720 590/775/718 711/776/719
f 722/778/721 710/777/720 711/776/719
f 721/779/722 710/777/720 722/778/721
f 736/780/723 721/779/722 722/778/721
f 735/781/724 721/779/722 736/780/723
f 696/782/725 735/781/724 736/780/723
f 695/783/726 735/781/724 696/782/725
f 694/784/727 735/781/724 695/783/726
f 734/785/728 735/781/724 694/784/727
f 693/786/729 734/785/728 694/784/727
f 733/787/730 734/785/728 693/786/729
f 692/788/731 733/787/730 693/786/729
f 748/789/732 733/787/730 692/788/731
f 691/790/733 748/789/732 692/788/731
f 747/791/734 748/789/732 691/790/733
f 746/792/735 747/791/734 691/790/733
f 730/793/736 747/791/734 746/792/735
f 715/794/737 730/793/736 746/792/735
f 714/795/738 730/793/736 715/794/737
f 535/796/739 714/795/738 715/794/737
f 585/797/740 714/795/738 535/796/739
f 716/798/741 714/795/738 585/797/740
f 586/799/742 716/798/741 585/797/740
f 717/800/743 716/798/741 586/799/742
f 587/801/744 717/800/743 586/799/742
f 718/802/745 717/800/743 587/801/744
f 719/803/746 718/802/745 587/801/744
f 733/787/730 718/802/745 719/803/746
f 734/785/728 733/787/730 719/803/746
f 710/777/720 589/804/747 590/775/718
f 709/805/748 589/804/747 710/777/720
f 721/779/722 709/805/748 710/777/720
f 720/806/749 709/805/748 721/779/722
f 735/781/724 720/806/749 721/779/722
f 734/785/728 720/806/749 735/781/724
f 709/805/748 588/807/750 589/804/747
f 708/808/751 588/807/750 709/805/748
f 720/806/749 708/808/751 709/805/748
f 719/803/746 708/808/751 720/806/749
f 734/785/728 719/803/746 720/806/749
f 708/808/751 587/801/744 588/807/750
f 719/803/746 587/801/744 708/808/751
f 739/809/752 535/796/739 715/794/737
f 534/810/753 535/796/739 739/809/752
f 728/811/754 534/810/753 739/809/752
f 727/812/755 534/810/753 728/811/754
f 743/813/756 727/812/755 728/811/754
f 742/814/757 727/812/755 743/813/756
f 689/815/758 742/814/757 743/813/756
f 741/816/759 742/814/757 689/815/758
f 740/817/760 741/816/759 689/815/758
f 725/818/761 741/816/759 740/817/760
f 687/819/762 725/818/761 740/817/760
f 464/820/763 725/818/761 687/819/762
f 534/810/753 725/818/761 464/820/763
f 726/821/764 725/818/761 534/810/753
f 727/812/755 726/821/764 534/810/753
f 742/814/757 726/821/764 727/812/755
f 740/817/760 688/822/765 687/819/762
f 689/815/758 688/822/765 740/817/760
f 743/813/756 690/823/766 689/815/758
f 744/824/767 690/823/766 743/813/756
f 728/811/754 744/824/767 743/813/756
f 729/825/768 744/824/767 728/811/754
f 739/809/752 729/825/768 728/811/754
f 715/794/737 729/825/768 739/809/752
f 690/823/766 746/792/735 691/790/733
f 745/826/769 746/792/735 690/823/766
f 744/824/767 745/826/769 690/823/766
f 729/825/768 745/826/769 744/824/767
f 736/780/723 697/827/770 696/782/725
f 737/828/771 697/827/770 736/780/723
f 722/778/721 737/828/771 736/780/723
f 723/829/772 737/828/771 722/778/721
f 711/776/719 723/829/772 722/778/721
f 712/830/773 723/829/772 711/776/719
f 705/774/717 712/830/773 711/776/719
f 706/772/715 712/830/773 705/774/717
f 737/828/771 698/831/774 697/827/770
f 738/832/775 698/831/774 737/828/771
f 723/829/772 738/832/775 737/828/771
f 724/833/776 738/832/775 723/829/772
f 712/830/773 724/833/776 723/829/772
f 713/834/777 724/833/776 712/830/773
f 706/772/715 713/834/777 712/830/773
f 707/769/712 713/834/777 706/772/715
f 738/832/775 699/835/778 698/831/774
f 700/836/779 699/835/778 738/832/775
f 701/837/780 700/836/779 738/832/775
f 724/833/776 701/837/780 738/832/775
f 702/838/781 701/837/780 724/833/776
f 713/834/777 702/838/781 724/833/776
f 703/839/782 702/838/781 713/834/777
f 707/769/712 703/839/782 713/834/777
f 704/767/710 703/839/782 707/769/712
f 716/798/741 730/793/736 714/795/738
f 731/840/783 730/793/736 716/798/741
f 717/800/743 731/840/783 716/798/741
f 732/841/784 731/840/783 717/800/743
f 718/802/745 732/841/784 717/800/743
f 733/787/730 732/841/784 718/802/745
f 741/816/759 726/821/764 742/814/757
f 725/818/761 726/821/764 741/816/759
f 745/826/769 715/794/737 746/792/735
f 729/825/768 715/794/737 745/826/769
f 731/840/783 747/791/734 730/793/736
f 748/789/732 747/791/734 731/840/783
f 732/841/784 748/789/732 731/840/783
f 733/787/730 748/789/732 732/841/784
f 687/844/785 485/843/477 464/842/475
f 688/845/786 485/843/477 687/844/785
f 484/846/479 485/843/477 688/845/786
f 756/847/787 484/846/479 688/845/786
f 483/848/481 484/846/479 756/847/787
f 755/849/788 483/848/481 756/847/787
f 482/850/483 483/848/481 755/849/788
f 754/851/789 482/850/483 755/849/788
f 481/852/485 482/850/483 754/851/789
f 753/853/790 481/852/485 754/851/789
f 480/854/487 481/852/485 753/853/790
f 752/855/791 480/854/487 753/853/790
f 479/856/489 480/854/487 752/855/791
f 751/857/792 479/856/489 752/855/791
f 478/858/491 479/856/489 751/857/792
f 750/859/793 478/858/491 751/857/792
f 450/860/461 478/858/491 750/859/793
f 749/861/794 450/860/461 750/859/793
f 450/864/461 757/863/795 364/862/375
f 749/865/794 757/863/795 450/864/461
f 768/868/796 364/867/375 757/866/795
f 389/869/377 364/867/375 768/868/796
f 767/870/797 389/869/377 768/868/796
f 388/871/379 389/869/377 767/870/797
f 766/872/798 388/871/379 767/870/797
f 387/873/381 388/871/379 766/872/798
f 765/874/799 387/873/381 766/872/798
f 386/875/383 387/873/381 765/874/799
f 764/876/800 386/875/383 765/874/799
f 385/877/385 386/875/383 764/876/800
f 763/878/801 385/877/385 764/876/800
f 384/879/387 385/877/385 763/878/801
f 762/880/802 384/879/387 763/878/801
f 383/881/389 384/879/387 762/880/802
f 761/882/803 383/881/389 762/880/802
f 382/883/391 383/881/389 761/882/803
f 760/884/804 382/883/391 761/882/803
f 381/885/393 382/883/391 760/884/804
f 759/886/805 381/885/393 760/884/804
f 380/887/395 381/885/393 759/886/805
f 758/888/806 380/887/395 759/886/805
f 332/889/345 380/887/395 758/888/806
f 758/892/806 246/891/257 332/890/345
f 769/893/807 246/891/257 758/892/806
f 780/896/808 246/895/257 769/894/807
f 271/897/259 246/895/257 780/896/808
f 779/898/809 271/897/259 780/896/808
f 270/899/261 271/897/259 779/898/809
f 778/900/810 270/899/261 779/898/809
f 269/901/263 270/899/261 778/900/810
f 777/902/811 269/901/263 778/900/810
f 268/903/265 269/901/263 777/902/811
f 776/904/812 268/903/265 777/902/811
f 267/905/267 268/903/265 776/904/812
f 775/906/813 267/905/267 776/904/812
f 266/907/269 267/905/267 775/906/813
f 774/908/814 266/907/269 775/906/813
f 265/909/271 266/907/269 774/908/814
f 773/910/815 265/909/271 774/908/814
f 264/911/273 265/909/271 773/910/815
f 772/912/816 264/911/273 773/910/815
f 263/913/275 264/911/273 772/912/816
f 771/914/817 263/913/275 772/912/816
f 262/915/277 263/913/275 771/914/817
f 770/916/818 262/915/277 771/914/817
f 232/917/243 262/915/277 770/916/818
f 232/920/243 781/919/819 162/918/166
f 770/921/818 781/919/819 232/920/243
f 790/924/820 162/923/166 781/922/819
f 183/925/168 162/923/166 790/924/820
f 789/926/821 183/925/168 790/924/820
f 182/927/170 183/925/168 789/926/821
f 788/928/822 182/927/170 789/926/821
f 181/929/172 182/927/170 788/928/822
f 787/930/823 181/929/172 788/928/822
f 180/931/174 181/929/172 787/930/823
f 786/932/824 180/931/174 787/930/823
f 179/933/176 180/931/174 786/932/824
f 785/934/825 179/933/176 786/932/824
f 178/935/178 179/933/176 785/934/825
f 784/936/826 178/935/178 785/934/825
f 177/937/180 178/935/178 784/936/826
f 783/938/827 177/937/180 784/936/826
f 176/939/182 177/937/180 783/938/827
f 782/940/828 176/939/182 783/938/827
f 123/941/829 176/939/182 782/940/828
f 123/944/832 822/943/831 134/942/830
f 821/945/833 822/943/831 123/944/832
f 782/946/834 821/945/833 123/944/832
f 861/947/835 821/945/833 782/946/834
f 783/948/836 861/947/835 782/946/834
f 860/949/837 861/947/835 783/948/836
f 806/950/838 860/949/837 783/948/836
f 859/951/839 860/949/837 806/950/838
f 858/952/840 859/951/839 806/950/838
f 818/953/841 859/951/839 858/952/840
f 817/954/842 818/953/841 858/952/840
f 825/955/843 818/953/841 817/954/842
f 807/956/844 825/955/843 817/954/842
f 17/957/845 825/955/843 807/956/844
f 16/958/846 17/957/845 807/956/844
f 823/959/847 134/942/830 822/943/831
f 17/957/845 134/942/830 823/959/847
f 824/960/848 17/957/845 823/959/847
f 825/955/843 17/957/845 824/960/848
f 818/953/841 825/955/843 824/960/848
f 16/958/846 835/962/850 15/961/849
f 826/963/851 835/962/850 16/958/846
f 807/956/844 826/963/851 16/958/846
f 816/964/852 826/963/851 807/956/844
f 817/954/842 816/964/852 807/956/844
f 857/965/853 816/964/852 817/954/842
f 858/952/840 857/965/853 817/954/842
f 805/966/854 857/965/853 858/952/840
f 806/950/838 805/966/854 858/952/840
f 836/967/855 15/961/849 835/962/850
f 14/968/856 15/961/849 836/967/855
f 837/969/857 14/968/856 836/967/855
f 838/970/858 14/968/856 837/969/857
f 828/971/859 838/970/858 837/969/857
f 829/972/860 838/970/858 828/971/859
f 813/973/861 829/972/860 828/971/859
f 812/974/862 829/972/860 813/973/861
f 803/975/863 812/974/862 813/973/861
f 811/976/864 812/974/862 803/975/863
f 802/977/865 811/976/864 803/975/863
f 801/978/866 811/976/864 802/977/865
f 810/979/867 811/976/864 801/978/866
f 834/980/868 810/979/867 801/978/866
f 809/981/869 810/979/867 834/980/868
f 800/982/870 809/981/869 834/980/868
f 799/983/871 809/981/869 800/982/870
f 833/984/872 809/981/869 799/983/871
f 798/985/873 833/984/872 799/983/871
f 809/981/869 833/984/872 798/985/873
f 831/986/874 809/981/869 798/985/873
f 842/987/875 809/981/869 831/986/874
f 843/988/876 842/987/875 831/986/874
f 849/989/877 842/987/875 843/988/876
f 793/990/878 849/989/877 843/988/876
f 792/991/879 849/989/877 793/990/878
f 853/992/880 849/989/877 792/991/879
f 791/993/881 853/992/880 792/991/879
f 808/994/882 853/992/880 791/993/881
f 6/995/883 808/994/882 791/993/881
f 7/996/884 808/994/882 6/995/883
f 8/997/885 808/994/882 7/996/884
f 9/998/886 808/994/882 8/997/885
f 854/999/887 808/994/882 9/998/886
f 10/1000/888 854/999/887 9/998/886
f 852/1001/889 854/999/887 10/1000/888
f 851/1002/890 852/1001/889 10/1000/888
f 847/1003/891 852/1001/889 851/1002/890
f 846/1004/892 847/1003/891 851/1002/890
f 840/1005/893 847/1003/891 846/1004/892
f 839/1006/894 840/1005/893 846/1004/892
f 830/1007/895 840/1005/893 839/1006/894
f 829/972/860 830/1007/895 839/1006/894
f 812/974/862 830/1007/895 829/972/860
f 844/1008/896 14/968/856 838/970/858
f 13/1009/897 14/968/856 844/1008/896
f 845/1010/898 13/1009/897 844/1008/896
f 12/1011/899 13/1009/897 845/1010/898
f 846/1004/892 12/1011/899 845/1010/898
f 850/1012/900 12/1011/899 846/1004/892
f 851/1002/890 850/1012/900 846/1004/892
f 11/1013/901 850/1012/900 851/1002/890
f 10/1000/888 11/1013/901 851/1002/890
f 850/1012/900 11/1013/901 12/1011/899
f 791/993/881 5/1014/902 6/995/883
f 843/988/876 794/1015/903 793/990/878
f 832/1016/904 794/1015/903 843/988/876
f 831/986/874 832/1016/904 843/988/876
f 797/1017/905 832/1016/904 831/986/874
f 798/985/873 797/1017/905 831/986/874
f 794/1015/903 796/1019/907 795/1018/906
f 832/1016/904 796/1019/907 794/1015/903
f 832/1016/904 797/1017/905 796/1019/907
f 834/980/868 801/978/866 800/982/870
f 813/973/861 804/1020/908 803/975/863
f 814/1021/909 804/1020/908 813/973/861
f 828/971/859 814/1021/909 813/973/861
f 827/1022/910 814/1021/909 828/971/859
f 837/969/857 827/1022/910 828/971/859
f 836/967/855 827/1022/910 837/969/857
f 804/1020/908 855/1023/911 805/966/854
f 815/1024/912 855/1023/911 804/1020/908
f 814/1021/909 815/1024/912 804/1020/908
f 827/1022/910 815/1024/912 814/1021/909
f 830/1007/895 811/976/864 810/979/867
f 812/974/862 811/976/864 830/1007/895
f 826/963/851 815/1024/912 827/1022/910
f 816/964/852 815/1024/912 826/963/851
f 856/1025/913 815/1024/912 816/964/852
f 855/1023/911 815/1024/912 856/1025/913
f 805/966/854 855/1023/911 856/1025/913
f 819/1026/914 824/960/848 823/959/847
f 818/953/841 824/960/848 819/1026/914
f 859/951/839 818/953/841 819/1026/914
f 820/1027/915 823/959/847 822/943/831
f 819/1026/914 823/959/847 820/1027/915
f 860/949/837 819/1026/914 820/1027/915
f 859/951/839 819/1026/914 860/949/837
f 820/1027/915 821/945/833 861/947/835
f 822/943/831 821/945/833 820/1027/915
f 860/949/837 820/1027/915 861/947/835
f 826/963/851 827/1022/910 836/967/855
f 826/963/851 836/967/855 835/962/850
f 838/970/858 829/972/860 839/1006/894
f 810/979/867 840/1005/893 830/1007/895
f 841/1028/916 840/1005/893 810/979/867
f 809/981/869 841/1028/916 810/979/867
f 842/987/875 841/1028/916 809/981/869
f 838/970/858 845/1010/898 844/1008/896
f 839/1006/894 845/1010/898 838/970/858
f 839/1006/894 846/1004/892 845/1010/898
f 841/1028/916 847/1003/891 840/1005/893
f 848/1029/917 847/1003/891 841/1028/916
f 842/987/875 848/1029/917 841/1028/916
f 849/989/877 848/1029/917 842/987/875
f 848/1029/917 849/989/877 853/992/880
f 852/1001/889 848/1029/917 853/992/880
f 847/1003/891 848/1029/917 852/1001/889
f 852/1001/889 853/992/880 808/994/882
f 852/1001/889 808/994/882 854/999/887
f 856/1025/913 857/965/853 805/966/854
f 816/964/852 857/965/853 856/1025/913
f 870/1032/919 31/1031/918 1/1030/3
f 30/1033/920 31/1031/918 870/1032/919
f 869/1034/921 30/1033/920 870/1032/919
f 29/1035/922 30/1033/920 869/1034/921
f 868/1036/923 29/1035/922 869/1034/921
f 28/1037/924 29/1035/922 868/1036/923
f 867/1038/925 28/1037/924 868/1036/923
f 27/1039/926 28/1037/924 867/1038/925
f 866/1040/927 27/1039/926 867/1038/925
f 26/1041/928 27/1039/926 866/1040/927
f 865/1042/929 26/1041/928 866/1040/927
f 25/1043/930 26/1041/928 865/1042/929
f 864/1044/931 25/1043/930 865/1042/929
f 24/1045/932 25/1043/930 864/1044/931
f 863/1046/933 24/1045/932 864/1044/931
f 23/1047/21 24/1045/932 863/1046/933
f 862/1048/934 23/1047/21 863/1046/933
f 871/1051/937 791/1050/936 792/1049/935
f 5/1052/938 791/1050/936 871/1051/937
f 4/1053/939 5/1052/938 871/1051/937
f 871/1051/937 3/1054/940 4/1053/939
f 2/1055/941 3/1054/940 871/1051/937
f 1/1056/942 2/1055/941 871/1051/937
f 792/1049/935 872/1057/943 871/1051/937
f 793/1058/944 872/1057/943 792/1049/935
f 794/1059/945 872/1057/943 793/1058/944
f 795/1060/946 872/1057/943 794/1059/945
f 880/1063/948 541/1062/552 881/1061/947
f 584/1064/949 541/1062/552 880/1063/948
f 879/1065/950 584/1064/949 880/1063/948
f 583/1066/951 584/1064/949 879/1065/950
f 878/1067/952 583/1066/951 879/1065/950
f 582/1068/953 583/1066/951 878/1067/952
f 877/1069/954 582/1068/953 878/1067/952
f 581/1070/955 582/1068/953 877/1069/954
f 876/1071/956 581/1070/955 877/1069/954
f 580/1072/957 581/1070/955 876/1071/956
f 875/1073/958 580/1072/957 876/1071/956
f 579/1074/959 580/1072/957 875/1073/958
f 874/1075/960 579/1074/959 875/1073/958
f 578/1076/961 579/1074/959 874/1075/960
f 873/1077/962 578/1076/961 874/1075/960
f 577/1078/963 578/1076/961 873/1077/962
f 576/1079/636 577/1078/963 873/1077/962
f 883/1082/966 572/1081/965 573/1080/964
f 704/1083/967 572/1081/965 883/1082/966
f 703/1084/968 704/1083/967 883/1082/966
f 882/1085/969 703/1084/968 883/1082/966
f 702/1086/970 703/1084/968 882/1085/969
f 701/1087/971 702/1086/970 882/1085/969
f 882/1085/969 700/1088/972 701/1087/971
f 883/1082/966 575/1090/974 576/1089/973
f 574/1091/975 575/1090/974 883/1082/966
f 573/1080/964 574/1091/975 883/1082/966
f 863/1094/977 884/1093/976 862/1092/934
f 885/1095/978 884/1093/976 863/1094/977
f 864/1096/979 885/1095/978 863/1094/977
f 886/1097/980 885/1095/978 864/1096/979
f 865/1098/981 886/1097/980 864/1096/979
f 887/1099/982 886/1097/980 865/1098/981
f 866/1100/983 887/1099/982 865/1098/981
f 867/1101/984 887/1099/982 866/1100/983
f 888/1102/985 887/1099/982 867/1101/984
f 868/1103/986 888/1102/985 867/1101/984
f 889/1104/987 888/1102/985 868/1103/986
f 869/1105/988 889/1104/987 868/1103/986
f 870/1106/989 889/1104/987 869/1105/988
f 890/1107/990 889/1104/987 870/1106/989
f 900/1108/991 890/1107/990 870/1106/989
f 891/1109/992 890/1107/990 900/1108/991
f 899/1110/993 891/1109/992 900/1108/991
f 892/1111/994 891/1109/992 899/1110/993
f 898/1112/995 892/1111/994 899/1110/993
f 893/1113/996 892/1111/994 898/1112/995
f 897/1114/997 893/1113/996 898/1112/995
f 894/1115/998 893/1113/996 897/1114/997
f 896/1116/999 894/1115/998 897/1114/997
f 895/1117/1000 894/1115/998 896/1116/999
f 881/1120/947 471/1119/533 472/1118/534
f 544/1121/546 471/1119/533 881/1120/947
f 543/1122/548 544/1121/546 881/1120/947
f 881/1120/947 542/1123/550 543/1122/548
f 541/1124/552 542/1123/550 881/1120/947
f 881/1120/947 948/1126/1002 901/1125/1001
f 949/1127/1003 948/1126/1002 881/1120/947
f 950/1128/1004 949/1127/1003 881/1120/947
f 901/1125/1001 903/1130/1006 902/1129/1005
f 884/1131/976 903/1130/1006 901/1125/1001
f 940/1132/1007 884/1131/976 901/1125/1001
f 919/1133/1008 884/1131/976 940/1132/1007
f 939/1134/1009 919/1133/1008 940/1132/1007
f 920/1135/1010 919/1133/1008 939/1134/1009
f 938/1136/1011 920/1135/1010 939/1134/1009
f 921/1137/1012 920/1135/1010 938/1136/1011
f 971/1138/1013 921/1137/1012 938/1136/1011
f 922/1139/1014 921/1137/1012 971/1138/1013
f 970/1140/1015 922/1139/1014 971/1138/1013
f 923/1141/1016 922/1139/1014 970/1140/1015
f 969/1142/1017 923/1141/1016 970/1140/1015
f 924/1143/1018 923/1141/1016 969/1142/1017
f 968/1144/1019 924/1143/1018 969/1142/1017
f 925/1145/1020 924/1143/1018 968/1144/1019
f 967/1146/1021 925/1145/1020 968/1144/1019
f 926/1147/1022 925/1145/1020 967/1146/1021
f 966/1148/1023 926/1147/1022 967/1146/1021
f 927/1149/1024 926/1147/1022 966/1148/1023
f 339/1150/366 927/1149/1024 966/1148/1023
f 253/1151/326 927/1149/1024 339/1150/366
f 928/1152/1025 927/1149/1024 253/1151/326
f 929/1153/1026 928/1152/1025 253/1151/326
f 884/1131/976 911/1155/1027 862/1154/934
f 912/1156/1028 911/1155/1027 884/1131/976
f 913/1157/1029 912/1156/1028 884/1131/976
f 862/1154/934 133/1159/154 23/1158/21
f 132/1160/144 133/1159/154 862/1154/934
f 131/1161/145 132/1160/144 862/1154/934
f 862/1154/934 130/1162/146 131/1161/145
f 175/1163/196 130/1162/146 862/1154/934
f 174/1164/198 175/1163/196 862/1154/934
f 862/1154/934 173/1165/200 174/1164/198
f 172/1166/234 173/1165/200 862/1154/934
f 171/1167/233 172/1166/234 862/1154/934
f 862/1154/934 170/1168/232 171/1167/233
f 169/1169/231 170/1168/232 862/1154/934
f 907/1170/1030 169/1169/231 862/1154/934
f 906/1171/1031 169/1169/231 907/1170/1030
f 905/1172/1032 169/1169/231 906/1171/1031
f 239/1173/256 169/1169/231 905/1172/1032
f 904/1174/1033 239/1173/256 905/1172/1032
f 937/1175/1034 239/1173/256 904/1174/1033
f 936/1176/1035 239/1173/256 937/1175/1034
f 935/1177/1036 239/1173/256 936/1176/1035
f 934/1178/1037 239/1173/256 935/1177/1036
f 253/1151/326 239/1173/256 934/1178/1037
f 933/1179/1038 253/1151/326 934/1178/1037
f 932/1180/1039 253/1151/326 933/1179/1038
f 931/1181/1040 253/1151/326 932/1180/1039
f 930/1182/1041 253/1151/326 931/1181/1040
f 929/1153/1026 253/1151/326 930/1182/1041
f 239/1173/256 260/1184/286 261/1183/284
f 259/1185/288 260/1184/286 239/1173/256
f 258/1186/290 259/1185/288 239/1173/256
f 239/1173/256 257/1187/330 258/1186/290
f 256/1188/329 257/1187/330 239/1173/256
f 255/1189/328 256/1188/329 239/1173/256
f 239/1173/256 254/1190/327 255/1189/328
f 253/1151/326 254/1190/327 239/1173/256
f 339/1150/366 371/1192/444 379/1191/402
f 959/1193/1042 371/1192/444 339/1150/366
f 960/1194/1043 959/1193/1042 339/1150/366
f 371/1192/444 378/1195/404 379/1191/402
f 377/1196/406 378/1195/404 371/1192/444
f 376/1197/408 377/1196/406 371/1192/444
f 371/1192/444 375/1198/448 376/1197/408
f 374/1199/447 375/1198/448 371/1192/444
f 373/1200/446 374/1199/447 371/1192/444
f 371/1192/444 372/1201/445 373/1200/446
f 371/1192/444 954/1203/1044 457/1202/474
f 955/1204/1045 954/1203/1044 371/1192/444
f 956/1205/1046 955/1204/1045 371/1192/444
f 457/1202/474 881/1120/947 477/1206/498
f 952/1207/1047 881/1120/947 457/1202/474
f 953/1208/1048 952/1207/1047 457/1202/474
f 881/1120/947 476/1209/500 477/1206/498
f 475/1210/502 476/1209/500 881/1120/947
f 474/1211/536 475/1210/502 881/1120/947
f 881/1120/947 473/1212/535 474/1211/536
f 472/1118/534 473/1212/535 881/1120/947
f 862/1154/934 908/1213/1049 907/1170/1030
f 909/1214/1050 908/1213/1049 862/1154/934
f 910/1215/1051 909/1214/1050 862/1154/934
f 862/1154/934 911/1155/1027 910/1215/1051
f 884/1131/976 914/1216/1052 913/1157/1029
f 915/1217/1053 914/1216/1052 884/1131/976
f 916/1218/1054 915/1217/1053 884/1131/976
f 884/1131/976 917/1219/1055 916/1218/1054
f 918/1220/1056 917/1219/1055 884/1131/976
f 919/1133/1008 918/1220/1056 884/1131/976
f 901/1125/1001 941/1221/1057 940/1132/1007
f 942/1222/1058 941/1221/1057 901/1125/1001
f 943/1223/1059 942/1222/1058 901/1125/1001
f 901/1125/1001 944/1224/1060 943/1223/1059
f 945/1225/1061 944/1224/1060 901/1125/1001
f 946/1226/1062 945/1225/1061 901/1125/1001
f 901/1125/1001 947/1227/1063 946/1226/1062
f 948/1126/1002 947/1227/1063 901/1125/1001
f 881/1120/947 951/1228/1064 950/1128/1004
f 952/1207/1047 951/1228/1064 881/1120/947
f 457/1202/474 954/1203/1044 953/1208/1048
f 371/1192/444 957/1229/1065 956/1205/1046
f 958/1230/1066 957/1229/1065 371/1192/444
f 959/1193/1042 958/1230/1066 371/1192/444
f 339/1150/366 961/1231/1067 960/1194/1043
f 962/1232/1068 961/1231/1067 339/1150/366
f 963/1233/1069 962/1232/1068 339/1150/366
f 339/1150/366 964/1234/1070 963/1233/1069
f 965/1235/1071 964/1234/1070 339/1150/366
f 966/1148/1023 965/1235/1071 339/1150/366
f 982/1238/1074 873/1237/1073 874/1236/1072
f 972/1239/1075 873/1237/1073 982/1238/1074
f 981/1240/1076 972/1239/1075 982/1238/1074
f 973/1241/1077 972/1239/1075 981/1240/1076
f 980/1242/1078 973/1241/1077 981/1240/1076
f 974/1243/1079 973/1241/1077 980/1242/1078
f 979/1244/1080 974/1243/1079 980/1242/1078
f 975/1245/1081 974/1243/1079 979/1244/1080
f 978/1246/1082 975/1245/1081 979/1244/1080
f 976/1247/1083 975/1245/1081 978/1246/1082
f 977/1248/1084 976/1247/1083 978/1246/1082
f 874/1236/1072 983/1249/1085 982/1238/1074
f 875/1250/1086 983/1249/1085 874/1236/1072
f 984/1251/1087 983/1249/1085 875/1250/1086
f 876/1252/1088 984/1251/1087 875/1250/1086
f 985/1253/1089 984/1251/1087 876/1252/1088
f 877/1254/1090 985/1253/1089 876/1252/1088
f 878/1255/1091 985/1253/1089 877/1254/1090
f 986/1256/1092 985/1253/1089 878/1255/1091
f 879/1257/1093 986/1256/1092 878/1255/1091
f 987/1258/1094 986/1256/1092 879/1257/1093
f 880/1259/1095 987/1258/1094 879/1257/1093
f 901/1260/1001 987/1258/1094 880/1259/1095
f 881/1261/947 901/1260/1001 880/1259/1095
f 1042/1264/1096 895/1263/1000 896/1262/999
f 988/1265/1097 895/1263/1000 1042/1264/1096
f 1041/1266/1098 988/1265/1097 1042/1264/1096
f 1040/1267/1099 988/1265/1097 1041/1266/1098
f 1039/1268/1100 988/1265/1097 1040/1267/1099
f 1038/1269/1101 988/1265/1097 1039/1268/1100
f 1037/1270/1102 988/1265/1097 1038/1269/1101
f 1036/1271/1103 988/1265/1097 1037/1270/1102
f 1035/1272/1104 988/1265/1097 1036/1271/1103
f 1034/1273/1105 988/1265/1097 1035/1272/1104
f 1033/1274/1106 988/1265/1097 1034/1273/1105
f 1032/1275/1107 988/1265/1097 1033/1274/1106
f 1031/1276/1108 988/1265/1097 1032/1275/1107
f 1030/1277/1109 988/1265/1097 1031/1276/1108
f 1029/1278/1110 988/1265/1097 1030/1277/1109
f 1028/1279/1111 988/1265/1097 1029/1278/1110
f 1027/1280/1112 988/1265/1097 1028/1279/1111
f 1026/1281/1113 988/1265/1097 1027/1280/1112
f 1025/1282/1114 988/1265/1097 1026/1281/1113
f 1024/1283/1115 988/1265/1097 1025/1282/1114
f 1023/1284/1116 988/1265/1097 1024/1283/1115
f 1022/1285/1117 988/1265/1097 1023/1284/1116
f 1021/1286/1118 988/1265/1097 1022/1285/1117
f 1020/1287/1119 988/1265/1097 1021/1286/1118
f 1019/1288/1120 988/1265/1097 1020/1287/1119
f 1018/1289/1121 988/1265/1097 1019/1288/1120
f 1017/1290/1122 988/1265/1097 1018/1289/1121
f 1016/1291/1123 988/1265/1097 1017/1290/1122
f 989/1292/1124 988/1265/1097 1016/1291/1123
f 1015/1293/1125 989/1292/1124 1016/1291/1123
f 1014/1294/1126 989/1292/1124 1015/1293/1125
f 1013/1295/1127 989/1292/1124 1014/1294/1126
f 1012/1296/1128 989/1292/1124 1013/1295/1127
f 1011/1297/1129 989/1292/1124 1012/1296/1128
f 1010/1298/1130 989/1292/1124 1011/1297/1129
f 1009/1299/1131 989/1292/1124 1010/1298/1130
f 1008/1300/1132 989/1292/1124 1009/1299/1131
f 1007/1301/1133 989/1292/1124 1008/1300/1132
f 1006/1302/1134 989/1292/1124 1007/1301/1133
f 1005/1303/1135 989/1292/1124 1006/1302/1134
f 1004/1304/1136 989/1292/1124 1005/1303/1135
f 1003/1305/1137 989/1292/1124 1004/1304/1136
f 1002/1306/1138 989/1292/1124 1003/1305/1137
f 1001/1307/1139 989/1292/1124 1002/1306/1138
f 1000/1308/1140 989/1292/1124 1001/1307/1139
f 999/1309/1141 989/1292/1124 1000/1308/1140
f 998/1310/1142 989/1292/1124 999/1309/1141
f 997/1311/1143 989/1292/1124 998/1310/1142
f 996/1312/1144 989/1292/1124 997/1311/1143
f 995/1313/1145 989/1292/1124 996/1312/1144
f 994/1314/1146 989/1292/1124 995/1313/1145
f 993/1315/1147 989/1292/1124 994/1314/1146
f 992/1316/1148 989/1292/1124 993/1315/1147
f 991/1317/1149 989/1292/1124 992/1316/1148
f 990/1318/1150 989/1292/1124 991/1317/1149
f 977/1319/1084 989/1292/1124 990/1318/1150
f 976/1320/1083 977/1319/1084 990/1318/1150
f 1043/1323/1153 1093/1322/1152 1044/1321/1151
f 1094/1324/1154 1093/1322/1152 1043/1323/1153
f 1076/1325/1155 1094/1324/1154 1043/1323/1153
f 1095/1326/1156 1094/1324/1154 1076/1325/1155
f 1075/1327/1157 1095/1326/1156 1076/1325/1155
f 1096/1328/1158 1095/1326/1156 1075/1327/1157
f 1074/1329/1159 1096/1328/1158 1075/1327/1157
f 1097/1330/1160 1096/1328/1158 1074/1329/1159
f 1073/1331/1161 1097/1330/1160 1074/1329/1159
f 1098/1332/1162 1097/1330/1160 1073/1331/1161
f 1072/1333/1163 1098/1332/1162 1073/1331/1161
f 1099/1334/1164 1098/1332/1162 1072/1333/1163
f 700/1335/1165 1099/1334/1164 1072/1333/1163
f 795/1336/1166 1099/1334/1164 700/1335/1165
f 882/1337/1167 795/1336/1166 700/1335/1165
f 872/1338/1168 795/1336/1166 882/1337/1167
f 1092/1339/1169 1044/1321/1151 1093/1322/1152
f 1045/1340/1170 1044/1321/1151 1092/1339/1169
f 1091/1341/1171 1045/1340/1170 1092/1339/1169
f 1046/1342/1172 1045/1340/1170 1091/1341/1171
f 1090/1343/1173 1046/1342/1172 1091/1341/1171
f 1047/1344/1174 1046/1342/1172 1090/1343/1173
f 1089/1345/1175 1047/1344/1174 1090/1343/1173
f 1048/1346/1176 1047/1344/1174 1089/1345/1175
f 1088/1347/1177 1048/1346/1176 1089/1345/1175
f 1049/1348/1178 1048/1346/1176 1088/1347/1177
f 769/1349/1179 1049/1348/1178 1088/1347/1177
f 758/1350/1180 1049/1348/1178 769/1349/1179
f 1050/1351/1181 1049/1348/1178 758/1350/1180
f 1051/1352/1182 1050/1351/1181 758/1350/1180
f 758/1350/1180 1052/1353/1183 1051/1352/1182
f 1053/1354/1184 1052/1353/1183 758/1350/1180
f 1054/1355/1185 1053/1354/1184 758/1350/1180
f 758/1350/1180 1055/1356/1186 1054/1355/1185
f 1056/1357/1187 1055/1356/1186 758/1350/1180
f 757/1358/1188 1056/1357/1187 758/1350/1180
f 1057/1359/1189 1056/1357/1187 757/1358/1188
f 1058/1360/1190 1057/1359/1189 757/1358/1188
f 757/1358/1188 1059/1361/1191 1058/1360/1190
f 1060/1362/1192 1059/1361/1191 757/1358/1188
f 1061/1363/1193 1060/1362/1192 757/1358/1188
f 749/1364/1194 1061/1363/1193 757/1358/1188
f 1062/1365/1195 1061/1363/1193 749/1364/1194
f 1063/1366/1196 1062/1365/1195 749/1364/1194
f 749/1364/1194 1064/1367/1197 1063/1366/1196
f 1065/1368/1198 1064/1367/1197 749/1364/1194
f 689/1369/1199 1065/1368/1198 749/1364/1194
f 1066/1370/1200 1065/1368/1198 689/1369/1199
f 690/1371/1201 1066/1370/1200 689/1369/1199
f 691/1372/1202 1066/1370/1200 690/1371/1201
f 1067/1373/1203 1066/1370/1200 691/1372/1202
f 692/1374/1204 1067/1373/1203 691/1372/1202
f 1068/1375/1205 1067/1373/1203 692/1374/1204
f 693/1376/1206 1068/1375/1205 692/1374/1204
f 1069/1377/1207 1068/1375/1205 693/1376/1206
f 694/1378/1208 1069/1377/1207 693/1376/1206
f 695/1379/1209 1069/1377/1207 694/1378/1208
f 1070/1380/1210 1069/1377/1207 695/1379/1209
f 696/1381/1211 1070/1380/1210 695/1379/1209
f 697/1382/1212 1070/1380/1210 696/1381/1211
f 1071/1383/1213 1070/1380/1210 697/1382/1212
f 698/1384/1214 1071/1383/1213 697/1382/1212
f 1072/1333/1163 1071/1383/1213 698/1384/1214
f 699/1385/1215 1072/1333/1163 698/1384/1214
f 700/1335/1165 1072/1333/1163 699/1385/1215
f 770/1388/1218 1077/1387/1217 1110/1386/1216
f 1078/1389/1219 1077/1387/1217 770/1388/1218
f 1079/1390/1220 1078/1389/1219 770/1388/1218
f 770/1388/1218 1080/1391/1221 1079/1390/1220
f 1081/1392/1222 1080/1391/1221 770/1388/1218
f 769/1349/1179 1081/1392/1222 770/1388/1218
f 1082/1393/1223 1081/1392/1222 769/1349/1179
f 1083/1394/1224 1082/1393/1223 769/1349/1179
f 769/1349/1179 1084/1395/1225 1083/1394/1224
f 1085/1396/1226 1084/1395/1225 769/1349/1179
f 1086/1397/1227 1085/1396/1226 769/1349/1179
f 769/1349/1179 1087/1398/1228 1086/1397/1227
f 1088/1347/1177 1087/1398/1228 769/1349/1179
f 1099/1334/1164 797/1400/1230 1100/1399/1229
f 796/1401/1231 797/1400/1230 1099/1334/1164
f 795/1336/1166 796/1401/1231 1099/1334/1164
f 798/1402/1232 1100/1399/1229 797/1400/1230
f 1101/1403/1233 1100/1399/1229 798/1402/1232
f 799/1404/1234 1101/1403/1233 798/1402/1232
f 800/1405/1235 1101/1403/1233 799/1404/1234
f 1102/1406/1236 1101/1403/1233 800/1405/1235
f 801/1407/1237 1102/1406/1236 800/1405/1235
f 802/1408/1238 1102/1406/1236 801/1407/1237
f 1103/1409/1239 1102/1406/1236 802/1408/1238
f 803/1410/1240 1103/1409/1239 802/1408/1238
f 1104/1411/1241 1103/1409/1239 803/1410/1240
f 804/1412/1242 1104/1411/1241 803/1410/1240
f 1105/1413/1243 1104/1411/1241 804/1412/1242
f 805/1414/1244 1105/1413/1243 804/1412/1242
f 806/1415/1245 1105/1413/1243 805/1414/1244
f 1106/1416/1246 1105/1413/1243 806/1415/1245
f 781/1417/1247 1106/1416/1246 806/1415/1245
f 1107/1418/1248 1106/1416/1246 781/1417/1247
f 1108/1419/1249 1107/1418/1248 781/1417/1247
f 781/1417/1247 1109/1420/1250 1108/1419/1249
f 1110/1386/1216 1109/1420/1250 781/1417/1247
f 770/1388/1218 1110/1386/1216 781/1417/1247
f 770/1388/1218 780/1421/1251 769/1349/1179
f 779/1422/1252 780/1421/1251 770/1388/1218
f 778/1423/1253 779/1422/1252 770/1388/1218
f 770/1388/1218 777/1424/1254 778/1423/1253
f 776/1425/1255 777/1424/1254 770/1388/1218
f 775/1426/1256 776/1425/1255 770/1388/1218
f 770/1388/1218 774/1427/1257 775/1426/1256
f 773/1428/1258 774/1427/1257 770/1388/1218
f 772/1429/1259 773/1428/1258 770/1388/1218
f 770/1388/1218 771/1430/1260 772/1429/1259
f 781/1417/1247 789/1432/1262 790/1431/1261
f 788/1433/1263 789/1432/1262 781/1417/1247
f 787/1434/1264 788/1433/1263 781/1417/1247
f 781/1417/1247 786/1435/1265 787/1434/1264
f 785/1436/1266 786/1435/1265 781/1417/1247
f 784/1437/1267 785/1436/1266 781/1417/1247
f 781/1417/1247 783/1438/1268 784/1437/1267
f 806/1415/1245 783/1438/1268 781/1417/1247
f 749/1364/1194 688/1439/1269 689/1369/1199
f 756/1440/1270 688/1439/1269 749/1364/1194
f 755/1441/1271 756/1440/1270 749/1364/1194
f 749/1364/1194 754/1442/1272 755/1441/1271
f 753/1443/1273 754/1442/1272 749/1364/1194
f 752/1444/1274 753/1443/1273 749/1364/1194
f 749/1364/1194 751/1445/1275 752/1444/1274
f 750/1446/1276 751/1445/1275 749/1364/1194
f 757/1358/1188 767/1448/1278 768/1447/1277
f 766/1449/1279 767/1448/1278 757/1358/1188
f 765/1450/1280 766/1449/1279 757/1358/1188
f 757/1358/1188 764/1451/1281 765/1450/1280
f 763/1452/1282 764/1451/1281 757/1358/1188
f 762/1453/1283 763/1452/1282 757/1358/1188
f 757/1358/1188 761/1454/1284 762/1453/1283
f 760/1455/1285 761/1454/1284 757/1358/1188
f 759/1456/1286 760/1455/1285 757/1358/1188
f 757/1358/1188 758/1350/1180 759/1456/1286
f 1113/1459/1289 1112/1458/1288 1111/1457/1287
f 1116/1462/1292 1115/1461/1291 1114/1460/1290
f 1008/1465/1295 1117/1464/1294 1329/1463/1293
f 1118/1466/1296 1117/1464/1294 1008/1465/1295
f 1119/1467/1297 1118/1466/1296 1008/1465/1295
f 1009/1468/1298 1119/1467/1297 1008/1465/1295
f 1120/1469/1299 1119/1467/1297 1009/1468/1298
f 1121/1470/1300 1120/1469/1299 1009/1468/1298
f 1009/1468/1298 1122/1471/1301 1121/1470/1300
f 1123/1472/1302 1122/1471/1301 1009/1468/1298
f 1124/1473/1303 1123/1472/1302 1009/1468/1298
f 1009/1468/1298 1125/1474/1304 1124/1473/1303
f 1126/1475/1305 1125/1474/1304 1009/1468/1298
f 1010/1476/1306 1126/1475/1305 1009/1468/1298
f 1127/1477/1307 1126/1475/1305 1010/1476/1306
f 1128/1478/1308 1127/1477/1307 1010/1476/1306
f 1010/1476/1306 1129/1479/1309 1128/1478/1308
f 1011/1480/1310 1129/1479/1309 1010/1476/1306
f 1130/1481/1311 1129/1479/1309 1011/1480/1310
f 1012/1482/1312 1130/1481/1311 1011/1480/1310
f 1131/1483/1313 1130/1481/1311 1012/1482/1312
f 1132/1484/1314 1131/1483/1313 1012/1482/1312
f 1013/1485/1315 1132/1484/1314 1012/1482/1312
f 1133/1486/1316 1132/1484/1314 1013/1485/1315
f 1134/1487/1317 1133/1486/1316 1013/1485/1315
f 1014/1488/1318 1134/1487/1317 1013/1485/1315
f 1135/1489/1319 1134/1487/1317 1014/1488/1318
f 1136/1490/1320 1135/1489/1319 1014/1488/1318
f 1015/1491/1321 1136/1490/1320 1014/1488/1318
f 1137/1492/1322 1136/1490/1320 1015/1491/1321
f 1016/1493/1323 1137/1492/1322 1015/1491/1321
f 1138/1494/1324 1137/1492/1322 1016/1493/1323
f 1139/1495/1325 1138/1494/1324 1016/1493/1323
f 1017/1496/1326 1139/1495/1325 1016/1493/1323
f 1140/1497/1327 1139/1495/1325 1017/1496/1326
f 1018/1498/1328 1140/1497/1327 1017/1496/1326
f 1141/1499/1329 1140/1497/1327 1018/1498/1328
f 1142/1500/1330 1141/1499/1329 1018/1498/1328
f 1019/1501/1331 1142/1500/1330 1018/1498/1328
f 1143/1502/1332 1142/1500/1330 1019/1501/1331
f 1144/1503/1333 1143/1502/1332 1019/1501/1331
f 1020/1504/1334 1144/1503/1333 1019/1501/1331
f 1145/1505/1335 1144/1503/1333 1020/1504/1334
f 1146/1506/1336 1145/1505/1335 1020/1504/1334
f 1021/1507/1337 1146/1506/1336 1020/1504/1334
f 1147/1508/1338 1146/1506/1336 1021/1507/1337
f 1148/1509/1339 1147/1508/1338 1021/1507/1337
f 1022/1510/1340 1148/1509/1339 1021/1507/1337
f 1149/1511/1341 1148/1509/1339 1022/1510/1340
f 1150/1512/1342 1149/1511/1341 1022/1510/1340
f 1023/1513/1343 1150/1512/1342 1022/1510/1340
f 1151/1514/1344 1150/1512/1342 1023/1513/1343
f 1152/1515/1345 1151/1514/1344 1023/1513/1343
f 1023/1513/1343 1153/1516/1346 1152/1515/1345
f 1154/1517/1347 1153/1516/1346 1023/1513/1343
f 1155/1518/1348 1154/1517/1347 1023/1513/1343
f 1023/1513/1343 1156/1519/1349 1155/1518/1348
f 1157/1520/1350 1156/1519/1349 1023/1513/1343
f 1158/1521/1351 1157/1520/1350 1023/1513/1343
f 1024/1522/1352 1158/1521/1351 1023/1513/1343
f 1159/1523/1353 1158/1521/1351 1024/1522/1352
f 1160/1524/1354 1159/1523/1353 1024/1522/1352
f 1025/1525/1355 1160/1524/1354 1024/1522/1352
f 1161/1526/1356 1160/1524/1354 1025/1525/1355
f 1026/1527/1357 1161/1526/1356 1025/1525/1355
f 1162/1528/1358 1161/1526/1356 1026/1527/1357
f 1027/1529/1359 1162/1528/1358 1026/1527/1357
f 1163/1530/1360 1162/1528/1358 1027/1529/1359
f 1028/1531/1361 1163/1530/1360 1027/1529/1359
f 1164/1532/1362 1163/1530/1360 1028/1531/1361
f 1210/1533/1363 1164/1532/1362 1028/1531/1361
f 1209/1534/1364 1164/1532/1362 1210/1533/1363
f 1208/1535/1365 1164/1532/1362 1209/1534/1364
f 1165/1536/1366 1164/1532/1362 1208/1535/1365
f 1207/1537/1367 1165/1536/1366 1208/1535/1365
f 1206/1538/1368 1165/1536/1366 1207/1537/1367
f 1205/1539/1369 1165/1536/1366 1206/1538/1368
f 1204/1540/1370 1165/1536/1366 1205/1539/1369
f 1203/1541/1371 1165/1536/1366 1204/1540/1370
f 1166/1542/1372 1165/1536/1366 1203/1541/1371
f 1202/1543/1373 1166/1542/1372 1203/1541/1371
f 1201/1544/1374 1166/1542/1372 1202/1543/1373
f 1200/1545/1375 1166/1542/1372 1201/1544/1374
f 1167/1546/1376 1166/1542/1372 1200/1545/1375
f 1199/1547/1377 1167/1546/1376 1200/1545/1375
f 1198/1548/1378 1167/1546/1376 1199/1547/1377
f 1168/1549/1379 1167/1546/1376 1198/1548/1378
f 1197/1550/1380 1168/1549/1379 1198/1548/1378
f 1196/1551/1381 1168/1549/1379 1197/1550/1380
f 1195/1552/1382 1168/1549/1379 1196/1551/1381
f 1169/1553/1383 1168/1549/1379 1195/1552/1382
f 1194/1554/1384 1169/1553/1383 1195/1552/1382
f 1193/1555/1385 1169/1553/1383 1194/1554/1384
f 1170/1556/1386 1169/1553/1383 1193/1555/1385
f 1192/1557/1387 1170/1556/1386 1193/1555/1385
f 1191/1558/1388 1170/1556/1386 1192/1557/1387
f 1171/1559/1389 1170/1556/1386 1191/1558/1388
f 1190/1560/1390 1171/1559/1389 1191/1558/1388
f 1189/1561/1391 1171/1559/1389 1190/1560/1390
f 1188/1562/1392 1171/1559/1389 1189/1561/1391
f 1172/1563/1393 1171/1559/1389 1188/1562/1392
f 1187/1564/1394 1172/1563/1393 1188/1562/1392
f 1186/1565/1395 1172/1563/1393 1187/1564/1394
f 1185/1566/1396 1172/1563/1393 1186/1565/1395
f 1184/1567/1397 1172/1563/1393 1185/1566/1396
f 1183/1568/1398 1172/1563/1393 1184/1567/1397
f 1173/1569/1399 1172/1563/1393 1183/1568/1398
f 1182/1570/1400 1173/1569/1399 1183/1568/1398
f 1181/1571/1401 1173/1569/1399 1182/1570/1400
f 1180/1572/1402 1173/1569/1399 1181/1571/1401
f 1174/1573/1403 1173/1569/1399 1180/1572/1402
f 1179/1574/1404 1174/1573/1403 1180/1572/1402
f 1175/1575/1405 1174/1573/1403 1179/1574/1404
f 1178/1576/1406 1175/1575/1405 1179/1574/1404
f 1176/1577/1407 1175/1575/1405 1178/1576/1406
f 1177/1578/1408 1176/1577/1407 1178/1576/1406
f 1029/1579/1409 1210/1533/1363 1028/1531/1361
f 1211/1580/1410 1210/1533/1363 1029/1579/1409
f 1212/1581/1411 1211/1580/1410 1029/1579/1409
f 1029/1579/1409 1213/1582/1412 1212/1581/1411
f 1214/1583/1413 1213/1582/1412 1029/1579/1409
f 1215/1584/1414 1214/1583/1413 1029/1579/1409
f 1030/1585/1415 1215/1584/1414 1029/1579/1409
f 1216/1586/1416 1215/1584/1414 1030/1585/1415
f 1217/1587/1417 1216/1586/1416 1030/1585/1415
f 1030/1585/1415 1218/1588/1418 1217/1587/1417
f 1031/1589/1419 1218/1588/1418 1030/1585/1415
f 1219/1590/1420 1218/1588/1418 1031/1589/1419
f 1220/1591/1421 1219/1590/1420 1031/1589/1419
f 1032/1592/1422 1220/1591/1421 1031/1589/1419
f 1221/1593/1423 1220/1591/1421 1032/1592/1422
f 1222/1594/1424 1221/1593/1423 1032/1592/1422
f 1033/1595/1425 1222/1594/1424 1032/1592/1422
f 1223/1596/1426 1222/1594/1424 1033/1595/1425
f 1034/1597/1427 1223/1596/1426 1033/1595/1425
f 1224/1598/1428 1223/1596/1426 1034/1597/1427
f 1225/1599/1429 1224/1598/1428 1034/1597/1427
f 1035/1600/1430 1225/1599/1429 1034/1597/1427
f 1226/1601/1431 1225/1599/1429 1035/1600/1430
f 1227/1602/1432 1226/1601/1431 1035/1600/1430
f 1036/1603/1433 1227/1602/1432 1035/1600/1430
f 1228/1604/1434 1227/1602/1432 1036/1603/1433
f 1229/1605/1435 1228/1604/1434 1036/1603/1433
f 1037/1606/1436 1229/1605/1435 1036/1603/1433
f 1230/1607/1437 1229/1605/1435 1037/1606/1436
f 1231/1608/1438 1230/1607/1437 1037/1606/1436
f 1038/1609/1439 1231/1608/1438 1037/1606/1436
f 1232/1610/1440 1231/1608/1438 1038/1609/1439
f 1233/1611/1441 1232/1610/1440 1038/1609/1439
f 1039/1612/1442 1233/1611/1441 1038/1609/1439
f 1234/1613/1443 1233/1611/1441 1039/1612/1442
f 1235/1614/1444 1234/1613/1443 1039/1612/1442
f 1040/1615/1445 1235/1614/1444 1039/1612/1442
f 1236/1616/1446 1235/1614/1444 1040/1615/1445
f 1237/1617/1447 1236/1616/1446 1040/1615/1445
f 1041/1618/1448 1237/1617/1447 1040/1615/1445
f 1238/1619/1449 1237/1617/1447 1041/1618/1448
f 1239/1620/1450 1238/1619/1449 1041/1618/1448
f 1041/1618/1448 1240/1621/1451 1239/1620/1450
f 1042/1622/1452 1240/1621/1451 1041/1618/1448
f 1241/1623/1453 1240/1621/1451 1042/1622/1452
f 1242/1624/1454 1241/1623/1453 1042/1622/1452
f 1042/1622/1452 1243/1625/1455 1242/1624/1454
f 1244/1626/1456 1243/1625/1455 1042/1622/1452
f 1329/1463/1293 1007/1627/1457 1008/1465/1295
f 1328/1628/1458 1007/1627/1457 1329/1463/1293
f 1006/1629/1459 1007/1627/1457 1328/1628/1458
f 1327/1630/1460 1006/1629/1459 1328/1628/1458
f 1005/1631/1461 1006/1629/1459 1327/1630/1460
f 1326/1632/1462 1005/1631/1461 1327/1630/1460
f 1004/1633/1463 1005/1631/1461 1326/1632/1462
f 1325/1634/1464 1004/1633/1463 1326/1632/1462
f 1003/1635/1465 1004/1633/1463 1325/1634/1464
f 1279/1636/1466 1003/1635/1465 1325/1634/1464
f 1278/1637/1467 1003/1635/1465 1279/1636/1466
f 1277/1638/1468 1003/1635/1465 1278/1637/1467
f 1276/1639/1469 1003/1635/1465 1277/1638/1468
f 1275/1640/1470 1003/1635/1465 1276/1639/1469
f 1274/1641/1471 1003/1635/1465 1275/1640/1470
f 1002/1642/1472 1003/1635/1465 1274/1641/1471
f 1273/1643/1473 1002/1642/1472 1274/1641/1471
f 1272/1644/1474 1002/1642/1472 1273/1643/1473
f 1001/1645/1475 1002/1642/1472 1272/1644/1474
f 1271/1646/1476 1001/1645/1475 1272/1644/1474
f 1270/1647/1477 1001/1645/1475 1271/1646/1476
f 1269/1648/1478 1001/1645/1475 1270/1647/1477
f 1000/1649/1479 1001/1645/1475 1269/1648/1478
f 1268/1650/1480 1000/1649/1479 1269/1648/1478
f 1267/1651/1481 1000/1649/1479 1268/1650/1480
f 999/1652/1482 1000/1649/1479 1267/1651/1481
f 1266/1653/1483 999/1652/1482 1267/1651/1481
f 998/1654/1484 999/1652/1482 1266/1653/1483
f 1265/1655/1485 998/1654/1484 1266/1653/1483
f 1264/1656/1486 998/1654/1484 1265/1655/1485
f 997/1657/1487 998/1654/1484 1264/1656/1486
f 1263/1658/1488 997/1657/1487 1264/1656/1486
f 1262/1659/1489 997/1657/1487 1263/1658/1488
f 996/1660/1490 997/1657/1487 1262/1659/1489
f 1261/1661/1491 996/1660/1490 1262/1659/1489
f 1260/1662/1492 996/1660/1490 1261/1661/1491
f 995/1663/1493 996/1660/1490 1260/1662/1492
f 1259/1664/1494 995/1663/1493 1260/1662/1492
f 1258/1665/1495 995/1663/1493 1259/1664/1494
f 994/1666/1496 995/1663/1493 1258/1665/1495
f 1257/1667/1497 994/1666/1496 1258/1665/1495
f 993/1668/1498 994/1666/1496 1257/1667/1497
f 1256/1669/1499 993/1668/1498 1257/1667/1497
f 1255/1670/1500 993/1668/1498 1256/1669/1499
f 992/1671/1501 993/1668/1498 1255/1670/1500
f 1254/1672/1502 992/1671/1501 1255/1670/1500
f 1253/1673/1503 992/1671/1501 1254/1672/1502
f 1252/1674/1504 992/1671/1501 1253/1673/1503
f 991/1675/1505 992/1671/1501 1252/1674/1504
f 1251/1676/1506 991/1675/1505 1252/1674/1504
f 1250/1677/1507 991/1675/1505 1251/1676/1506
f 990/1678/1508 991/1675/1505 1250/1677/1507
f 1249/1679/1509 990/1678/1508 1250/1677/1507
f 1248/1680/1510 990/1678/1508 1249/1679/1509
f 1247/1681/1511 990/1678/1508 1248/1680/1510
f 1246/1682/1512 990/1678/1508 1247/1681/1511
f 1245/1683/1513 990/1678/1508 1246/1682/1512
f 1325/1634/1464 1280/1684/1514 1279/1636/1466
f 1281/1685/1515 1280/1684/1514 1325/1634/1464
f 1324/1686/1516 1281/1685/1515 1325/1634/1464
f 1282/1687/1517 1281/1685/1515 1324/1686/1516
f 1283/1688/1518 1282/1687/1517 1324/1686/1516
f 1324/1686/1516 1284/1689/1519 1283/1688/1518
f 1285/1690/1520 1284/1689/1519 1324/1686/1516
f 1286/1691/1521 1285/1690/1520 1324/1686/1516
f 1323/1692/1522 1286/1691/1521 1324/1686/1516
f 1287/1693/1523 1286/1691/1521 1323/1692/1522
f 1288/1694/1524 1287/1693/1523 1323/1692/1522
f 1323/1692/1522 1289/1695/1525 1288/1694/1524
f 1322/1696/1526 1289/1695/1525 1323/1692/1522
f 1290/1697/1527 1289/1695/1525 1322/1696/1526
f 1291/1698/1528 1290/1697/1527 1322/1696/1526
f 1321/1699/1529 1291/1698/1528 1322/1696/1526
f 1292/1700/1530 1291/1698/1528 1321/1699/1529
f 1293/1701/1531 1292/1700/1530 1321/1699/1529
f 1321/1699/1529 1294/1702/1532 1293/1701/1531
f 1320/1703/1533 1294/1702/1532 1321/1699/1529
f 1295/1704/1534 1294/1702/1532 1320/1703/1533
f 1296/1705/1535 1295/1704/1534 1320/1703/1533
f 1319/1706/1536 1296/1705/1535 1320/1703/1533
f 1297/1707/1537 1296/1705/1535 1319/1706/1536
f 1298/1708/1538 1297/1707/1537 1319/1706/1536
f 1318/1709/1539 1298/1708/1538 1319/1706/1536
f 1299/1710/1540 1298/1708/1538 1318/1709/1539
f 1300/1711/1541 1299/1710/1540 1318/1709/1539
f 1318/1709/1539 1301/1712/1542 1300/1711/1541
f 1317/1713/1543 1301/1712/1542 1318/1709/1539
f 1302/1714/1544 1301/1712/1542 1317/1713/1543
f 1303/1715/1545 1302/1714/1544 1317/1713/1543
f 1317/1713/1543 1304/1716/1546 1303/1715/1545
f 1305/1717/1547 1304/1716/1546 1317/1713/1543
f 1306/1718/1548 1305/1717/1547 1317/1713/1543
f 1316/1719/1549 1306/1718/1548 1317/1713/1543
f 1307/1720/1550 1306/1718/1548 1316/1719/1549
f 1308/1721/1551 1307/1720/1550 1316/1719/1549
f 1316/1719/1549 1309/1722/1552 1308/1721/1551
f 1310/1723/1553 1309/1722/1552 1316/1719/1549
f 1315/1724/1554 1310/1723/1553 1316/1719/1549
f 1314/1725/1555 1310/1723/1553 1315/1724/1554
f 1311/1726/1556 1310/1723/1553 1314/1725/1555
f 1313/1727/1557 1311/1726/1556 1314/1725/1555
f 1312/1728/1558 1311/1726/1556 1313/1727/1557
f 1397/1731/1561 1330/1730/1560 1359/1729/1559
f 1331/1732/1562 1330/1730/1560 1397/1731/1561
f 1332/1733/1563 1331/1732/1562 1397/1731/1561
f 1321/1734/1564 1332/1733/1563 1397/1731/1561
f 1333/1735/1565 1332/1733/1563 1321/1734/1564
f 1334/1736/1566 1333/1735/1565 1321/1734/1564
f 1322/1737/1567 1334/1736/1566 1321/1734/1564
f 1335/1738/1568 1334/1736/1566 1322/1737/1567
f 1336/1739/1569 1335/1738/1568 1322/1737/1567
f 1323/1740/1570 1336/1739/1569 1322/1737/1567
f 1337/1741/1571 1336/1739/1569 1323/1740/1570
f 1338/1742/1572 1337/1741/1571 1323/1740/1570
f 1324/1743/1573 1338/1742/1572 1323/1740/1570
f 1339/1744/1574 1338/1742/1572 1324/1743/1573
f 1340/1745/1575 1339/1744/1574 1324/1743/1573
f 1325/1746/1576 1340/1745/1575 1324/1743/1573
f 1341/1747/1577 1340/1745/1575 1325/1746/1576
f 1326/1748/1578 1341/1747/1577 1325/1746/1576
f 1342/1749/1579 1341/1747/1577 1326/1748/1578
f 1343/1750/1580 1342/1749/1579 1326/1748/1578
f 1327/1751/1581 1343/1750/1580 1326/1748/1578
f 1344/1752/1582 1343/1750/1580 1327/1751/1581
f 1328/1753/1583 1344/1752/1582 1327/1751/1581
f 1345/1754/1584 1344/1752/1582 1328/1753/1583
f 1329/1755/1585 1345/1754/1584 1328/1753/1583
f 1346/1756/1586 1345/1754/1584 1329/1755/1585
f 1117/1757/1587 1346/1756/1586 1329/1755/1585
f 1402/1758/1588 1346/1756/1586 1117/1757/1587
f 1403/1759/1589 1402/1758/1588 1117/1757/1587
f 1402/1758/1588 1347/1760/1590 1346/1756/1586
f 1401/1761/1591 1347/1760/1590 1402/1758/1588
f 1348/1762/1592 1347/1760/1590 1401/1761/1591
f 1400/1763/1593 1348/1762/1592 1401/1761/1591
f 1349/1764/1594 1348/1762/1592 1400/1763/1593
f 1399/1765/1595 1349/1764/1594 1400/1763/1593
f 1350/1766/1596 1349/1764/1594 1399/1765/1595
f 1351/1767/1597 1350/1766/1596 1399/1765/1595
f 1398/1768/1598 1351/1767/1597 1399/1765/1595
f 1352/1769/1599 1351/1767/1597 1398/1768/1598
f 1353/1770/1600 1352/1769/1599 1398/1768/1598
f 1398/1768/1598 1354/1771/1601 1353/1770/1600
f 1355/1772/1602 1354/1771/1601 1398/1768/1598
f 1356/1773/1603 1355/1772/1602 1398/1768/1598
f 1397/1731/1561 1356/1773/1603 1398/1768/1598
f 1357/1774/1604 1356/1773/1603 1397/1731/1561
f 1358/1775/1605 1357/1774/1604 1397/1731/1561
f 1397/1731/1561 1359/1729/1559 1358/1775/1605
f 1410/1778/1608 1360/1777/1607 1389/1776/1606
f 1361/1779/1609 1360/1777/1607 1410/1778/1608
f 1362/1780/1610 1361/1779/1609 1410/1778/1608
f 1410/1778/1608 1363/1781/1611 1362/1780/1610
f 1364/1782/1612 1363/1781/1611 1410/1778/1608
f 1409/1783/1613 1364/1782/1612 1410/1778/1608
f 1365/1784/1614 1364/1782/1612 1409/1783/1613
f 1366/1785/1615 1365/1784/1614 1409/1783/1613
f 1409/1783/1613 1367/1786/1616 1366/1785/1615
f 1368/1787/1617 1367/1786/1616 1409/1783/1613
f 1369/1788/1618 1368/1787/1617 1409/1783/1613
f 1408/1789/1619 1369/1788/1618 1409/1783/1613
f 1370/1790/1620 1369/1788/1618 1408/1789/1619
f 1371/1791/1621 1370/1790/1620 1408/1789/1619
f 1407/1792/1622 1371/1791/1621 1408/1789/1619
f 1372/1793/1623 1371/1791/1621 1407/1792/1622
f 1406/1794/1624 1372/1793/1623 1407/1792/1622
f 1373/1795/1625 1372/1793/1623 1406/1794/1624
f 1405/1796/1626 1373/1795/1625 1406/1794/1624
f 1374/1797/1627 1373/1795/1625 1405/1796/1626
f 1159/1798/1628 1374/1797/1627 1405/1796/1626
f 1160/1799/1629 1374/1797/1627 1159/1798/1628
f 1375/1800/1630 1374/1797/1627 1160/1799/1629
f 1161/1801/1631 1375/1800/1630 1160/1799/1629
f 1376/1802/1632 1375/1800/1630 1161/1801/1631
f 1162/1803/1633 1376/1802/1632 1161/1801/1631
f 1377/1804/1634 1376/1802/1632 1162/1803/1633
f 1163/1805/1635 1377/1804/1634 1162/1803/1633
f 1378/1806/1636 1377/1804/1634 1163/1805/1635
f 1379/1807/1637 1378/1806/1636 1163/1805/1635
f 1164/1808/1638 1379/1807/1637 1163/1805/1635
f 1380/1809/1639 1379/1807/1637 1164/1808/1638
f 1165/1810/1640 1380/1809/1639 1164/1808/1638
f 1381/1811/1641 1380/1809/1639 1165/1810/1640
f 1382/1812/1642 1381/1811/1641 1165/1810/1640
f 1166/1813/1643 1382/1812/1642 1165/1810/1640
f 1383/1814/1644 1382/1812/1642 1166/1813/1643
f 1384/1815/1645 1383/1814/1644 1166/1813/1643
f 1167/1816/1646 1384/1815/1645 1166/1813/1643
f 1385/1817/1647 1384/1815/1645 1167/1816/1646
f 1386/1818/1648 1385/1817/1647 1167/1816/1646
f 1168/1819/1649 1386/1818/1648 1167/1816/1646
f 1387/1820/1650 1386/1818/1648 1168/1819/1649
f 1388/1821/1651 1387/1820/1650 1168/1819/1649
f 1410/1778/1608 1388/1821/1651 1168/1819/1649
f 1389/1776/1606 1388/1821/1651 1410/1778/1608
f 1397/1731/1561 1320/1822/1652 1321/1734/1564
f 1396/1823/1653 1320/1822/1652 1397/1731/1561
f 1395/1824/1654 1320/1822/1652 1396/1823/1653
f 1319/1825/1655 1320/1822/1652 1395/1824/1654
f 1394/1826/1656 1319/1825/1655 1395/1824/1654
f 1393/1827/1657 1319/1825/1655 1394/1826/1656
f 1318/1828/1658 1319/1825/1655 1393/1827/1657
f 1392/1829/1659 1318/1828/1658 1393/1827/1657
f 1391/1830/1660 1318/1828/1658 1392/1829/1659
f 1317/1831/1661 1318/1828/1658 1391/1830/1660
f 1390/1832/1662 1317/1831/1661 1391/1830/1660
f 1316/1833/1663 1317/1831/1661 1390/1832/1662
f 1117/1757/1587 1404/1834/1664 1403/1759/1589
f 1159/1798/1628 1404/1834/1664 1117/1757/1587
f 1405/1796/1626 1404/1834/1664 1159/1798/1628
f 1169/1835/1665 1410/1778/1608 1168/1819/1649
f 1411/1836/1666 1410/1778/1608 1169/1835/1665
f 1412/1837/1667 1411/1836/1666 1169/1835/1665
f 1170/1838/1668 1412/1837/1667 1169/1835/1665
f 1413/1839/1669 1412/1837/1667 1170/1838/1668
f 1414/1840/1670 1413/1839/1669 1170/1838/1668
f 1171/1841/1671 1414/1840/1670 1170/1838/1668
f 1415/1842/1672 1414/1840/1670 1171/1841/1671
f 1416/1843/1673 1415/1842/1672 1171/1841/1671
f 1172/1844/1674 1416/1843/1673 1171/1841/1671
f 1417/1845/1675 1416/1843/1673 1172/1844/1674
f 1173/1846/1676 1417/1845/1675 1172/1844/1674
f 1246/1849/1679 1279/1848/1678 1245/1847/1677
f 1278/1850/1680 1279/1848/1678 1246/1849/1679
f 1247/1851/1681 1278/1850/1680 1246/1849/1679
f 1277/1852/1682 1278/1850/1680 1247/1851/1681
f 1276/1853/1683 1277/1852/1682 1247/1851/1681
f 1248/1854/1684 1276/1853/1683 1247/1851/1681
f 1275/1855/1685 1276/1853/1683 1248/1854/1684
f 1249/1856/1686 1275/1855/1685 1248/1854/1684
f 1250/1857/1687 1275/1855/1685 1249/1856/1686
f 1274/1858/1688 1275/1855/1685 1250/1857/1687
f 1273/1859/1689 1274/1858/1688 1250/1857/1687
f 1251/1860/1690 1273/1859/1689 1250/1857/1687
f 1272/1861/1691 1273/1859/1689 1251/1860/1690
f 1252/1862/1692 1272/1861/1691 1251/1860/1690
f 1253/1863/1693 1272/1861/1691 1252/1862/1692
f 1271/1864/1694 1272/1861/1691 1253/1863/1693
f 1270/1865/1695 1271/1864/1694 1253/1863/1693
f 1270/1865/1695 1255/1867/1697 1269/1866/1696
f 1254/1868/1698 1255/1867/1697 1270/1865/1695
f 1253/1863/1693 1254/1868/1698 1270/1865/1695
f 1256/1869/1699 1269/1866/1696 1255/1867/1697
f 1268/1870/1700 1269/1866/1696 1256/1869/1699
f 1257/1871/1701 1268/1870/1700 1256/1869/1699
f 1267/1872/1702 1268/1870/1700 1257/1871/1701
f 1258/1873/1703 1267/1872/1702 1257/1871/1701
f 1266/1874/1704 1267/1872/1702 1258/1873/1703
f 1259/1875/1705 1266/1874/1704 1258/1873/1703
f 1265/1876/1706 1266/1874/1704 1259/1875/1705
f 1260/1877/1707 1265/1876/1706 1259/1875/1705
f 1264/1878/1708 1265/1876/1706 1260/1877/1707
f 1261/1879/1709 1264/1878/1708 1260/1877/1707
f 1263/1880/1710 1264/1878/1708 1261/1879/1709
f 1262/1881/1711 1263/1880/1710 1261/1879/1709
f 1245/1884/1677 976/1883/1713 990/1882/1712
f 576/1885/1714 976/1883/1713 1245/1884/1677
f 1434/1886/1715 576/1885/1714 1245/1884/1677
f 1433/1887/1716 576/1885/1714 1434/1886/1715
f 1432/1888/1717 576/1885/1714 1433/1887/1716
f 1431/1889/1718 576/1885/1714 1432/1888/1717
f 1430/1890/1719 576/1885/1714 1431/1889/1718
f 1429/1891/1720 576/1885/1714 1430/1890/1719
f 883/1892/1721 576/1885/1714 1429/1891/1720
f 1428/1893/1722 883/1892/1721 1429/1891/1720
f 1427/1894/1723 883/1892/1721 1428/1893/1722
f 1426/1895/1724 883/1892/1721 1427/1894/1723
f 1425/1896/1725 883/1892/1721 1426/1895/1724
f 1424/1897/1726 883/1892/1721 1425/1896/1725
f 1423/1898/1727 883/1892/1721 1424/1897/1726
f 1422/1899/1728 883/1892/1721 1423/1898/1727
f 1421/1900/1729 883/1892/1721 1422/1899/1728
f 1420/1901/1730 883/1892/1721 1421/1900/1729
f 1419/1902/1731 883/1892/1721 1420/1901/1730
f 1418/1903/1732 883/1892/1721 1419/1902/1731
f 576/1885/1714 975/1904/1733 976/1883/1713
f 974/1905/1734 975/1904/1733 576/1885/1714
f 973/1906/1735 974/1905/1734 576/1885/1714
f 576/1885/1714 972/1907/1736 973/1906/1735
f 873/1908/1737 972/1907/1736 576/1885/1714
f 1245/1884/1677 1435/1909/1738 1434/1886/1715
f 1436/1910/1739 1435/1909/1738 1245/1884/1677
f 1115/1911/1740 1436/1910/1739 1245/1884/1677
f 1437/1912/1741 1436/1910/1739 1115/1911/1740
f 1116/1913/1742 1437/1912/1741 1115/1911/1740
f 1245/1884/1677 1280/1914/1743 1115/1911/1740
f 1279/1915/1678 1280/1914/1743 1245/1884/1677
f 1452/1918/1746 1297/1917/1745 1298/1916/1744
f 1296/1919/1747 1297/1917/1745 1452/1918/1746
f 1295/1920/1748 1296/1919/1747 1452/1918/1746
f 1452/1918/1746 1294/1921/1749 1295/1920/1748
f 1293/1922/1750 1294/1921/1749 1452/1918/1746
f 1451/1923/1751 1293/1922/1750 1452/1918/1746
f 1292/1924/1752 1293/1922/1750 1451/1923/1751
f 1291/1925/1753 1292/1924/1752 1451/1923/1751
f 1450/1926/1754 1291/1925/1753 1451/1923/1751
f 1290/1927/1755 1291/1925/1753 1450/1926/1754
f 1289/1928/1756 1290/1927/1755 1450/1926/1754
f 1449/1929/1757 1289/1928/1756 1450/1926/1754
f 1288/1930/1758 1289/1928/1756 1449/1929/1757
f 1448/1931/1759 1288/1930/1758 1449/1929/1757
f 1287/1932/1760 1288/1930/1758 1448/1931/1759
f 1447/1933/1761 1287/1932/1760 1448/1931/1759
f 1286/1934/1762 1287/1932/1760 1447/1933/1761
f 1446/1935/1763 1286/1934/1762 1447/1933/1761
f 1285/1936/1764 1286/1934/1762 1446/1935/1763
f 1445/1937/1765 1285/1936/1764 1446/1935/1763
f 1444/1938/1766 1285/1936/1764 1445/1937/1765
f 1284/1939/1767 1285/1936/1764 1444/1938/1766
f 1443/1940/1768 1284/1939/1767 1444/1938/1766
f 1283/1941/1769 1284/1939/1767 1443/1940/1768
f 1442/1942/1770 1283/1941/1769 1443/1940/1768
f 1282/1943/1771 1283/1941/1769 1442/1942/1770
f 1441/1944/1772 1282/1943/1771 1442/1942/1770
f 1440/1945/1773 1282/1943/1771 1441/1944/1772
f 1281/1946/1774 1282/1943/1771 1440/1945/1773
f 1439/1947/1775 1281/1946/1774 1440/1945/1773
f 1438/1948/1776 1281/1946/1774 1439/1947/1775
f 1280/1949/1743 1281/1946/1774 1438/1948/1776
f 1114/1950/1777 1280/1949/1743 1438/1948/1776
f 1115/1951/1740 1280/1949/1743 1114/1950/1777
f 1483/1954/1780 1313/1953/1779 1314/1952/1778
f 1498/1955/1781 1313/1953/1779 1483/1954/1780
f 1482/1956/1782 1498/1955/1781 1483/1954/1780
f 1505/1957/1783 1498/1955/1781 1482/1956/1782
f 1481/1958/1784 1505/1957/1783 1482/1956/1782
f 1519/1959/1785 1505/1957/1783 1481/1958/1784
f 1495/1960/1786 1519/1959/1785 1481/1958/1784
f 1518/1961/1787 1519/1959/1785 1495/1960/1786
f 1533/1962/1788 1518/1961/1787 1495/1960/1786
f 1517/1963/1789 1518/1961/1787 1533/1962/1788
f 1532/1964/1790 1517/1963/1789 1533/1962/1788
f 1516/1965/1791 1517/1963/1789 1532/1964/1790
f 1531/1966/1792 1516/1965/1791 1532/1964/1790
f 1515/1967/1793 1516/1965/1791 1531/1966/1792
f 1530/1968/1794 1515/1967/1793 1531/1966/1792
f 1514/1969/1795 1515/1967/1793 1530/1968/1794
f 1529/1970/1796 1514/1969/1795 1530/1968/1794
f 1513/1971/1797 1514/1969/1795 1529/1970/1796
f 1528/1972/1798 1513/1971/1797 1529/1970/1796
f 1512/1973/1799 1513/1971/1797 1528/1972/1798
f 1527/1974/1800 1512/1973/1799 1528/1972/1798
f 1511/1975/1801 1512/1973/1799 1527/1974/1800
f 1526/1976/1802 1511/1975/1801 1527/1974/1800
f 1510/1977/1803 1511/1975/1801 1526/1976/1802
f 1525/1978/1804 1510/1977/1803 1526/1976/1802
f 1509/1979/1805 1510/1977/1803 1525/1978/1804
f 1524/1980/1806 1509/1979/1805 1525/1978/1804
f 1508/1981/1807 1509/1979/1805 1524/1980/1806
f 1523/1982/1808 1508/1981/1807 1524/1980/1806
f 1507/1983/1809 1508/1981/1807 1523/1982/1808
f 1522/1984/1810 1507/1983/1809 1523/1982/1808
f 1506/1985/1811 1507/1983/1809 1522/1984/1810
f 1521/1986/1812 1506/1985/1811 1522/1984/1810
f 1494/1987/1813 1506/1985/1811 1521/1986/1812
f 1520/1988/1814 1494/1987/1813 1521/1986/1812
f 1452/1989/1815 1494/1987/1813 1520/1988/1814
f 1451/1990/1816 1452/1989/1815 1520/1988/1814
f 1498/1955/1781 1312/1991/1817 1313/1953/1779
f 1497/1992/1818 1312/1991/1817 1498/1955/1781
f 1505/1957/1783 1497/1992/1818 1498/1955/1781
f 1504/1993/1819 1497/1992/1818 1505/1957/1783
f 1519/1959/1785 1504/1993/1819 1505/1957/1783
f 1518/1961/1787 1504/1993/1819 1519/1959/1785
f 1497/1992/1818 1311/1994/1820 1312/1991/1817
f 1496/1995/1821 1311/1994/1820 1497/1992/1818
f 1504/1993/1819 1496/1995/1821 1497/1992/1818
f 1503/1996/1822 1496/1995/1821 1504/1993/1819
f 1518/1961/1787 1503/1996/1822 1504/1993/1819
f 1517/1963/1789 1503/1996/1822 1518/1961/1787
f 1496/1995/1821 1310/1997/1823 1311/1994/1820
f 1309/1998/1824 1310/1997/1823 1496/1995/1821
f 1503/1996/1822 1309/1998/1824 1496/1995/1821
f 1502/1999/1825 1309/1998/1824 1503/1996/1822
f 1517/1963/1789 1502/1999/1825 1503/1996/1822
f 1516/1965/1791 1502/1999/1825 1517/1963/1789
f 1502/1999/1825 1308/2000/1826 1309/1998/1824
f 1501/2001/1827 1308/2000/1826 1502/1999/1825
f 1516/1965/1791 1501/2001/1827 1502/1999/1825
f 1515/1967/1793 1501/2001/1827 1516/1965/1791
f 1501/2001/1827 1307/2002/1828 1308/2000/1826
f 1500/2003/1829 1307/2002/1828 1501/2001/1827
f 1515/1967/1793 1500/2003/1829 1501/2001/1827
f 1514/1969/1795 1500/2003/1829 1515/1967/1793
f 1500/2003/1829 1306/2004/1830 1307/2002/1828
f 1499/2005/1831 1306/2004/1830 1500/2003/1829
f 1514/1969/1795 1499/2005/1831 1500/2003/1829
f 1513/1971/1797 1499/2005/1831 1514/1969/1795
f 1499/2005/1831 1305/2006/1832 1306/2004/1830
f 1513/1971/1797 1305/2006/1832 1499/2005/1831
f 1512/1973/1799 1305/2006/1832 1513/1971/1797
f 1304/2007/1833 1305/2006/1832 1512/1973/1799
f 1511/1975/1801 1304/2007/1833 1512/1973/1799
f 1303/2008/1834 1304/2007/1833 1511/1975/1801
f 1510/1977/1803 1303/2008/1834 1511/1975/1801
f 1302/2009/1835 1303/2008/1834 1510/1977/1803
f 1509/1979/1805 1302/2009/1835 1510/1977/1803
f 1508/1981/1807 1302/2009/1835 1509/1979/1805
f 1508/1981/1807 1301/2010/1836 1302/2009/1835
f 1507/1983/1809 1301/2010/1836 1508/1981/1807
f 1507/1983/1809 1300/2011/1837 1301/2010/1836
f 1506/1985/1811 1300/2011/1837 1507/1983/1809
f 1506/1985/1811 1299/2012/1838 1300/2011/1837
f 1494/1987/1813 1299/2012/1838 1506/1985/1811
f 1494/1987/1813 1298/2013/1839 1299/2012/1838
f 1452/1989/1815 1298/2013/1839 1494/1987/1813
f 1534/2014/1840 1451/1990/1816 1520/1988/1814
f 1450/2015/1841 1451/1990/1816 1534/2014/1840
f 1549/2016/1842 1450/2015/1841 1534/2014/1840
f 1449/2017/1843 1450/2015/1841 1549/2016/1842
f 1492/2018/1844 1449/2017/1843 1549/2016/1842
f 1448/2019/1845 1449/2017/1843 1492/2018/1844
f 1606/2020/1846 1448/2019/1845 1492/2018/1844
f 1578/2021/1847 1448/2019/1845 1606/2020/1846
f 1579/2022/1848 1578/2021/1847 1606/2020/1846
f 1607/2023/1849 1578/2021/1847 1579/2022/1848
f 1608/2024/1850 1607/2023/1849 1579/2022/1848
f 1647/2025/1851 1607/2023/1849 1608/2024/1850
f 1646/2026/1852 1647/2025/1851 1608/2024/1850
f 1624/2027/1853 1647/2025/1851 1646/2026/1852
f 1625/2028/1854 1624/2027/1853 1646/2026/1852
f 1653/2029/1855 1624/2027/1853 1625/2028/1854
f 1654/2030/1856 1653/2029/1855 1625/2028/1854
f 1687/2031/1857 1653/2029/1855 1654/2030/1856
f 1686/2032/1858 1687/2031/1857 1654/2030/1856
f 1670/2033/1859 1687/2031/1857 1686/2032/1858
f 1671/2034/1860 1670/2033/1859 1686/2032/1858
f 1700/2035/1861 1670/2033/1859 1671/2034/1860
f 1701/2036/1862 1700/2035/1861 1671/2034/1860
f 1716/2037/1863 1700/2035/1861 1701/2036/1862
f 1717/2038/1864 1716/2037/1863 1701/2036/1862
f 1732/2039/1865 1716/2037/1863 1717/2038/1864
f 1733/2040/1866 1732/2039/1865 1717/2038/1864
f 1748/2041/1867 1732/2039/1865 1733/2040/1866
f 1749/2042/1868 1748/2041/1867 1733/2040/1866
f 1763/2043/1869 1748/2041/1867 1749/2042/1868
f 1764/2044/1870 1763/2043/1869 1749/2042/1868
f 1778/2045/1871 1763/2043/1869 1764/2044/1870
f 1779/2046/1872 1778/2045/1871 1764/2044/1870
f 1792/2047/1873 1778/2045/1871 1779/2046/1872
f 1793/2048/1874 1792/2047/1873 1779/2046/1872
f 1805/2049/1875 1792/2047/1873 1793/2048/1874
f 1464/2050/1876 1805/2049/1875 1793/2048/1874
f 1463/2051/1877 1805/2049/1875 1464/2050/1876
f 1816/2052/1878 1805/2049/1875 1463/2051/1877
f 1462/2053/1879 1816/2052/1878 1463/2051/1877
f 1461/2054/1880 1816/2052/1878 1462/2053/1879
f 1826/2055/1881 1816/2052/1878 1461/2054/1880
f 1460/2056/1882 1826/2055/1881 1461/2054/1880
f 1835/2057/1883 1826/2055/1881 1460/2056/1882
f 1459/2058/1884 1835/2057/1883 1460/2056/1882
f 1487/2059/1885 1835/2057/1883 1459/2058/1884
f 1458/2060/1886 1487/2059/1885 1459/2058/1884
f 1848/2061/1887 1487/2059/1885 1458/2060/1886
f 1849/2062/1888 1848/2061/1887 1458/2060/1886
f 1847/2063/1889 1848/2061/1887 1849/2062/1888
f 1850/2064/1890 1847/2063/1889 1849/2062/1888
f 1846/2065/1891 1847/2063/1889 1850/2064/1890
f 1851/2066/1892 1846/2065/1891 1850/2064/1890
f 1845/2067/1893 1846/2065/1891 1851/2066/1892
f 1852/2068/1894 1845/2067/1893 1851/2066/1892
f 1844/2069/1895 1845/2067/1893 1852/2068/1894
f 1853/2070/1896 1844/2069/1895 1852/2068/1894
f 1843/2071/1897 1844/2069/1895 1853/2070/1896
f 1854/2072/1898 1843/2071/1897 1853/2070/1896
f 1842/2073/1899 1843/2071/1897 1854/2072/1898
f 1427/2074/1900 1842/2073/1899 1854/2072/1898
f 1428/2075/1901 1842/2073/1899 1427/2074/1900
f 1836/2076/1902 1842/2073/1899 1428/2075/1901
f 1429/2077/1903 1836/2076/1902 1428/2075/1901
f 1828/2078/1904 1836/2076/1902 1429/2077/1903
f 1827/2079/1905 1828/2078/1904 1429/2077/1903
f 1818/2080/1906 1828/2078/1904 1827/2079/1905
f 1817/2081/1907 1818/2080/1906 1827/2079/1905
f 1807/2082/1908 1818/2080/1906 1817/2081/1907
f 1806/2083/1909 1807/2082/1908 1817/2081/1907
f 1795/2084/1910 1807/2082/1908 1806/2083/1909
f 1794/2085/1911 1795/2084/1910 1806/2083/1909
f 1782/2086/1912 1795/2084/1910 1794/2085/1911
f 1781/2087/1913 1782/2086/1912 1794/2085/1911
f 1768/2088/1914 1782/2086/1912 1781/2087/1913
f 1435/2089/1915 1768/2088/1914 1781/2087/1913
f 1767/2090/1916 1768/2088/1914 1435/2089/1915
f 1436/2091/1917 1767/2090/1916 1435/2089/1915
f 1437/2092/1918 1767/2090/1916 1436/2091/1917
f 1753/2093/1919 1767/2090/1916 1437/2092/1918
f 1116/2094/1920 1753/2093/1919 1437/2092/1918
f 1739/2095/1921 1753/2093/1919 1116/2094/1920
f 1738/2096/1922 1739/2095/1921 1116/2094/1920
f 1723/2097/1923 1739/2095/1921 1738/2096/1922
f 1438/2098/1924 1723/2097/1923 1738/2096/1922
f 1439/2099/1925 1723/2097/1923 1438/2098/1924
f 1440/2100/1926 1723/2097/1923 1439/2099/1925
f 1708/2101/1927 1723/2097/1923 1440/2100/1926
f 1441/2102/1928 1708/2101/1927 1440/2100/1926
f 1693/2103/1929 1708/2101/1927 1441/2102/1928
f 1442/2104/1930 1693/2103/1929 1441/2102/1928
f 1664/2105/1931 1693/2103/1929 1442/2104/1930
f 1443/2106/1932 1664/2105/1931 1442/2104/1930
f 1444/2107/1933 1664/2105/1931 1443/2106/1932
f 1692/2108/1934 1664/2105/1931 1444/2107/1933
f 1488/2109/1935 1692/2108/1934 1444/2107/1933
f 1691/2110/1936 1692/2108/1934 1488/2109/1935
f 1650/2111/1937 1691/2110/1936 1488/2109/1935
f 1690/2112/1938 1691/2110/1936 1650/2111/1937
f 1651/2113/1939 1690/2112/1938 1650/2111/1937
f 1689/2114/1940 1690/2112/1938 1651/2113/1939
f 1652/2115/1941 1689/2114/1940 1651/2113/1939
f 1688/2116/1942 1689/2114/1940 1652/2115/1941
f 1653/2029/1855 1688/2116/1942 1652/2115/1941
f 1687/2031/1857 1688/2116/1942 1653/2029/1855
f 1578/2021/1847 1447/2117/1943 1448/2019/1845
f 1490/2118/1944 1447/2117/1943 1578/2021/1847
f 1607/2023/1849 1490/2118/1944 1578/2021/1847
f 1648/2119/1945 1490/2118/1944 1607/2023/1849
f 1647/2025/1851 1648/2119/1945 1607/2023/1849
f 1623/2120/1946 1648/2119/1945 1647/2025/1851
f 1624/2027/1853 1623/2120/1946 1647/2025/1851
f 1652/2115/1941 1623/2120/1946 1624/2027/1853
f 1653/2029/1855 1652/2115/1941 1624/2027/1853
f 1490/2118/1944 1446/2121/1947 1447/2117/1943
f 1649/2122/1948 1446/2121/1947 1490/2118/1944
f 1648/2119/1945 1649/2122/1948 1490/2118/1944
f 1622/2123/1949 1649/2122/1948 1648/2119/1945
f 1623/2120/1946 1622/2123/1949 1648/2119/1945
f 1651/2113/1939 1622/2123/1949 1623/2120/1946
f 1652/2115/1941 1651/2113/1939 1623/2120/1946
f 1621/2124/1950 1446/2121/1947 1649/2122/1948
f 1445/2125/1951 1446/2121/1947 1621/2124/1950
f 1488/2109/1935 1445/2125/1951 1621/2124/1950
f 1444/2107/1933 1445/2125/1951 1488/2109/1935
f 1738/2096/1922 1114/2126/1952 1438/2098/1924
f 1116/2094/1920 1114/2126/1952 1738/2096/1922
f 1781/2087/1913 1434/2127/1953 1435/2089/1915
f 1794/2085/1911 1434/2127/1953 1781/2087/1913
f 1794/2085/1911 1433/2128/1954 1434/2127/1953
f 1806/2083/1909 1433/2128/1954 1794/2085/1911
f 1806/2083/1909 1432/2129/1955 1433/2128/1954
f 1817/2081/1907 1432/2129/1955 1806/2083/1909
f 1817/2081/1907 1431/2130/1956 1432/2129/1955
f 1827/2079/1905 1431/2130/1956 1817/2081/1907
f 1827/2079/1905 1430/2131/1957 1431/2130/1956
f 1429/2077/1903 1430/2131/1957 1827/2079/1905
f 1485/2132/1958 1427/2074/1900 1854/2072/1898
f 1426/2133/1959 1427/2074/1900 1485/2132/1958
f 1863/2134/1960 1426/2133/1959 1485/2132/1958
f 1425/2135/1961 1426/2133/1959 1863/2134/1960
f 1870/2136/1962 1425/2135/1961 1863/2134/1960
f 1424/2137/1963 1425/2135/1961 1870/2136/1962
f 1871/2138/1964 1424/2137/1963 1870/2136/1962
f 1423/2139/1965 1424/2137/1963 1871/2138/1964
f 1874/2140/1966 1423/2139/1965 1871/2138/1964
f 1422/2141/1967 1423/2139/1965 1874/2140/1966
f 1876/2142/1968 1422/2141/1967 1874/2140/1966
f 1421/2143/1969 1422/2141/1967 1876/2142/1968
f 1453/2144/1970 1421/2143/1969 1876/2142/1968
f 1875/2145/1971 1453/2144/1970 1876/2142/1968
f 1454/2146/1972 1453/2144/1970 1875/2145/1971
f 1873/2147/1973 1454/2146/1972 1875/2145/1971
f 1455/2148/1974 1454/2146/1972 1873/2147/1973
f 1484/2149/1975 1455/2148/1974 1873/2147/1973
f 1456/2150/1976 1455/2148/1974 1484/2149/1975
f 1867/2151/1977 1456/2150/1976 1484/2149/1975
f 1486/2152/1978 1456/2150/1976 1867/2151/1977
f 1860/2153/1979 1486/2152/1978 1867/2151/1977
f 1858/2154/1980 1486/2152/1978 1860/2153/1979
f 1857/2155/1981 1858/2154/1980 1860/2153/1979
f 1851/2066/1892 1858/2154/1980 1857/2155/1981
f 1852/2068/1894 1851/2066/1892 1857/2155/1981
f 1486/2152/1978 1457/2156/1982 1456/2150/1976
f 1859/2157/1983 1457/2156/1982 1486/2152/1978
f 1858/2154/1980 1859/2157/1983 1486/2152/1978
f 1850/2064/1890 1859/2157/1983 1858/2154/1980
f 1851/2066/1892 1850/2064/1890 1858/2154/1980
f 1849/2062/1888 1457/2156/1982 1859/2157/1983
f 1458/2060/1886 1457/2156/1982 1849/2062/1888
f 1793/2048/1874 1465/2158/1984 1464/2050/1876
f 1780/2159/1985 1465/2158/1984 1793/2048/1874
f 1779/2046/1872 1780/2159/1985 1793/2048/1874
f 1765/2160/1986 1780/2159/1985 1779/2046/1872
f 1764/2044/1870 1765/2160/1986 1779/2046/1872
f 1750/2161/1987 1765/2160/1986 1764/2044/1870
f 1749/2042/1868 1750/2161/1987 1764/2044/1870
f 1734/2162/1988 1750/2161/1987 1749/2042/1868
f 1733/2040/1866 1734/2162/1988 1749/2042/1868
f 1718/2163/1989 1734/2162/1988 1733/2040/1866
f 1717/2038/1864 1718/2163/1989 1733/2040/1866
f 1702/2164/1990 1718/2163/1989 1717/2038/1864
f 1701/2036/1862 1702/2164/1990 1717/2038/1864
f 1672/2165/1991 1702/2164/1990 1701/2036/1862
f 1671/2034/1860 1672/2165/1991 1701/2036/1862
f 1685/2166/1992 1672/2165/1991 1671/2034/1860
f 1686/2032/1858 1685/2166/1992 1671/2034/1860
f 1655/2167/1993 1685/2166/1992 1686/2032/1858
f 1654/2030/1856 1655/2167/1993 1686/2032/1858
f 1626/2168/1994 1655/2167/1993 1654/2030/1856
f 1625/2028/1854 1626/2168/1994 1654/2030/1856
f 1645/2169/1995 1626/2168/1994 1625/2028/1854
f 1646/2026/1852 1645/2169/1995 1625/2028/1854
f 1609/2170/1996 1645/2169/1995 1646/2026/1852
f 1608/2024/1850 1609/2170/1996 1646/2026/1852
f 1580/2171/1997 1609/2170/1996 1608/2024/1850
f 1579/2022/1848 1580/2171/1997 1608/2024/1850
f 1605/2172/1998 1580/2171/1997 1579/2022/1848
f 1606/2020/1846 1605/2172/1998 1579/2022/1848
f 1492/2018/1844 1605/2172/1998 1606/2020/1846
f 1780/2159/1985 1466/2173/1999 1465/2158/1984
f 1766/2174/2000 1466/2173/1999 1780/2159/1985
f 1765/2160/1986 1766/2174/2000 1780/2159/1985
f 1751/2175/2001 1766/2174/2000 1765/2160/1986
f 1750/2161/1987 1751/2175/2001 1765/2160/1986
f 1735/2176/2002 1751/2175/2001 1750/2161/1987
f 1734/2162/1988 1735/2176/2002 1750/2161/1987
f 1719/2177/2003 1735/2176/2002 1734/2162/1988
f 1718/2163/1989 1719/2177/2003 1734/2162/1988
f 1703/2178/2004 1719/2177/2003 1718/2163/1989
f 1702/2164/1990 1703/2178/2004 1718/2163/1989
f 1673/2179/2005 1703/2178/2004 1702/2164/1990
f 1672/2165/1991 1673/2179/2005 1702/2164/1990
f 1684/2180/2006 1673/2179/2005 1672/2165/1991
f 1685/2166/1992 1684/2180/2006 1672/2165/1991
f 1656/2181/2007 1684/2180/2006 1685/2166/1992
f 1655/2167/1993 1656/2181/2007 1685/2166/1992
f 1627/2182/2008 1656/2181/2007 1655/2167/1993
f 1626/2168/1994 1627/2182/2008 1655/2167/1993
f 1644/2183/2009 1627/2182/2008 1626/2168/1994
f 1645/2169/1995 1644/2183/2009 1626/2168/1994
f 1610/2184/2010 1644/2183/2009 1645/2169/1995
f 1609/2170/1996 1610/2184/2010 1645/2169/1995
f 1581/2185/2011 1610/2184/2010 1609/2170/1996
f 1580/2171/1997 1581/2185/2011 1609/2170/1996
f 1604/2186/2012 1581/2185/2011 1580/2171/1997
f 1605/2172/1998 1604/2186/2012 1580/2171/1997
f 1564/2187/2013 1604/2186/2012 1605/2172/1998
f 1492/2018/1844 1564/2187/2013 1605/2172/1998
f 1549/2016/1842 1564/2187/2013 1492/2018/1844
f 1766/2174/2000 1467/2188/2014 1466/2173/1999
f 1752/2189/2015 1467/2188/2014 1766/2174/2000
f 1751/2175/2001 1752/2189/2015 1766/2174/2000
f 1736/2190/2016 1752/2189/2015 1751/2175/2001
f 1735/2176/2002 1736/2190/2016 1751/2175/2001
f 1720/2191/2017 1736/2190/2016 1735/2176/2002
f 1719/2177/2003 1720/2191/2017 1735/2176/2002
f 1704/2192/2018 1720/2191/2017 1719/2177/2003
f 1703/2178/2004 1704/2192/2018 1719/2177/2003
f 1674/2193/2019 1704/2192/2018 1703/2178/2004
f 1673/2179/2005 1674/2193/2019 1703/2178/2004
f 1683/2194/2020 1674/2193/2019 1673/2179/2005
f 1684/2180/2006 1683/2194/2020 1673/2179/2005
f 1657/2195/2021 1683/2194/2020 1684/2180/2006
f 1656/2181/2007 1657/2195/2021 1684/2180/2006
f 1628/2196/2022 1657/2195/2021 1656/2181/2007
f 1627/2182/2008 1628/2196/2022 1656/2181/2007
f 1643/2197/2023 1628/2196/2022 1627/2182/2008
f 1644/2183/2009 1643/2197/2023 1627/2182/2008
f 1611/2198/2024 1643/2197/2023 1644/2183/2009
f 1610/2184/2010 1611/2198/2024 1644/2183/2009
f 1582/2199/2025 1611/2198/2024 1610/2184/2010
f 1581/2185/2011 1582/2199/2025 1610/2184/2010
f 1603/2200/2026 1582/2199/2025 1581/2185/2011
f 1604/2186/2012 1603/2200/2026 1581/2185/2011
f 1565/2201/2027 1603/2200/2026 1604/2186/2012
f 1564/2187/2013 1565/2201/2027 1604/2186/2012
f 1550/2202/2028 1565/2201/2027 1564/2187/2013
f 1549/2016/1842 1550/2202/2028 1564/2187/2013
f 1534/2014/1840 1550/2202/2028 1549/2016/1842
f 1752/2189/2015 1468/2203/2029 1467/2188/2014
f 1737/2204/2030 1468/2203/2029 1752/2189/2015
f 1736/2190/2016 1737/2204/2030 1752/2189/2015
f 1721/2205/2031 1737/2204/2030 1736/2190/2016
f 1720/2191/2017 1721/2205/2031 1736/2190/2016
f 1705/2206/2032 1721/2205/2031 1720/2191/2017
f 1704/2192/2018 1705/2206/2032 1720/2191/2017
f 1675/2207/2033 1705/2206/2032 1704/2192/2018
f 1674/2193/2019 1675/2207/2033 1704/2192/2018
f 1682/2208/2034 1675/2207/2033 1674/2193/2019
f 1683/2194/2020 1682/2208/2034 1674/2193/2019
f 1658/2209/2035 1682/2208/2034 1683/2194/2020
f 1657/2195/2021 1658/2209/2035 1683/2194/2020
f 1629/2210/2036 1658/2209/2035 1657/2195/2021
f 1628/2196/2022 1629/2210/2036 1657/2195/2021
f 1642/2211/2037 1629/2210/2036 1628/2196/2022
f 1643/2197/2023 1642/2211/2037 1628/2196/2022
f 1612/2212/2038 1642/2211/2037 1643/2197/2023
f 1611/2198/2024 1612/2212/2038 1643/2197/2023
f 1583/2213/2039 1612/2212/2038 1611/2198/2024
f 1582/2199/2025 1583/2213/2039 1611/2198/2024
f 1602/2214/2040 1583/2213/2039 1582/2199/2025
f 1603/2200/2026 1602/2214/2040 1582/2199/2025
f 1566/2215/2041 1602/2214/2040 1603/2200/2026
f 1565/2201/2027 1566/2215/2041 1603/2200/2026
f 1551/2216/2042 1566/2215/2041 1565/2201/2027
f 1550/2202/2028 1551/2216/2042 1565/2201/2027
f 1535/2217/2043 1551/2216/2042 1550/2202/2028
f 1534/2014/1840 1535/2217/2043 1550/2202/2028
f 1520/1988/1814 1535/2217/2043 1534/2014/1840
f 1737/2204/2030 1469/2218/2044 1468/2203/2029
f 1722/2219/2045 1469/2218/2044 1737/2204/2030
f 1721/2205/2031 1722/2219/2045 1737/2204/2030
f 1706/2220/2046 1722/2219/2045 1721/2205/2031
f 1705/2206/2032 1706/2220/2046 1721/2205/2031
f 1676/2221/2047 1706/2220/2046 1705/2206/2032
f 1675/2207/2033 1676/2221/2047 1705/2206/2032
f 1681/2222/2048 1676/2221/2047 1675/2207/2033
f 1682/2208/2034 1681/2222/2048 1675/2207/2033
f 1659/2223/2049 1681/2222/2048 1682/2208/2034
f 1658/2209/2035 1659/2223/2049 1682/2208/2034
f 1630/2224/2050 1659/2223/2049 1658/2209/2035
f 1629/2210/2036 1630/2224/2050 1658/2209/2035
f 1641/2225/2051 1630/2224/2050 1629/2210/2036
f 1642/2211/2037 1641/2225/2051 1629/2210/2036
f 1613/2226/2052 1641/2225/2051 1642/2211/2037
f 1612/2212/2038 1613/2226/2052 1642/2211/2037
f 1584/2227/2053 1613/2226/2052 1612/2212/2038
f 1583/2213/2039 1584/2227/2053 1612/2212/2038
f 1601/2228/2054 1584/2227/2053 1583/2213/2039
f 1602/2214/2040 1601/2228/2054 1583/2213/2039
f 1567/2229/2055 1601/2228/2054 1602/2214/2040
f 1566/2215/2041 1567/2229/2055 1602/2214/2040
f 1552/2230/2056 1567/2229/2055 1566/2215/2041
f 1551/2216/2042 1552/2230/2056 1566/2215/2041
f 1536/2231/2057 1552/2230/2056 1551/2216/2042
f 1535/2217/2043 1536/2231/2057 1551/2216/2042
f 1521/1986/1812 1536/2231/2057 1535/2217/2043
f 1520/1988/1814 1521/1986/1812 1535/2217/2043
f 1722/2219/2045 1470/2232/2058 1469/2218/2044
f 1707/2233/2059 1470/2232/2058 1722/2219/2045
f 1706/2220/2046 1707/2233/2059 1722/2219/2045
f 1677/2234/2060 1707/2233/2059 1706/2220/2046
f 1676/2221/2047 1677/2234/2060 1706/2220/2046
f 1680/2235/2061 1677/2234/2060 1676/2221/2047
f 1681/2222/2048 1680/2235/2061 1676/2221/2047
f 1660/2236/2062 1680/2235/2061 1681/2222/2048
f 1659/2223/2049 1660/2236/2062 1681/2222/2048
f 1631/2237/2063 1660/2236/2062 1659/2223/2049
f 1630/2224/2050 1631/2237/2063 1659/2223/2049
f 1640/2238/2064 1631/2237/2063 1630/2224/2050
f 1641/2225/2051 1640/2238/2064 1630/2224/2050
f 1614/2239/2065 1640/2238/2064 1641/2225/2051
f 1613/2226/2052 1614/2239/2065 1641/2225/2051
f 1585/2240/2066 1614/2239/2065 1613/2226/2052
f 1584/2227/2053 1585/2240/2066 1613/2226/2052
f 1600/2241/2067 1585/2240/2066 1584/2227/2053
f 1601/2228/2054 1600/2241/2067 1584/2227/2053
f 1568/2242/2068 1600/2241/2067 1601/2228/2054
f 1567/2229/2055 1568/2242/2068 1601/2228/2054
f 1553/2243/2069 1568/2242/2068 1567/2229/2055
f 1552/2230/2056 1553/2243/2069 1567/2229/2055
f 1537/2244/2070 1553/2243/2069 1552/2230/2056
f 1536/2231/2057 1537/2244/2070 1552/2230/2056
f 1522/1984/1810 1537/2244/2070 1536/2231/2057
f 1521/1986/1812 1522/1984/1810 1536/2231/2057
f 1707/2233/2059 1471/2245/2071 1470/2232/2058
f 1472/2246/2072 1471/2245/2071 1707/2233/2059
f 1678/2247/2073 1472/2246/2072 1707/2233/2059
f 1473/2248/2074 1472/2246/2072 1678/2247/2073
f 1489/2249/2075 1473/2248/2074 1678/2247/2073
f 1474/2250/2076 1473/2248/2074 1489/2249/2075
f 1663/2251/2077 1474/2250/2076 1489/2249/2075
f 1635/2252/2078 1474/2250/2076 1663/2251/2077
f 1634/2253/2079 1635/2252/2078 1663/2251/2077
f 1636/2254/2080 1635/2252/2078 1634/2253/2079
f 1637/2255/2081 1636/2254/2080 1634/2253/2079
f 1618/2256/2082 1636/2254/2080 1637/2255/2081
f 1617/2257/2083 1618/2256/2082 1637/2255/2081
f 1589/2258/2084 1618/2256/2082 1617/2257/2083
f 1588/2259/2085 1589/2258/2084 1617/2257/2083
f 1596/2260/2086 1589/2258/2084 1588/2259/2085
f 1597/2261/2087 1596/2260/2086 1588/2259/2085
f 1572/2262/2088 1596/2260/2086 1597/2261/2087
f 1571/2263/2089 1572/2262/2088 1597/2261/2087
f 1557/2264/2090 1572/2262/2088 1571/2263/2089
f 1556/2265/2091 1557/2264/2090 1571/2263/2089
f 1541/2266/2092 1557/2264/2090 1556/2265/2091
f 1540/2267/2093 1541/2266/2092 1556/2265/2091
f 1526/1976/1802 1541/2266/2092 1540/2267/2093
f 1525/1978/1804 1526/1976/1802 1540/2267/2093
f 1635/2252/2078 1475/2268/2094 1474/2250/2076
f 1491/2269/2095 1475/2268/2094 1635/2252/2078
f 1636/2254/2080 1491/2269/2095 1635/2252/2078
f 1619/2270/2096 1491/2269/2095 1636/2254/2080
f 1618/2256/2082 1619/2270/2096 1636/2254/2080
f 1590/2271/2097 1619/2270/2096 1618/2256/2082
f 1589/2258/2084 1590/2271/2097 1618/2256/2082
f 1595/2272/2098 1590/2271/2097 1589/2258/2084
f 1596/2260/2086 1595/2272/2098 1589/2258/2084
f 1573/2273/2099 1595/2272/2098 1596/2260/2086
f 1572/2262/2088 1573/2273/2099 1596/2260/2086
f 1558/2274/2100 1573/2273/2099 1572/2262/2088
f 1557/2264/2090 1558/2274/2100 1572/2262/2088
f 1542/2275/2101 1558/2274/2100 1557/2264/2090
f 1541/2266/2092 1542/2275/2101 1557/2264/2090
f 1527/1974/1800 1542/2275/2101 1541/2266/2092
f 1526/1976/1802 1527/1974/1800 1541/2266/2092
f 1491/2269/2095 1476/2276/2102 1475/2268/2094
f 1620/2277/2103 1476/2276/2102 1491/2269/2095
f 1619/2270/2096 1620/2277/2103 1491/2269/2095
f 1591/2278/2104 1620/2277/2103 1619/2270/2096
f 1590/2271/2097 1591/2278/2104 1619/2270/2096
f 1594/2279/2105 1591/2278/2104 1590/2271/2097
f 1595/2272/2098 1594/2279/2105 1590/2271/2097
f 1574/2280/2106 1594/2279/2105 1595/2272/2098
f 1573/2273/2099 1574/2280/2106 1595/2272/2098
f 1559/2281/2107 1574/2280/2106 1573/2273/2099
f 1558/2274/2100 1559/2281/2107 1573/2273/2099
f 1543/2282/2108 1559/2281/2107 1558/2274/2100
f 1542/2275/2101 1543/2282/2108 1558/2274/2100
f 1528/1972/1798 1543/2282/2108 1542/2275/2101
f 1527/1974/1800 1528/1972/1798 1542/2275/2101
f 1592/2283/2109 1476/2276/2102 1620/2277/2103
f 1477/2284/2110 1476/2276/2102 1592/2283/2109
f 1493/2285/2111 1477/2284/2110 1592/2283/2109
f 1478/2286/2112 1477/2284/2110 1493/2285/2111
f 1577/2287/2113 1478/2286/2112 1493/2285/2111
f 1563/2288/2114 1478/2286/2112 1577/2287/2113
f 1562/2289/2115 1563/2288/2114 1577/2287/2113
f 1547/2290/2116 1563/2288/2114 1562/2289/2115
f 1546/2291/2117 1547/2290/2116 1562/2289/2115
f 1532/1964/1790 1547/2290/2116 1546/2291/2117
f 1531/1966/1792 1532/1964/1790 1546/2291/2117
f 1563/2288/2114 1479/2292/2118 1478/2286/2112
f 1548/2293/2119 1479/2292/2118 1563/2288/2114
f 1547/2290/2116 1548/2293/2119 1563/2288/2114
f 1533/1962/1788 1548/2293/2119 1547/2290/2116
f 1532/1964/1790 1533/1962/1788 1547/2290/2116
f 1548/2293/2119 1480/2294/2120 1479/2292/2118
f 1495/1960/1786 1480/2294/2120 1548/2293/2119
f 1533/1962/1788 1495/1960/1786 1548/2293/2119
f 1495/1960/1786 1481/1958/1784 1480/2294/2120
f 1523/1982/1808 1537/2244/2070 1522/1984/1810
f 1538/2295/2121 1537/2244/2070 1523/1982/1808
f 1524/1980/1806 1538/2295/2121 1523/1982/1808
f 1539/2296/2122 1538/2295/2121 1524/1980/1806
f 1525/1978/1804 1539/2296/2122 1524/1980/1806
f 1540/2267/2093 1539/2296/2122 1525/1978/1804
f 1529/1970/1796 1543/2282/2108 1528/1972/1798
f 1544/2297/2123 1543/2282/2108 1529/1970/1796
f 1530/1968/1794 1544/2297/2123 1529/1970/1796
f 1545/2298/2124 1544/2297/2123 1530/1968/1794
f 1531/1966/1792 1545/2298/2124 1530/1968/1794
f 1546/2291/2117 1545/2298/2124 1531/1966/1792
f 1538/2295/2121 1553/2243/2069 1537/2244/2070
f 1554/2299/2125 1553/2243/2069 1538/2295/2121
f 1539/2296/2122 1554/2299/2125 1538/2295/2121
f 1555/2300/2126 1554/2299/2125 1539/2296/2122
f 1540/2267/2093 1555/2300/2126 1539/2296/2122
f 1556/2265/2091 1555/2300/2126 1540/2267/2093
f 1544/2297/2123 1559/2281/2107 1543/2282/2108
f 1560/2301/2127 1559/2281/2107 1544/2297/2123
f 1545/2298/2124 1560/2301/2127 1544/2297/2123
f 1561/2302/2128 1560/2301/2127 1545/2298/2124
f 1546/2291/2117 1561/2302/2128 1545/2298/2124
f 1562/2289/2115 1561/2302/2128 1546/2291/2117
f 1554/2299/2125 1568/2242/2068 1553/2243/2069
f 1569/2303/2129 1568/2242/2068 1554/2299/2125
f 1555/2300/2126 1569/2303/2129 1554/2299/2125
f 1570/2304/2130 1569/2303/2129 1555/2300/2126
f 1556/2265/2091 1570/2304/2130 1555/2300/2126
f 1571/2263/2089 1570/2304/2130 1556/2265/2091
f 1560/2301/2127 1574/2280/2106 1559/2281/2107
f 1575/2305/2131 1574/2280/2106 1560/2301/2127
f 1561/2302/2128 1575/2305/2131 1560/2301/2127
f 1576/2306/2132 1575/2305/2131 1561/2302/2128
f 1562/2289/2115 1576/2306/2132 1561/2302/2128
f 1577/2287/2113 1576/2306/2132 1562/2289/2115
f 1569/2303/2129 1600/2241/2067 1568/2242/2068
f 1599/2307/2133 1600/2241/2067 1569/2303/2129
f 1570/2304/2130 1599/2307/2133 1569/2303/2129
f 1598/2308/2134 1599/2307/2133 1570/2304/2130
f 1571/2263/2089 1598/2308/2134 1570/2304/2130
f 1597/2261/2087 1598/2308/2134 1571/2263/2089
f 1575/2305/2131 1594/2279/2105 1574/2280/2106
f 1593/2309/2135 1594/2279/2105 1575/2305/2131
f 1576/2306/2132 1593/2309/2135 1575/2305/2131
f 1493/2285/2111 1593/2309/2135 1576/2306/2132
f 1577/2287/2113 1493/2285/2111 1576/2306/2132
f 1585/2240/2066 1600/2241/2067 1599/2307/2133
f 1586/2310/2136 1599/2307/2133 1598/2308/2134
f 1585/2240/2066 1599/2307/2133 1586/2310/2136
f 1614/2239/2065 1585/2240/2066 1586/2310/2136
f 1587/2311/2137 1598/2308/2134 1597/2261/2087
f 1586/2310/2136 1598/2308/2134 1587/2311/2137
f 1615/2312/2138 1586/2310/2136 1587/2311/2137
f 1614/2239/2065 1586/2310/2136 1615/2312/2138
f 1640/2238/2064 1614/2239/2065 1615/2312/2138
f 1588/2259/2085 1587/2311/2137 1597/2261/2087
f 1616/2313/2139 1587/2311/2137 1588/2259/2085
f 1617/2257/2083 1616/2313/2139 1588/2259/2085
f 1638/2314/2140 1616/2313/2139 1617/2257/2083
f 1637/2255/2081 1638/2314/2140 1617/2257/2083
f 1633/2315/2141 1638/2314/2140 1637/2255/2081
f 1634/2253/2079 1633/2315/2141 1637/2255/2081
f 1662/2316/2142 1633/2315/2141 1634/2253/2079
f 1663/2251/2077 1662/2316/2142 1634/2253/2079
f 1489/2249/2075 1662/2316/2142 1663/2251/2077
f 1615/2312/2138 1587/2311/2137 1616/2313/2139
f 1591/2278/2104 1594/2279/2105 1593/2309/2135
f 1592/2283/2109 1593/2309/2135 1493/2285/2111
f 1591/2278/2104 1593/2309/2135 1592/2283/2109
f 1620/2277/2103 1591/2278/2104 1592/2283/2109
f 1639/2317/2143 1615/2312/2138 1616/2313/2139
f 1640/2238/2064 1615/2312/2138 1639/2317/2143
f 1631/2237/2063 1640/2238/2064 1639/2317/2143
f 1622/2123/1949 1621/2124/1950 1649/2122/1948
f 1650/2111/1937 1621/2124/1950 1622/2123/1949
f 1651/2113/1939 1650/2111/1937 1622/2123/1949
f 1621/2124/1950 1650/2111/1937 1488/2109/1935
f 1639/2317/2143 1632/2318/2144 1631/2237/2063
f 1638/2314/2140 1632/2318/2144 1639/2317/2143
f 1616/2313/2139 1638/2314/2140 1639/2317/2143
f 1633/2315/2141 1632/2318/2144 1638/2314/2140
f 1661/2319/2145 1632/2318/2144 1633/2315/2141
f 1662/2316/2142 1661/2319/2145 1633/2315/2141
f 1679/2320/2146 1661/2319/2145 1662/2316/2142
f 1489/2249/2075 1679/2320/2146 1662/2316/2142
f 1678/2247/2073 1679/2320/2146 1489/2249/2075
f 1660/2236/2062 1632/2318/2144 1661/2319/2145
f 1631/2237/2063 1632/2318/2144 1660/2236/2062
f 1680/2235/2061 1661/2319/2145 1679/2320/2146
f 1660/2236/2062 1661/2319/2145 1680/2235/2061
f 1665/2321/2147 1692/2108/1934 1691/2110/1936
f 1664/2105/1931 1692/2108/1934 1665/2321/2147
f 1694/2322/2148 1664/2105/1931 1665/2321/2147
f 1693/2103/1929 1664/2105/1931 1694/2322/2148
f 1709/2323/2149 1693/2103/1929 1694/2322/2148
f 1708/2101/1927 1693/2103/1929 1709/2323/2149
f 1724/2324/2150 1708/2101/1927 1709/2323/2149
f 1723/2097/1923 1708/2101/1927 1724/2324/2150
f 1739/2095/1921 1723/2097/1923 1724/2324/2150
f 1666/2325/2151 1691/2110/1936 1690/2112/1938
f 1665/2321/2147 1691/2110/1936 1666/2325/2151
f 1695/2326/2152 1665/2321/2147 1666/2325/2151
f 1694/2322/2148 1665/2321/2147 1695/2326/2152
f 1710/2327/2153 1694/2322/2148 1695/2326/2152
f 1709/2323/2149 1694/2322/2148 1710/2327/2153
f 1725/2328/2154 1709/2323/2149 1710/2327/2153
f 1724/2324/2150 1709/2323/2149 1725/2328/2154
f 1740/2329/2155 1724/2324/2150 1725/2328/2154
f 1739/2095/1921 1724/2324/2150 1740/2329/2155
f 1754/2330/2156 1739/2095/1921 1740/2329/2155
f 1753/2093/1919 1739/2095/1921 1754/2330/2156
f 1768/2088/1914 1753/2093/1919 1754/2330/2156
f 1767/2090/1916 1753/2093/1919 1768/2088/1914
f 1667/2331/2157 1690/2112/1938 1689/2114/1940
f 1666/2325/2151 1690/2112/1938 1667/2331/2157
f 1696/2332/2158 1666/2325/2151 1667/2331/2157
f 1695/2326/2152 1666/2325/2151 1696/2332/2158
f 1711/2333/2159 1695/2326/2152 1696/2332/2158
f 1710/2327/2153 1695/2326/2152 1711/2333/2159
f 1726/2334/2160 1710/2327/2153 1711/2333/2159
f 1725/2328/2154 1710/2327/2153 1726/2334/2160
f 1741/2335/2161 1725/2328/2154 1726/2334/2160
f 1740/2329/2155 1725/2328/2154 1741/2335/2161
f 1755/2336/2162 1740/2329/2155 1741/2335/2161
f 1754/2330/2156 1740/2329/2155 1755/2336/2162
f 1769/2337/2163 1754/2330/2156 1755/2336/2162
f 1768/2088/1914 1754/2330/2156 1769/2337/2163
f 1782/2086/1912 1768/2088/1914 1769/2337/2163
f 1668/2338/2164 1689/2114/1940 1688/2116/1942
f 1667/2331/2157 1689/2114/1940 1668/2338/2164
f 1697/2339/2165 1667/2331/2157 1668/2338/2164
f 1696/2332/2158 1667/2331/2157 1697/2339/2165
f 1712/2340/2166 1696/2332/2158 1697/2339/2165
f 1711/2333/2159 1696/2332/2158 1712/2340/2166
f 1727/2341/2167 1711/2333/2159 1712/2340/2166
f 1726/2334/2160 1711/2333/2159 1727/2341/2167
f 1742/2342/2168 1726/2334/2160 1727/2341/2167
f 1741/2335/2161 1726/2334/2160 1742/2342/2168
f 1756/2343/2169 1741/2335/2161 1742/2342/2168
f 1755/2336/2162 1741/2335/2161 1756/2343/2169
f 1770/2344/2170 1755/2336/2162 1756/2343/2169
f 1769/2337/2163 1755/2336/2162 1770/2344/2170
f 1783/2345/2171 1769/2337/2163 1770/2344/2170
f 1782/2086/1912 1769/2337/2163 1783/2345/2171
f 1795/2084/1910 1782/2086/1912 1783/2345/2171
f 1669/2346/2172 1688/2116/1942 1687/2031/1857
f 1668/2338/2164 1688/2116/1942 1669/2346/2172
f 1698/2347/2173 1668/2338/2164 1669/2346/2172
f 1697/2339/2165 1668/2338/2164 1698/2347/2173
f 1713/2348/2174 1697/2339/2165 1698/2347/2173
f 1712/2340/2166 1697/2339/2165 1713/2348/2174
f 1728/2349/2175 1712/2340/2166 1713/2348/2174
f 1727/2341/2167 1712/2340/2166 1728/2349/2175
f 1743/2350/2176 1727/2341/2167 1728/2349/2175
f 1742/2342/2168 1727/2341/2167 1743/2350/2176
f 1757/2351/2177 1742/2342/2168 1743/2350/2176
f 1756/2343/2169 1742/2342/2168 1757/2351/2177
f 1771/2352/2178 1756/2343/2169 1757/2351/2177
f 1770/2344/2170 1756/2343/2169 1771/2352/2178
f 1784/2353/2179 1770/2344/2170 1771/2352/2178
f 1783/2345/2171 1770/2344/2170 1784/2353/2179
f 1796/2354/2180 1783/2345/2171 1784/2353/2179
f 1795/2084/1910 1783/2345/2171 1796/2354/2180
f 1807/2082/1908 1795/2084/1910 1796/2354/2180
f 1670/2033/1859 1669/2346/2172 1687/2031/1857
f 1699/2355/2181 1669/2346/2172 1670/2033/1859
f 1700/2035/1861 1699/2355/2181 1670/2033/1859
f 1715/2356/2182 1699/2355/2181 1700/2035/1861
f 1716/2037/1863 1715/2356/2182 1700/2035/1861
f 1731/2357/2183 1715/2356/2182 1716/2037/1863
f 1732/2039/1865 1731/2357/2183 1716/2037/1863
f 1747/2358/2184 1731/2357/2183 1732/2039/1865
f 1748/2041/1867 1747/2358/2184 1732/2039/1865
f 1762/2359/2185 1747/2358/2184 1748/2041/1867
f 1763/2043/1869 1762/2359/2185 1748/2041/1867
f 1777/2360/2186 1762/2359/2185 1763/2043/1869
f 1778/2045/1871 1777/2360/2186 1763/2043/1869
f 1791/2361/2187 1777/2360/2186 1778/2045/1871
f 1792/2047/1873 1791/2361/2187 1778/2045/1871
f 1804/2362/2188 1791/2361/2187 1792/2047/1873
f 1805/2049/1875 1804/2362/2188 1792/2047/1873
f 1816/2052/1878 1804/2362/2188 1805/2049/1875
f 1698/2347/2173 1669/2346/2172 1699/2355/2181
f 1677/2234/2060 1680/2235/2061 1679/2320/2146
f 1677/2234/2060 1678/2247/2073 1707/2233/2059
f 1679/2320/2146 1678/2247/2073 1677/2234/2060
f 1714/2363/2189 1698/2347/2173 1699/2355/2181
f 1713/2348/2174 1698/2347/2173 1714/2363/2189
f 1729/2364/2190 1713/2348/2174 1714/2363/2189
f 1728/2349/2175 1713/2348/2174 1729/2364/2190
f 1744/2365/2191 1728/2349/2175 1729/2364/2190
f 1743/2350/2176 1728/2349/2175 1744/2365/2191
f 1758/2366/2192 1743/2350/2176 1744/2365/2191
f 1757/2351/2177 1743/2350/2176 1758/2366/2192
f 1772/2367/2193 1757/2351/2177 1758/2366/2192
f 1771/2352/2178 1757/2351/2177 1772/2367/2193
f 1785/2368/2194 1771/2352/2178 1772/2367/2193
f 1784/2353/2179 1771/2352/2178 1785/2368/2194
f 1797/2369/2195 1784/2353/2179 1785/2368/2194
f 1796/2354/2180 1784/2353/2179 1797/2369/2195
f 1808/2370/2196 1796/2354/2180 1797/2369/2195
f 1807/2082/1908 1796/2354/2180 1808/2370/2196
f 1818/2080/1906 1807/2082/1908 1808/2370/2196
f 1715/2356/2182 1714/2363/2189 1699/2355/2181
f 1730/2371/2197 1714/2363/2189 1715/2356/2182
f 1731/2357/2183 1730/2371/2197 1715/2356/2182
f 1746/2372/2198 1730/2371/2197 1731/2357/2183
f 1747/2358/2184 1746/2372/2198 1731/2357/2183
f 1761/2373/2199 1746/2372/2198 1747/2358/2184
f 1762/2359/2185 1761/2373/2199 1747/2358/2184
f 1776/2374/2200 1761/2373/2199 1762/2359/2185
f 1777/2360/2186 1776/2374/2200 1762/2359/2185
f 1790/2375/2201 1776/2374/2200 1777/2360/2186
f 1791/2361/2187 1790/2375/2201 1777/2360/2186
f 1803/2376/2202 1790/2375/2201 1791/2361/2187
f 1804/2362/2188 1803/2376/2202 1791/2361/2187
f 1815/2377/2203 1803/2376/2202 1804/2362/2188
f 1816/2052/1878 1815/2377/2203 1804/2362/2188
f 1826/2055/1881 1815/2377/2203 1816/2052/1878
f 1729/2364/2190 1714/2363/2189 1730/2371/2197
f 1745/2378/2204 1729/2364/2190 1730/2371/2197
f 1744/2365/2191 1729/2364/2190 1745/2378/2204
f 1759/2379/2205 1744/2365/2191 1745/2378/2204
f 1758/2366/2192 1744/2365/2191 1759/2379/2205
f 1773/2380/2206 1758/2366/2192 1759/2379/2205
f 1772/2367/2193 1758/2366/2192 1773/2380/2206
f 1786/2381/2207 1772/2367/2193 1773/2380/2206
f 1785/2368/2194 1772/2367/2193 1786/2381/2207
f 1798/2382/2208 1785/2368/2194 1786/2381/2207
f 1797/2369/2195 1785/2368/2194 1798/2382/2208
f 1809/2383/2209 1797/2369/2195 1798/2382/2208
f 1808/2370/2196 1797/2369/2195 1809/2383/2209
f 1819/2384/2210 1808/2370/2196 1809/2383/2209
f 1818/2080/1906 1808/2370/2196 1819/2384/2210
f 1828/2078/1904 1818/2080/1906 1819/2384/2210
f 1746/2372/2198 1745/2378/2204 1730/2371/2197
f 1760/2385/2211 1745/2378/2204 1746/2372/2198
f 1761/2373/2199 1760/2385/2211 1746/2372/2198
f 1775/2386/2212 1760/2385/2211 1761/2373/2199
f 1776/2374/2200 1775/2386/2212 1761/2373/2199
f 1789/2387/2213 1775/2386/2212 1776/2374/2200
f 1790/2375/2201 1789/2387/2213 1776/2374/2200
f 1802/2388/2214 1789/2387/2213 1790/2375/2201
f 1803/2376/2202 1802/2388/2214 1790/2375/2201
f 1814/2389/2215 1802/2388/2214 1803/2376/2202
f 1815/2377/2203 1814/2389/2215 1803/2376/2202
f 1825/2390/2216 1814/2389/2215 1815/2377/2203
f 1826/2055/1881 1825/2390/2216 1815/2377/2203
f 1835/2057/1883 1825/2390/2216 1826/2055/1881
f 1759/2379/2205 1745/2378/2204 1760/2385/2211
f 1774/2391/2217 1759/2379/2205 1760/2385/2211
f 1773/2380/2206 1759/2379/2205 1774/2391/2217
f 1787/2392/2218 1773/2380/2206 1774/2391/2217
f 1786/2381/2207 1773/2380/2206 1787/2392/2218
f 1799/2393/2219 1786/2381/2207 1787/2392/2218
f 1798/2382/2208 1786/2381/2207 1799/2393/2219
f 1810/2394/2220 1798/2382/2208 1799/2393/2219
f 1809/2383/2209 1798/2382/2208 1810/2394/2220
f 1820/2395/2221 1809/2383/2209 1810/2394/2220
f 1819/2384/2210 1809/2383/2209 1820/2395/2221
f 1829/2396/2222 1819/2384/2210 1820/2395/2221
f 1828/2078/1904 1819/2384/2210 1829/2396/2222
f 1836/2076/1902 1828/2078/1904 1829/2396/2222
f 1775/2386/2212 1774/2391/2217 1760/2385/2211
f 1788/2397/2223 1774/2391/2217 1775/2386/2212
f 1789/2387/2213 1788/2397/2223 1775/2386/2212
f 1801/2398/2224 1788/2397/2223 1789/2387/2213
f 1802/2388/2214 1801/2398/2224 1789/2387/2213
f 1813/2399/2225 1801/2398/2224 1802/2388/2214
f 1814/2389/2215 1813/2399/2225 1802/2388/2214
f 1824/2400/2226 1813/2399/2225 1814/2389/2215
f 1825/2390/2216 1824/2400/2226 1814/2389/2215
f 1834/2401/2227 1824/2400/2226 1825/2390/2216
f 1835/2057/1883 1834/2401/2227 1825/2390/2216
f 1487/2059/1885 1834/2401/2227 1835/2057/1883
f 1787/2392/2218 1774/2391/2217 1788/2397/2223
f 1800/2402/2228 1787/2392/2218 1788/2397/2223
f 1799/2393/2219 1787/2392/2218 1800/2402/2228
f 1811/2403/2229 1799/2393/2219 1800/2402/2228
f 1810/2394/2220 1799/2393/2219 1811/2403/2229
f 1821/2404/2230 1810/2394/2220 1811/2403/2229
f 1820/2395/2221 1810/2394/2220 1821/2404/2230
f 1830/2405/2231 1820/2395/2221 1821/2404/2230
f 1829/2396/2222 1820/2395/2221 1830/2405/2231
f 1837/2406/2232 1829/2396/2222 1830/2405/2231
f 1836/2076/1902 1829/2396/2222 1837/2406/2232
f 1843/2071/1897 1836/2076/1902 1837/2406/2232
f 1842/2073/1899 1836/2076/1902 1843/2071/1897
f 1801/2398/2224 1800/2402/2228 1788/2397/2223
f 1812/2407/2233 1800/2402/2228 1801/2398/2224
f 1813/2399/2225 1812/2407/2233 1801/2398/2224
f 1823/2408/2234 1812/2407/2233 1813/2399/2225
f 1824/2400/2226 1823/2408/2234 1813/2399/2225
f 1833/2409/2235 1823/2408/2234 1824/2400/2226
f 1834/2401/2227 1833/2409/2235 1824/2400/2226
f 1841/2410/2236 1833/2409/2235 1834/2401/2227
f 1487/2059/1885 1841/2410/2236 1834/2401/2227
f 1848/2061/1887 1841/2410/2236 1487/2059/1885
f 1811/2403/2229 1800/2402/2228 1812/2407/2233
f 1822/2411/2237 1811/2403/2229 1812/2407/2233
f 1821/2404/2230 1811/2403/2229 1822/2411/2237
f 1831/2412/2238 1821/2404/2230 1822/2411/2237
f 1830/2405/2231 1821/2404/2230 1831/2412/2238
f 1838/2413/2239 1830/2405/2231 1831/2412/2238
f 1837/2406/2232 1830/2405/2231 1838/2413/2239
f 1844/2069/1895 1837/2406/2232 1838/2413/2239
f 1843/2071/1897 1837/2406/2232 1844/2069/1895
f 1823/2408/2234 1822/2411/2237 1812/2407/2233
f 1832/2414/2240 1822/2411/2237 1823/2408/2234
f 1833/2409/2235 1832/2414/2240 1823/2408/2234
f 1840/2415/2241 1832/2414/2240 1833/2409/2235
f 1841/2410/2236 1840/2415/2241 1833/2409/2235
f 1847/2063/1889 1840/2415/2241 1841/2410/2236
f 1848/2061/1887 1847/2063/1889 1841/2410/2236
f 1831/2412/2238 1822/2411/2237 1832/2414/2240
f 1839/2416/2242 1831/2412/2238 1832/2414/2240
f 1838/2413/2239 1831/2412/2238 1839/2416/2242
f 1845/2067/1893 1838/2413/2239 1839/2416/2242
f 1844/2069/1895 1838/2413/2239 1845/2067/1893
f 1840/2415/2241 1839/2416/2242 1832/2414/2240
f 1846/2065/1891 1839/2416/2242 1840/2415/2241
f 1847/2063/1889 1846/2065/1891 1840/2415/2241
f 1845/2067/1893 1839/2416/2242 1846/2065/1891
f 1859/2157/1983 1850/2064/1890 1849/2062/1888
f 1856/2417/2243 1853/2070/1896 1852/2068/1894
f 1855/2418/2244 1853/2070/1896 1856/2417/2243
f 1862/2419/2245 1855/2418/2244 1856/2417/2243
f 1485/2132/1958 1855/2418/2244 1862/2419/2245
f 1864/2420/2246 1485/2132/1958 1862/2419/2245
f 1863/2134/1960 1485/2132/1958 1864/2420/2246
f 1870/2136/1962 1863/2134/1960 1864/2420/2246
f 1854/2072/1898 1855/2418/2244 1485/2132/1958
f 1853/2070/1896 1855/2418/2244 1854/2072/1898
f 1857/2155/1981 1856/2417/2243 1852/2068/1894
f 1861/2421/2247 1856/2417/2243 1857/2155/1981
f 1860/2153/1979 1861/2421/2247 1857/2155/1981
f 1866/2422/2248 1861/2421/2247 1860/2153/1979
f 1867/2151/1977 1866/2422/2248 1860/2153/1979
f 1484/2149/1975 1866/2422/2248 1867/2151/1977
f 1862/2419/2245 1856/2417/2243 1861/2421/2247
f 1865/2423/2249 1862/2419/2245 1861/2421/2247
f 1864/2420/2246 1862/2419/2245 1865/2423/2249
f 1869/2424/2250 1864/2420/2246 1865/2423/2249
f 1870/2136/1962 1864/2420/2246 1869/2424/2250
f 1871/2138/1964 1870/2136/1962 1869/2424/2250
f 1866/2422/2248 1865/2423/2249 1861/2421/2247
f 1868/2425/2251 1865/2423/2249 1866/2422/2248
f 1484/2149/1975 1868/2425/2251 1866/2422/2248
f 1873/2147/1973 1868/2425/2251 1484/2149/1975
f 1869/2424/2250 1865/2423/2249 1868/2425/2251
f 1872/2426/2252 1869/2424/2250 1868/2425/2251
f 1871/2138/1964 1869/2424/2250 1872/2426/2252
f 1874/2140/1966 1871/2138/1964 1872/2426/2252
f 1872/2426/2252 1873/2147/1973 1875/2145/1971
f 1868/2425/2251 1873/2147/1973 1872/2426/2252
f 1874/2140/1966 1872/2426/2252 1875/2145/1971
f 1874/2140/1966 1875/2145/1971 1876/2142/1968
f 1390/2429/2255 1315/2428/2254 1316/2427/2253
f 1904/2430/2256 1315/2428/2254 1390/2429/2255
f 1314/2431/2257 1315/2428/2254 1904/2430/2256
f 1483/2432/2258 1314/2431/2257 1904/2430/2256
f 1903/2433/2259 1483/2432/2258 1904/2430/2256
f 1482/2434/2260 1483/2432/2258 1903/2433/2259
f 1481/2435/2261 1482/2434/2260 1903/2433/2259
f 1902/2436/2262 1481/2435/2261 1903/2433/2259
f 1480/2437/2263 1481/2435/2261 1902/2436/2262
f 1479/2438/2264 1480/2437/2263 1902/2436/2262
f 1901/2439/2265 1479/2438/2264 1902/2436/2262
f 1478/2440/2266 1479/2438/2264 1901/2439/2265
f 1477/2441/2267 1478/2440/2266 1901/2439/2265
f 1900/2442/2268 1477/2441/2267 1901/2439/2265
f 1476/2443/2269 1477/2441/2267 1900/2442/2268
f 1899/2444/2270 1476/2443/2269 1900/2442/2268
f 1475/2445/2271 1476/2443/2269 1899/2444/2270
f 1474/2446/2272 1475/2445/2271 1899/2444/2270
f 1898/2447/2273 1474/2446/2272 1899/2444/2270
f 1473/2448/2274 1474/2446/2272 1898/2447/2273
f 1897/2449/2275 1473/2448/2274 1898/2447/2273
f 1472/2450/2276 1473/2448/2274 1897/2449/2275
f 1896/2451/2277 1472/2450/2276 1897/2449/2275
f 1471/2452/2278 1472/2450/2276 1896/2451/2277
f 1470/2453/2279 1471/2452/2278 1896/2451/2277
f 1895/2454/2280 1470/2453/2279 1896/2451/2277
f 1469/2455/2281 1470/2453/2279 1895/2454/2280
f 1894/2456/2282 1469/2455/2281 1895/2454/2280
f 1468/2457/2283 1469/2455/2281 1894/2456/2282
f 1893/2458/2284 1468/2457/2283 1894/2456/2282
f 1467/2459/2285 1468/2457/2283 1893/2458/2284
f 1466/2460/2286 1467/2459/2285 1893/2458/2284
f 1892/2461/2287 1466/2460/2286 1893/2458/2284
f 1465/2462/2288 1466/2460/2286 1892/2461/2287
f 1891/2463/2289 1465/2462/2288 1892/2461/2287
f 1464/2464/2290 1465/2462/2288 1891/2463/2289
f 1463/2465/2291 1464/2464/2290 1891/2463/2289
f 1890/2466/2292 1463/2465/2291 1891/2463/2289
f 1462/2467/2293 1463/2465/2291 1890/2466/2292
f 1889/2468/2294 1462/2467/2293 1890/2466/2292
f 1461/2469/2295 1462/2467/2293 1889/2468/2294
f 1888/2470/2296 1461/2469/2295 1889/2468/2294
f 1460/2471/2297 1461/2469/2295 1888/2470/2296
f 1459/2472/2298 1460/2471/2297 1888/2470/2296
f 1887/2473/2299 1459/2472/2298 1888/2470/2296
f 1458/2474/2300 1459/2472/2298 1887/2473/2299
f 1886/2475/2301 1458/2474/2300 1887/2473/2299
f 1457/2476/2302 1458/2474/2300 1886/2475/2301
f 1456/2477/2303 1457/2476/2302 1886/2475/2301
f 1885/2478/2304 1456/2477/2303 1886/2475/2301
f 1455/2479/2305 1456/2477/2303 1885/2478/2304
f 1884/2480/2306 1455/2479/2305 1885/2478/2304
f 1454/2481/2307 1455/2479/2305 1884/2480/2306
f 1883/2482/2308 1454/2481/2307 1884/2480/2306
f 1453/2483/2309 1454/2481/2307 1883/2482/2308
f 1882/2484/2310 1453/2483/2309 1883/2482/2308
f 1421/2485/2311 1453/2483/2309 1882/2484/2310
f 1881/2486/2312 1421/2485/2311 1882/2484/2310
f 1420/2487/2313 1421/2485/2311 1881/2486/2312
f 1880/2488/2314 1420/2487/2313 1881/2486/2312
f 1879/2489/2315 1420/2487/2313 1880/2488/2314
f 1419/2490/2316 1420/2487/2313 1879/2489/2315
f 1878/2491/2317 1419/2490/2316 1879/2489/2315
f 1418/2492/2318 1419/2490/2316 1878/2491/2317
f 1877/2493/2319 1418/2492/2318 1878/2491/2317
f 872/2496/2322 1905/2495/2321 1934/2494/2320
f 1906/2497/2323 1905/2495/2321 872/2496/2322
f 1976/2498/2324 1906/2497/2323 872/2496/2322
f 1975/2499/2325 1906/2497/2323 1976/2498/2324
f 1907/2500/2326 1906/2497/2323 1975/2499/2325
f 1974/2501/2327 1907/2500/2326 1975/2499/2325
f 1908/2502/2328 1907/2500/2326 1974/2501/2327
f 1973/2503/2329 1908/2502/2328 1974/2501/2327
f 1909/2504/2330 1908/2502/2328 1973/2503/2329
f 1910/2505/2331 1909/2504/2330 1973/2503/2329
f 1972/2506/2332 1910/2505/2331 1973/2503/2329
f 1911/2507/2333 1910/2505/2331 1972/2506/2332
f 1971/2508/2334 1911/2507/2333 1972/2506/2332
f 1912/2509/2335 1911/2507/2333 1971/2508/2334
f 1913/2510/2336 1912/2509/2335 1971/2508/2334
f 1971/2508/2334 1914/2511/2337 1913/2510/2336
f 1915/2512/2338 1914/2511/2337 1971/2508/2334
f 1916/2513/2339 1915/2512/2338 1971/2508/2334
f 1970/2514/2340 1916/2513/2339 1971/2508/2334
f 1917/2515/2341 1916/2513/2339 1970/2514/2340
f 1918/2516/2342 1917/2515/2341 1970/2514/2340
f 1970/2514/2340 1919/2517/2343 1918/2516/2342
f 1920/2518/2344 1919/2517/2343 1970/2514/2340
f 1921/2519/2345 1920/2518/2344 1970/2514/2340
f 1970/2514/2340 1922/2520/2346 1921/2519/2345
f 1923/2521/2347 1922/2520/2346 1970/2514/2340
f 1965/2522/2348 1923/2521/2347 1970/2514/2340
f 1924/2523/2349 1923/2521/2347 1965/2522/2348
f 871/2524/2350 1924/2523/2349 1965/2522/2348
f 1925/2525/2351 1924/2523/2349 871/2524/2350
f 1926/2526/2352 1925/2525/2351 871/2524/2350
f 871/2524/2350 1927/2527/2353 1926/2526/2352
f 1928/2528/2354 1927/2527/2353 871/2524/2350
f 1929/2529/2355 1928/2528/2354 871/2524/2350
f 871/2524/2350 1930/2530/2356 1929/2529/2355
f 1931/2531/2357 1930/2530/2356 871/2524/2350
f 1932/2532/2358 1931/2531/2357 871/2524/2350
f 872/2496/2322 1932/2532/2358 871/2524/2350
f 1933/2533/2359 1932/2532/2358 872/2496/2322
f 1934/2494/2320 1933/2533/2359 872/2496/2322
f 882/2536/2362 1935/2535/2361 1964/2534/2360
f 1936/2537/2363 1935/2535/2361 882/2536/2362
f 1937/2538/2364 1936/2537/2363 882/2536/2362
f 882/2536/2362 1938/2539/2365 1937/2538/2364
f 883/2540/2366 1938/2539/2365 882/2536/2362
f 1939/2541/2367 1938/2539/2365 883/2540/2366
f 1940/2542/2368 1939/2541/2367 883/2540/2366
f 883/2540/2366 1941/2543/2369 1940/2542/2368
f 1942/2544/2370 1941/2543/2369 883/2540/2366
f 1943/2545/2371 1942/2544/2370 883/2540/2366
f 883/2540/2366 1944/2546/2372 1943/2545/2371
f 1945/2547/2373 1944/2546/2372 883/2540/2366
f 1946/2548/2374 1945/2547/2373 883/2540/2366
f 1418/2549/2375 1946/2548/2374 883/2540/2366
f 1947/2550/2376 1946/2548/2374 1418/2549/2375
f 1983/2551/2377 1947/2550/2376 1418/2549/2375
f 1948/2552/2378 1947/2550/2376 1983/2551/2377
f 1949/2553/2379 1948/2552/2378 1983/2551/2377
f 1983/2551/2377 1950/2554/2380 1949/2553/2379
f 1951/2555/2381 1950/2554/2380 1983/2551/2377
f 1952/2556/2382 1951/2555/2381 1983/2551/2377
f 1983/2551/2377 1953/2557/2383 1952/2556/2382
f 1954/2558/2384 1953/2557/2383 1983/2551/2377
f 1982/2559/2385 1954/2558/2384 1983/2551/2377
f 1955/2560/2386 1954/2558/2384 1982/2559/2385
f 1956/2561/2387 1955/2560/2386 1982/2559/2385
f 1982/2559/2385 1957/2562/2388 1956/2561/2387
f 1958/2563/2389 1957/2562/2388 1982/2559/2385
f 1959/2564/2390 1958/2563/2389 1982/2559/2385
f 1981/2565/2391 1959/2564/2390 1982/2559/2385
f 1960/2566/2392 1959/2564/2390 1981/2565/2391
f 1980/2567/2393 1960/2566/2392 1981/2565/2391
f 1961/2568/2394 1960/2566/2392 1980/2567/2393
f 1962/2569/2395 1961/2568/2394 1980/2567/2393
f 1979/2570/2396 1962/2569/2395 1980/2567/2393
f 1963/2571/2397 1962/2569/2395 1979/2570/2396
f 1978/2572/2398 1963/2571/2397 1979/2570/2396
f 1964/2534/2360 1963/2571/2397 1978/2572/2398
f 1977/2573/2399 1964/2534/2360 1978/2572/2398
f 882/2536/2362 1964/2534/2360 1977/2573/2399
f 1976/2498/2324 882/2536/2362 1977/2573/2399
f 872/2496/2322 882/2536/2362 1976/2498/2324
f 1965/2522/2348 1967/2575/2401 1966/2574/2400
f 1968/2576/2402 1967/2575/2401 1965/2522/2348
f 1969/2577/2403 1968/2576/2402 1965/2522/2348
f 1965/2522/2348 1970/2514/2340 1969/2577/2403
f 1418/2549/2375 1984/2578/2404 1983/2551/2377
f 1985/2579/2405 1984/2578/2404 1418/2549/2375
f 1986/2580/2406 1985/2579/2405 1418/2549/2375
f 1418/2549/2375 1877/2581/2407 1986/2580/2406
f 1209/2584/2410 2001/2583/2409 1208/2582/2408
f 1112/2585/2411 2001/2583/2409 1209/2584/2410
f 1111/2586/2412 1112/2585/2411 1209/2584/2410
f 1208/2582/2408 1999/2588/2414 1207/2587/2413
f 2000/2589/2415 1999/2588/2414 1208/2582/2408
f 2001/2583/2409 2000/2589/2415 1208/2582/2408
f 1207/2587/2413 1997/2591/2417 1206/2590/2416
f 1998/2592/2418 1997/2591/2417 1207/2587/2413
f 1999/2588/2414 1998/2592/2418 1207/2587/2413
f 1996/2593/2419 1206/2590/2416 1997/2591/2417
f 1205/2594/2420 1206/2590/2416 1996/2593/2419
f 1995/2595/2421 1205/2594/2420 1996/2593/2419
f 1204/2596/2422 1205/2594/2420 1995/2595/2421
f 1994/2597/2423 1204/2596/2422 1995/2595/2421
f 1993/2598/2424 1204/2596/2422 1994/2597/2423
f 1203/2599/2425 1204/2596/2422 1993/2598/2424
f 1992/2600/2426 1203/2599/2425 1993/2598/2424
f 1202/2601/2427 1203/2599/2425 1992/2600/2426
f 1991/2602/2428 1202/2601/2427 1992/2600/2426
f 1201/2603/2429 1202/2601/2427 1991/2602/2428
f 1990/2604/2430 1201/2603/2429 1991/2602/2428
f 1200/2605/2431 1201/2603/2429 1990/2604/2430
f 1989/2606/2432 1200/2605/2431 1990/2604/2430
f 1199/2607/2433 1200/2605/2431 1989/2606/2432
f 1198/2608/2434 1199/2607/2433 1989/2606/2432
f 1988/2609/2435 1198/2608/2434 1989/2606/2432
f 1197/2610/2436 1198/2608/2434 1988/2609/2435
f 1196/2611/2437 1197/2610/2436 1988/2609/2435
f 1987/2612/2438 1196/2611/2437 1988/2609/2435
f 1195/2613/2439 1196/2611/2437 1987/2612/2438
f 1194/2614/2440 1195/2613/2439 1987/2612/2438
f 1987/2612/2438 1193/2615/2441 1194/2614/2440
f 1192/2616/2442 1193/2615/2441 1987/2612/2438
f 1191/2617/2443 1192/2616/2442 1987/2612/2438
f 1210/2620/2444 1111/2619/2412 1209/2618/2410
f 1244/2621/2445 1111/2619/2412 1210/2620/2444
f 2003/2622/2446 1111/2619/2412 1244/2621/2445
f 2004/2623/2447 2003/2622/2446 1244/2621/2445
f 1111/2619/2412 2002/2625/2449 1113/2624/2448
f 2003/2622/2446 2002/2625/2449 1111/2619/2412
f 1244/2621/2445 2005/2626/2450 2004/2623/2447
f 1/2627/2451 2005/2626/2450 1244/2621/2445
f 896/2628/2452 1/2627/2451 1244/2621/2445
f 897/2629/2453 1/2627/2451 896/2628/2452
f 898/2630/2454 1/2627/2451 897/2629/2453
f 899/2631/2455 1/2627/2451 898/2630/2454
f 900/2632/2456 1/2627/2451 899/2631/2455
f 870/2633/2457 1/2627/2451 900/2632/2456
f 1/2627/2451 2006/2634/2458 2005/2626/2450
f 2007/2635/2459 2006/2634/2458 1/2627/2451
f 2008/2636/2460 2007/2635/2459 1/2627/2451
f 1/2627/2451 2009/2637/2461 2008/2636/2460
f 2010/2638/2462 2009/2637/2461 1/2627/2451
f 871/2639/2463 2010/2638/2462 1/2627/2451
f 2011/2640/2464 2010/2638/2462 871/2639/2463
f 2012/2641/2465 2011/2640/2464 871/2639/2463
f 871/2639/2463 2013/2642/2466 2012/2641/2465
f 2014/2643/2467 2013/2642/2466 871/2639/2463
f 2015/2644/2468 2014/2643/2467 871/2639/2463
f 871/2639/2463 2016/2645/2469 2015/2644/2468
f 2017/2646/2470 2016/2645/2469 871/2639/2463
f 2018/2647/2471 2017/2646/2470 871/2639/2463
f 871/2639/2463 2019/2648/2472 2018/2647/2471
f 1965/2649/2473 2019/2648/2472 871/2639/2463
f 1244/2621/2445 1042/2650/2474 896/2628/2452
f 1211/2653/2475 1244/2652/2445 1210/2651/2444
f 1243/2654/2476 1244/2652/2445 1211/2653/2475
f 1212/2655/2477 1243/2654/2476 1211/2653/2475
f 1242/2656/2478 1243/2654/2476 1212/2655/2477
f 1241/2657/2479 1242/2656/2478 1212/2655/2477
f 1213/2658/2480 1241/2657/2479 1212/2655/2477
f 1240/2659/2481 1241/2657/2479 1213/2658/2480
f 1214/2660/2482 1240/2659/2481 1213/2658/2480
f 1215/2661/2483 1240/2659/2481 1214/2660/2482
f 1239/2662/2484 1240/2659/2481 1215/2661/2483
f 1238/2663/2485 1239/2662/2484 1215/2661/2483
f 1216/2664/2486 1238/2663/2485 1215/2661/2483
f 1237/2665/2487 1238/2663/2485 1216/2664/2486
f 1217/2666/2488 1237/2665/2487 1216/2664/2486
f 1218/2667/2489 1237/2665/2487 1217/2666/2488
f 1236/2668/2490 1237/2665/2487 1218/2667/2489
f 1235/2669/2491 1236/2668/2490 1218/2667/2489
f 1235/2669/2491 1220/2671/2493 1234/2670/2492
f 1219/2672/2494 1220/2671/2493 1235/2669/2491
f 1218/2667/2489 1219/2672/2494 1235/2669/2491
f 1221/2673/2495 1234/2670/2492 1220/2671/2493
f 1233/2674/2496 1234/2670/2492 1221/2673/2495
f 1222/2675/2497 1233/2674/2496 1221/2673/2495
f 1232/2676/2498 1233/2674/2496 1222/2675/2497
f 1223/2677/2499 1232/2676/2498 1222/2675/2497
f 1231/2678/2500 1232/2676/2498 1223/2677/2499
f 1224/2679/2501 1231/2678/2500 1223/2677/2499
f 1230/2680/2502 1231/2678/2500 1224/2679/2501
f 1225/2681/2503 1230/2680/2502 1224/2679/2501
f 1229/2682/2504 1230/2680/2502 1225/2681/2503
f 1226/2683/2505 1229/2682/2504 1225/2681/2503
f 1228/2684/2506 1229/2682/2504 1226/2683/2505
f 1227/2685/2507 1228/2684/2506 1226/2683/2505
f 1118/2688/2510 1159/2687/2509 1117/2686/2508
f 1158/2689/2511 1159/2687/2509 1118/2688/2510
f 2020/2692/2514 1175/2691/2513 2077/2690/2512
f 1174/2693/2515 1175/2691/2513 2020/2692/2514
f 1417/2694/2516 1174/2693/2515 2020/2692/2514
f 1173/2695/2517 1174/2693/2515 1417/2694/2516
f 2077/2690/2512 2021/2696/2518 2020/2692/2514
f 2076/2697/2519 2021/2696/2518 2077/2690/2512
f 2075/2698/2520 2021/2696/2518 2076/2697/2519
f 2022/2699/2521 2021/2696/2518 2075/2698/2520
f 2074/2700/2522 2022/2699/2521 2075/2698/2520
f 2073/2701/2523 2022/2699/2521 2074/2700/2522
f 2023/2702/2524 2022/2699/2521 2073/2701/2523
f 2072/2703/2525 2023/2702/2524 2073/2701/2523
f 2071/2704/2526 2023/2702/2524 2072/2703/2525
f 2024/2705/2527 2023/2702/2524 2071/2704/2526
f 2070/2706/2528 2024/2705/2527 2071/2704/2526
f 2025/2707/2529 2024/2705/2527 2070/2706/2528
f 2069/2708/2530 2025/2707/2529 2070/2706/2528
f 2068/2709/2531 2025/2707/2529 2069/2708/2530
f 2026/2710/2532 2025/2707/2529 2068/2709/2531
f 2067/2711/2533 2026/2710/2532 2068/2709/2531
f 2027/2712/2534 2026/2710/2532 2067/2711/2533
f 2066/2713/2535 2027/2712/2534 2067/2711/2533
f 2028/2714/2536 2027/2712/2534 2066/2713/2535
f 2065/2715/2537 2028/2714/2536 2066/2713/2535
f 2064/2716/2538 2028/2714/2536 2065/2715/2537
f 2029/2717/2539 2028/2714/2536 2064/2716/2538
f 2063/2718/2540 2029/2717/2539 2064/2716/2538
f 2030/2719/2541 2029/2717/2539 2063/2718/2540
f 2062/2720/2542 2030/2719/2541 2063/2718/2540
f 2031/2721/2543 2030/2719/2541 2062/2720/2542
f 2061/2722/2544 2031/2721/2543 2062/2720/2542
f 2060/2723/2545 2031/2721/2543 2061/2722/2544
f 2032/2724/2546 2031/2721/2543 2060/2723/2545
f 2059/2725/2547 2032/2724/2546 2060/2723/2545
f 2033/2726/2548 2032/2724/2546 2059/2725/2547
f 2058/2727/2549 2033/2726/2548 2059/2725/2547
f 2057/2728/2550 2033/2726/2548 2058/2727/2549
f 2034/2729/2551 2033/2726/2548 2057/2728/2550
f 2056/2730/2552 2034/2729/2551 2057/2728/2550
f 2035/2731/2553 2034/2729/2551 2056/2730/2552
f 2055/2732/2554 2035/2731/2553 2056/2730/2552
f 2036/2733/2555 2035/2731/2553 2055/2732/2554
f 2054/2734/2556 2036/2733/2555 2055/2732/2554
f 2053/2735/2557 2036/2733/2555 2054/2734/2556
f 2037/2736/2558 2036/2733/2555 2053/2735/2557
f 2052/2737/2559 2037/2736/2558 2053/2735/2557
f 2038/2738/2560 2037/2736/2558 2052/2737/2559
f 2051/2739/2561 2038/2738/2560 2052/2737/2559
f 2050/2740/2562 2038/2738/2560 2051/2739/2561
f 2039/2741/2563 2038/2738/2560 2050/2740/2562
f 2049/2742/2564 2039/2741/2563 2050/2740/2562
f 2040/2743/2565 2039/2741/2563 2049/2742/2564
f 2048/2744/2566 2040/2743/2565 2049/2742/2564
f 2041/2745/2567 2040/2743/2565 2048/2744/2566
f 2047/2746/2568 2041/2745/2567 2048/2744/2566
f 2042/2747/2569 2041/2745/2567 2047/2746/2568
f 2017/2748/2570 2042/2747/2569 2047/2746/2568
f 2043/2749/2571 2042/2747/2569 2017/2748/2570
f 2018/2750/2572 2043/2749/2571 2017/2748/2570
f 2044/2751/2573 2043/2749/2571 2018/2750/2572
f 2045/2752/2574 2044/2751/2573 2018/2750/2572
f 2019/2753/2575 2045/2752/2574 2018/2750/2572
f 2046/2754/2576 2045/2752/2574 2019/2753/2575
f 1965/2755/2577 2046/2754/2576 2019/2753/2575
f 1966/2756/2578 2046/2754/2576 1965/2755/2577
f 2100/2759/2581 1191/2758/2580 1987/2757/2579
f 1190/2760/2582 1191/2758/2580 2100/2759/2581
f 2099/2761/2583 1190/2760/2582 2100/2759/2581
f 1189/2762/2584 1190/2760/2582 2099/2761/2583
f 2098/2763/2585 1189/2762/2584 2099/2761/2583
f 1188/2764/2586 1189/2762/2584 2098/2763/2585
f 2097/2765/2587 1188/2764/2586 2098/2763/2585
f 1187/2766/2588 1188/2764/2586 2097/2765/2587
f 2096/2767/2589 1187/2766/2588 2097/2765/2587
f 1186/2768/2590 1187/2766/2588 2096/2767/2589
f 2095/2769/2591 1186/2768/2590 2096/2767/2589
f 2094/2770/2592 1186/2768/2590 2095/2769/2591
f 2121/2771/2593 2094/2770/2592 2095/2769/2591
f 2120/2772/2594 2094/2770/2592 2121/2771/2593
f 2136/2773/2595 2120/2772/2594 2121/2771/2593
f 2135/2774/2596 2120/2772/2594 2136/2773/2595
f 2162/2775/2597 2135/2774/2596 2136/2773/2595
f 2163/2776/2598 2135/2774/2596 2162/2775/2597
f 2151/2777/2599 2163/2776/2598 2162/2775/2597
f 2150/2778/2600 2163/2776/2598 2151/2777/2599
f 2189/2779/2601 2150/2778/2600 2151/2777/2599
f 2190/2780/2602 2150/2778/2600 2189/2779/2601
f 2180/2781/2603 2190/2780/2602 2189/2779/2601
f 2179/2782/2604 2190/2780/2602 2180/2781/2603
f 2208/2783/2605 2179/2782/2604 2180/2781/2603
f 2207/2784/2606 2179/2782/2604 2208/2783/2605
f 2234/2785/2607 2207/2784/2606 2208/2783/2605
f 2235/2786/2608 2207/2784/2606 2234/2785/2607
f 2223/2787/2609 2235/2786/2608 2234/2785/2607
f 2222/2788/2610 2235/2786/2608 2223/2787/2609
f 2252/2789/2611 2222/2788/2610 2223/2787/2609
f 2251/2790/2612 2222/2788/2610 2252/2789/2611
f 2267/2791/2613 2251/2790/2612 2252/2789/2611
f 2266/2792/2614 2251/2790/2612 2267/2791/2613
f 2282/2793/2615 2266/2792/2614 2267/2791/2613
f 2281/2794/2616 2266/2792/2614 2282/2793/2615
f 2297/2795/2617 2281/2794/2616 2282/2793/2615
f 2296/2796/2618 2281/2794/2616 2297/2795/2617
f 2312/2797/2619 2296/2796/2618 2297/2795/2617
f 2311/2798/2620 2296/2796/2618 2312/2797/2619
f 2327/2799/2621 2311/2798/2620 2312/2797/2619
f 2326/2800/2622 2311/2798/2620 2327/2799/2621
f 2342/2801/2623 2326/2800/2622 2327/2799/2621
f 2341/2802/2624 2326/2800/2622 2342/2801/2623
f 2357/2803/2625 2341/2802/2624 2342/2801/2623
f 2356/2804/2626 2341/2802/2624 2357/2803/2625
f 2371/2805/2627 2356/2804/2626 2357/2803/2625
f 2370/2806/2628 2356/2804/2626 2371/2805/2627
f 2385/2807/2629 2370/2806/2628 2371/2805/2627
f 2384/2808/2630 2370/2806/2628 2385/2807/2629
f 2398/2809/2631 2384/2808/2630 2385/2807/2629
f 2397/2810/2632 2384/2808/2630 2398/2809/2631
f 2410/2811/2633 2397/2810/2632 2398/2809/2631
f 2409/2812/2634 2397/2810/2632 2410/2811/2633
f 2008/2813/2635 2409/2812/2634 2410/2811/2633
f 2419/2814/2636 2409/2812/2634 2008/2813/2635
f 2009/2815/2637 2419/2814/2636 2008/2813/2635
f 2418/2816/2638 2419/2814/2636 2009/2815/2637
f 2427/2817/2639 2418/2816/2638 2009/2815/2637
f 2417/2818/2640 2418/2816/2638 2427/2817/2639
f 2426/2819/2641 2417/2818/2640 2427/2817/2639
f 2416/2820/2642 2417/2818/2640 2426/2819/2641
f 2425/2821/2643 2416/2820/2642 2426/2819/2641
f 2415/2822/2644 2416/2820/2642 2425/2821/2643
f 2424/2823/2645 2415/2822/2644 2425/2821/2643
f 2414/2824/2646 2415/2822/2644 2424/2823/2645
f 2423/2825/2647 2414/2824/2646 2424/2823/2645
f 2413/2826/2648 2414/2824/2646 2423/2825/2647
f 2422/2827/2649 2413/2826/2648 2423/2825/2647
f 2412/2828/2650 2413/2826/2648 2422/2827/2649
f 2421/2829/2651 2412/2828/2650 2422/2827/2649
f 2411/2830/2652 2412/2828/2650 2421/2829/2651
f 2420/2831/2653 2411/2830/2652 2421/2829/2651
f 2054/2832/2654 2411/2830/2652 2420/2831/2653
f 2053/2833/2655 2054/2832/2654 2420/2831/2653
f 2094/2770/2592 1185/2834/2656 1186/2768/2590
f 2093/2835/2657 1185/2834/2656 2094/2770/2592
f 2120/2772/2594 2093/2835/2657 2094/2770/2592
f 2119/2836/2658 2093/2835/2657 2120/2772/2594
f 2135/2774/2596 2119/2836/2658 2120/2772/2594
f 2134/2837/2659 2119/2836/2658 2135/2774/2596
f 2163/2776/2598 2134/2837/2659 2135/2774/2596
f 2164/2838/2660 2134/2837/2659 2163/2776/2598
f 2150/2778/2600 2164/2838/2660 2163/2776/2598
f 2149/2839/2661 2164/2838/2660 2150/2778/2600
f 2190/2780/2602 2149/2839/2661 2150/2778/2600
f 2191/2840/2662 2149/2839/2661 2190/2780/2602
f 2179/2782/2604 2191/2840/2662 2190/2780/2602
f 2178/2841/2663 2191/2840/2662 2179/2782/2604
f 2207/2784/2606 2178/2841/2663 2179/2782/2604
f 2206/2842/2664 2178/2841/2663 2207/2784/2606
f 2235/2786/2608 2206/2842/2664 2207/2784/2606
f 2236/2843/2665 2206/2842/2664 2235/2786/2608
f 2222/2788/2610 2236/2843/2665 2235/2786/2608
f 2221/2844/2666 2236/2843/2665 2222/2788/2610
f 2251/2790/2612 2221/2844/2666 2222/2788/2610
f 2250/2845/2667 2221/2844/2666 2251/2790/2612
f 2266/2792/2614 2250/2845/2667 2251/2790/2612
f 2265/2846/2668 2250/2845/2667 2266/2792/2614
f 2281/2794/2616 2265/2846/2668 2266/2792/2614
f 2280/2847/2669 2265/2846/2668 2281/2794/2616
f 2296/2796/2618 2280/2847/2669 2281/2794/2616
f 2295/2848/2670 2280/2847/2669 2296/2796/2618
f 2311/2798/2620 2295/2848/2670 2296/2796/2618
f 2310/2849/2671 2295/2848/2670 2311/2798/2620
f 2326/2800/2622 2310/2849/2671 2311/2798/2620
f 2325/2850/2672 2310/2849/2671 2326/2800/2622
f 2341/2802/2624 2325/2850/2672 2326/2800/2622
f 2340/2851/2673 2325/2850/2672 2341/2802/2624
f 2356/2804/2626 2340/2851/2673 2341/2802/2624
f 2355/2852/2674 2340/2851/2673 2356/2804/2626
f 2370/2806/2628 2355/2852/2674 2356/2804/2626
f 2369/2853/2675 2355/2852/2674 2370/2806/2628
f 2384/2808/2630 2369/2853/2675 2370/2806/2628
f 2383/2854/2676 2369/2853/2675 2384/2808/2630
f 2397/2810/2632 2383/2854/2676 2384/2808/2630
f 2396/2855/2677 2383/2854/2676 2397/2810/2632
f 2409/2812/2634 2396/2855/2677 2397/2810/2632
f 2408/2856/2678 2396/2855/2677 2409/2812/2634
f 2419/2814/2636 2408/2856/2678 2409/2812/2634
f 2418/2816/2638 2408/2856/2678 2419/2814/2636
f 2101/2857/2679 1185/2834/2656 2093/2835/2657
f 1184/2858/2680 1185/2834/2656 2101/2857/2679
f 2102/2859/2681 1184/2858/2680 2101/2857/2679
f 1183/2860/2682 1184/2858/2680 2102/2859/2681
f 2103/2861/2683 1183/2860/2682 2102/2859/2681
f 1182/2862/2684 1183/2860/2682 2103/2861/2683
f 2104/2863/2685 1182/2862/2684 2103/2861/2683
f 1181/2864/2686 1182/2862/2684 2104/2863/2685
f 2105/2865/2687 1181/2864/2686 2104/2863/2685
f 2108/2866/2688 1181/2864/2686 2105/2865/2687
f 2106/2867/2689 2108/2866/2688 2105/2865/2687
f 2109/2868/2690 2108/2866/2688 2106/2867/2689
f 2107/2869/2691 2109/2868/2690 2106/2867/2689
f 2110/2870/2692 2109/2868/2690 2107/2869/2691
f 2078/2871/2693 2110/2870/2692 2107/2869/2691
f 2111/2872/2694 2110/2870/2692 2078/2871/2693
f 2076/2873/2695 2111/2872/2694 2078/2871/2693
f 2077/2874/2696 2111/2872/2694 2076/2873/2695
f 1176/2875/2697 2111/2872/2694 2077/2874/2696
f 1175/2876/2698 1176/2875/2697 2077/2874/2696
f 2108/2866/2688 1180/2877/2699 1181/2864/2686
f 1179/2878/2700 1180/2877/2699 2108/2866/2688
f 2109/2868/2690 1179/2878/2700 2108/2866/2688
f 1178/2879/2701 1179/2878/2700 2109/2868/2690
f 2110/2870/2692 1178/2879/2701 2109/2868/2690
f 1177/2880/2702 1178/2879/2701 2110/2870/2692
f 1176/2875/2697 1177/2880/2702 2110/2870/2692
f 2078/2871/2693 2075/2881/2703 2076/2873/2695
f 2086/2882/2704 2075/2881/2703 2078/2871/2693
f 2087/2883/2705 2086/2882/2704 2078/2871/2693
f 2113/2884/2706 2086/2882/2704 2087/2883/2705
f 2114/2885/2707 2113/2884/2706 2087/2883/2705
f 2129/2886/2708 2113/2884/2706 2114/2885/2707
f 2130/2887/2709 2129/2886/2708 2114/2885/2707
f 2168/2888/2710 2129/2886/2708 2130/2887/2709
f 2167/2889/2711 2168/2888/2710 2130/2887/2709
f 2146/2890/2712 2168/2888/2710 2167/2889/2711
f 2147/2891/2713 2146/2890/2712 2167/2889/2711
f 2193/2892/2714 2146/2890/2712 2147/2891/2713
f 2192/2893/2715 2193/2892/2714 2147/2891/2713
f 2177/2894/2716 2193/2892/2714 2192/2893/2715
f 2178/2841/2663 2177/2894/2716 2192/2893/2715
f 2206/2842/2664 2177/2894/2716 2178/2841/2663
f 2086/2882/2704 2074/2895/2717 2075/2881/2703
f 2112/2896/2718 2074/2895/2717 2086/2882/2704
f 2113/2884/2706 2112/2896/2718 2086/2882/2704
f 2128/2897/2719 2112/2896/2718 2113/2884/2706
f 2129/2886/2708 2128/2897/2719 2113/2884/2706
f 2169/2898/2720 2128/2897/2719 2129/2886/2708
f 2168/2888/2710 2169/2898/2720 2129/2886/2708
f 2145/2899/2721 2169/2898/2720 2168/2888/2710
f 2146/2890/2712 2145/2899/2721 2168/2888/2710
f 2194/2900/2722 2145/2899/2721 2146/2890/2712
f 2193/2892/2714 2194/2900/2722 2146/2890/2712
f 2176/2901/2723 2194/2900/2722 2193/2892/2714
f 2177/2894/2716 2176/2901/2723 2193/2892/2714
f 2205/2902/2724 2176/2901/2723 2177/2894/2716
f 2206/2842/2664 2205/2902/2724 2177/2894/2716
f 2236/2843/2665 2205/2902/2724 2206/2842/2664
f 2112/2896/2718 2073/2903/2725 2074/2895/2717
f 2127/2904/2726 2073/2903/2725 2112/2896/2718
f 2128/2897/2719 2127/2904/2726 2112/2896/2718
f 2170/2905/2727 2127/2904/2726 2128/2897/2719
f 2169/2898/2720 2170/2905/2727 2128/2897/2719
f 2144/2906/2728 2170/2905/2727 2169/2898/2720
f 2145/2899/2721 2144/2906/2728 2169/2898/2720
f 2195/2907/2729 2144/2906/2728 2145/2899/2721
f 2194/2900/2722 2195/2907/2729 2145/2899/2721
f 2175/2908/2730 2195/2907/2729 2194/2900/2722
f 2176/2901/2723 2175/2908/2730 2194/2900/2722
f 2204/2909/2731 2175/2908/2730 2176/2901/2723
f 2205/2902/2724 2204/2909/2731 2176/2901/2723
f 2237/2910/2732 2204/2909/2731 2205/2902/2724
f 2236/2843/2665 2237/2910/2732 2205/2902/2724
f 2221/2844/2666 2237/2910/2732 2236/2843/2665
f 2079/2911/2733 2073/2903/2725 2127/2904/2726
f 2072/2912/2734 2073/2903/2725 2079/2911/2733
f 2142/2913/2735 2072/2912/2734 2079/2911/2733
f 2071/2914/2736 2072/2912/2734 2142/2913/2735
f 2198/2915/2737 2071/2914/2736 2142/2913/2735
f 2171/2916/2738 2071/2914/2736 2198/2915/2737
f 2172/2917/2739 2171/2916/2738 2198/2915/2737
f 2200/2918/2740 2171/2916/2738 2172/2917/2739
f 2201/2919/2741 2200/2918/2740 2172/2917/2739
f 2241/2920/2742 2200/2918/2740 2201/2919/2741
f 2240/2921/2743 2241/2920/2742 2201/2919/2741
f 2217/2922/2744 2241/2920/2742 2240/2921/2743
f 2218/2923/2745 2217/2922/2744 2240/2921/2743
f 2247/2924/2746 2217/2922/2744 2218/2923/2745
f 2248/2925/2747 2247/2924/2746 2218/2923/2745
f 2263/2926/2748 2247/2924/2746 2248/2925/2747
f 2264/2927/2749 2263/2926/2748 2248/2925/2747
f 2279/2928/2750 2263/2926/2748 2264/2927/2749
f 2280/2847/2669 2279/2928/2750 2264/2927/2749
f 2295/2848/2670 2279/2928/2750 2280/2847/2669
f 2171/2916/2738 2070/2929/2751 2071/2914/2736
f 2199/2930/2752 2070/2929/2751 2171/2916/2738
f 2200/2918/2740 2199/2930/2752 2171/2916/2738
f 2242/2931/2753 2199/2930/2752 2200/2918/2740
f 2241/2920/2742 2242/2931/2753 2200/2918/2740
f 2216/2932/2754 2242/2931/2753 2241/2920/2742
f 2217/2922/2744 2216/2932/2754 2241/2920/2742
f 2246/2933/2755 2216/2932/2754 2217/2922/2744
f 2247/2924/2746 2246/2933/2755 2217/2922/2744
f 2262/2934/2756 2246/2933/2755 2247/2924/2746
f 2263/2926/2748 2262/2934/2756 2247/2924/2746
f 2278/2935/2757 2262/2934/2756 2263/2926/2748
f 2279/2928/2750 2278/2935/2757 2263/2926/2748
f 2294/2936/2758 2278/2935/2757 2279/2928/2750
f 2295/2848/2670 2294/2936/2758 2279/2928/2750
f 2310/2849/2671 2294/2936/2758 2295/2848/2670
f 2082/2937/2759 2070/2929/2751 2199/2930/2752
f 2069/2938/2760 2070/2929/2751 2082/2937/2759
f 2214/2939/2761 2069/2938/2760 2082/2937/2759
f 2068/2940/2762 2069/2938/2760 2214/2939/2761
f 2243/2941/2763 2068/2940/2762 2214/2939/2761
f 2067/2942/2764 2068/2940/2762 2243/2941/2763
f 2258/2943/2765 2067/2942/2764 2243/2941/2763
f 2066/2944/2766 2067/2942/2764 2258/2943/2765
f 2273/2945/2767 2066/2944/2766 2258/2943/2765
f 2065/2946/2768 2066/2944/2766 2273/2945/2767
f 2288/2947/2769 2065/2946/2768 2273/2945/2767
f 2064/2948/2770 2065/2946/2768 2288/2947/2769
f 2303/2949/2771 2064/2948/2770 2288/2947/2769
f 2063/2950/2772 2064/2948/2770 2303/2949/2771
f 2318/2951/2773 2063/2950/2772 2303/2949/2771
f 2062/2952/2774 2063/2950/2772 2318/2951/2773
f 2333/2953/2775 2062/2952/2774 2318/2951/2773
f 2061/2954/2776 2062/2952/2774 2333/2953/2775
f 2348/2955/2777 2061/2954/2776 2333/2953/2775
f 2060/2956/2778 2061/2954/2776 2348/2955/2777
f 2059/2957/2779 2060/2956/2778 2348/2955/2777
f 2362/2958/2780 2059/2957/2779 2348/2955/2777
f 2058/2959/2781 2059/2957/2779 2362/2958/2780
f 2376/2960/2782 2058/2959/2781 2362/2958/2780
f 2057/2961/2783 2058/2959/2781 2376/2960/2782
f 2389/2962/2784 2057/2961/2783 2376/2960/2782
f 2056/2963/2785 2057/2961/2783 2389/2962/2784
f 2401/2964/2786 2056/2963/2785 2389/2962/2784
f 2055/2965/2787 2056/2963/2785 2401/2964/2786
f 2411/2830/2652 2055/2965/2787 2401/2964/2786
f 2054/2832/2654 2055/2965/2787 2411/2830/2652
f 2083/2966/2788 2053/2833/2655 2420/2831/2653
f 2052/2967/2789 2053/2833/2655 2083/2966/2788
f 2447/2968/2790 2052/2967/2789 2083/2966/2788
f 2435/2969/2791 2052/2967/2789 2447/2968/2790
f 2436/2970/2792 2435/2969/2791 2447/2968/2790
f 2455/2971/2793 2435/2969/2791 2436/2970/2792
f 2454/2972/2794 2455/2971/2793 2436/2970/2792
f 2450/2973/2795 2455/2971/2793 2454/2972/2794
f 2451/2974/2796 2450/2973/2795 2454/2972/2794
f 2459/2975/2797 2450/2973/2795 2451/2974/2796
f 2084/2976/2798 2459/2975/2797 2451/2974/2796
f 2013/2977/2799 2459/2975/2797 2084/2976/2798
f 2012/2978/2800 2013/2977/2799 2084/2976/2798
f 2435/2969/2791 2051/2979/2801 2052/2967/2789
f 2456/2980/2802 2051/2979/2801 2435/2969/2791
f 2455/2971/2793 2456/2980/2802 2435/2969/2791
f 2449/2981/2803 2456/2980/2802 2455/2971/2793
f 2450/2973/2795 2449/2981/2803 2455/2971/2793
f 2458/2982/2804 2449/2981/2803 2450/2973/2795
f 2459/2975/2797 2458/2982/2804 2450/2973/2795
f 2463/2983/2805 2458/2982/2804 2459/2975/2797
f 2014/2984/2806 2463/2983/2805 2459/2975/2797
f 2462/2985/2807 2463/2983/2805 2014/2984/2806
f 2015/2986/2808 2462/2985/2807 2014/2984/2806
f 2468/2987/2809 2462/2985/2807 2015/2986/2808
f 2016/2988/2810 2468/2987/2809 2015/2986/2808
f 2469/2989/2811 2468/2987/2809 2016/2988/2810
f 2017/2990/2812 2469/2989/2811 2016/2988/2810
f 2047/2991/2813 2469/2989/2811 2017/2990/2812
f 2467/2992/2814 2469/2989/2811 2047/2991/2813
f 2048/2993/2815 2467/2992/2814 2047/2991/2813
f 2460/2994/2816 2467/2992/2814 2048/2993/2815
f 2049/2995/2817 2460/2994/2816 2048/2993/2815
f 2466/2996/2818 2460/2994/2816 2049/2995/2817
f 2085/2997/2819 2466/2996/2818 2049/2995/2817
f 2465/2998/2820 2466/2996/2818 2085/2997/2819
f 2457/2999/2821 2465/2998/2820 2085/2997/2819
f 2464/3000/2822 2465/2998/2820 2457/2999/2821
f 2458/2982/2804 2464/3000/2822 2457/2999/2821
f 2463/2983/2805 2464/3000/2822 2458/2982/2804
f 2448/3001/2823 2051/2979/2801 2456/2980/2802
f 2050/3002/2824 2051/2979/2801 2448/3001/2823
f 2085/2997/2819 2050/3002/2824 2448/3001/2823
f 2049/2995/2817 2050/3002/2824 2085/2997/2819
f 2459/2975/2797 2013/2977/2799 2014/2984/2806
f 2012/2978/2800 2441/3004/2826 2011/3003/2825
f 2440/3005/2827 2441/3004/2826 2012/2978/2800
f 2439/3006/2828 2440/3005/2827 2012/2978/2800
f 2443/3007/2829 2440/3005/2827 2439/3006/2828
f 2444/3008/2830 2443/3007/2829 2439/3006/2828
f 2430/3009/2831 2443/3007/2829 2444/3008/2830
f 2429/3010/2832 2430/3009/2831 2444/3008/2830
f 2422/2827/2649 2430/3009/2831 2429/3010/2832
f 2421/2829/2651 2422/2827/2649 2429/3010/2832
f 2011/3003/2825 2434/3012/2834 2010/3011/2833
f 2433/3013/2835 2434/3012/2834 2011/3003/2825
f 2441/3004/2826 2433/3013/2835 2011/3003/2825
f 2432/3014/2836 2433/3013/2835 2441/3004/2826
f 2442/3015/2837 2432/3014/2836 2441/3004/2826
f 2431/3016/2838 2432/3014/2836 2442/3015/2837
f 2443/3007/2829 2431/3016/2838 2442/3015/2837
f 2430/3009/2831 2431/3016/2838 2443/3007/2829
f 2427/2817/2639 2010/3011/2833 2434/3012/2834
f 2009/2815/2637 2010/3011/2833 2427/2817/2639
f 2410/2811/2633 2007/3017/2839 2008/2813/2635
f 2398/2809/2631 2007/3017/2839 2410/2811/2633
f 2007/3017/2839 2400/3019/2841 2006/3018/2840
f 2399/3020/2842 2400/3019/2841 2007/3017/2839
f 2398/2809/2631 2399/3020/2842 2007/3017/2839
f 2385/2807/2629 2399/3020/2842 2398/2809/2631
f 2387/3021/2843 2006/3018/2840 2400/3019/2841
f 2005/3022/2844 2006/3018/2840 2387/3021/2843
f 2388/3023/2845 2005/3022/2844 2387/3021/2843
f 2004/3024/2846 2005/3022/2844 2388/3023/2845
f 2374/3025/2847 2004/3024/2846 2388/3023/2845
f 2375/3026/2848 2004/3024/2846 2374/3025/2847
f 2360/3027/2849 2375/3026/2848 2374/3025/2847
f 2361/3028/2850 2375/3026/2848 2360/3027/2849
f 2345/3029/2851 2361/3028/2850 2360/3027/2849
f 2346/3030/2852 2361/3028/2850 2345/3029/2851
f 2330/3031/2853 2346/3030/2852 2345/3029/2851
f 2331/3032/2854 2346/3030/2852 2330/3031/2853
f 2315/3033/2855 2331/3032/2854 2330/3031/2853
f 2316/3034/2856 2331/3032/2854 2315/3033/2855
f 2300/3035/2857 2316/3034/2856 2315/3033/2855
f 2301/3036/2858 2316/3034/2856 2300/3035/2857
f 2285/3037/2859 2301/3036/2858 2300/3035/2857
f 2286/3038/2860 2301/3036/2858 2285/3037/2859
f 2270/3039/2861 2286/3038/2860 2285/3037/2859
f 2271/3040/2862 2286/3038/2860 2270/3039/2861
f 2255/3041/2863 2271/3040/2862 2270/3039/2861
f 2256/3042/2864 2271/3040/2862 2255/3041/2863
f 2226/3043/2865 2256/3042/2864 2255/3041/2863
f 2227/3044/2866 2256/3042/2864 2226/3043/2865
f 2231/3045/2867 2227/3044/2866 2226/3043/2865
f 2230/3046/2868 2227/3044/2866 2231/3045/2867
f 2211/3047/2869 2230/3046/2868 2231/3045/2867
f 2212/3048/2870 2230/3046/2868 2211/3047/2869
f 2183/3049/2871 2212/3048/2870 2211/3047/2869
f 2184/3050/2872 2212/3048/2870 2183/3049/2871
f 2186/3051/2873 2184/3050/2872 2183/3049/2871
f 2185/3052/2874 2184/3050/2872 2186/3051/2873
f 2154/3053/2875 2185/3052/2874 2186/3051/2873
f 2155/3054/2876 2185/3052/2874 2154/3053/2875
f 2159/3055/2877 2155/3054/2876 2154/3053/2875
f 2158/3056/2878 2155/3054/2876 2159/3055/2877
f 2139/3057/2879 2158/3056/2878 2159/3055/2877
f 2140/3058/2880 2158/3056/2878 2139/3057/2879
f 2124/3059/2881 2140/3058/2880 2139/3057/2879
f 2125/3060/2882 2140/3058/2880 2124/3059/2881
f 2098/2763/2585 2125/3060/2882 2124/3059/2881
f 2099/2761/2583 2125/3060/2882 2098/2763/2585
f 2375/3026/2848 2003/3061/2883 2004/3024/2846
f 2361/3028/2850 2003/3061/2883 2375/3026/2848
f 2361/3028/2850 2002/3062/2884 2003/3061/2883
f 1113/3063/2885 2002/3062/2884 2361/3028/2850
f 2346/3030/2852 1113/3063/2885 2361/3028/2850
f 2347/3064/2886 1113/3063/2885 2346/3030/2852
f 2331/3032/2854 2347/3064/2886 2346/3030/2852
f 2332/3065/2887 2347/3064/2886 2331/3032/2854
f 2316/3034/2856 2332/3065/2887 2331/3032/2854
f 2317/3066/2888 2332/3065/2887 2316/3034/2856
f 2301/3036/2858 2317/3066/2888 2316/3034/2856
f 2302/3067/2889 2317/3066/2888 2301/3036/2858
f 2286/3038/2860 2302/3067/2889 2301/3036/2858
f 2287/3068/2890 2302/3067/2889 2286/3038/2860
f 2271/3040/2862 2287/3068/2890 2286/3038/2860
f 2272/3069/2891 2287/3068/2890 2271/3040/2862
f 2256/3042/2864 2272/3069/2891 2271/3040/2862
f 2257/3070/2892 2272/3069/2891 2256/3042/2864
f 2227/3044/2866 2257/3070/2892 2256/3042/2864
f 2228/3071/2893 2257/3070/2892 2227/3044/2866
f 2230/3046/2868 2228/3071/2893 2227/3044/2866
f 2229/3072/2894 2228/3071/2893 2230/3046/2868
f 2212/3048/2870 2229/3072/2894 2230/3046/2868
f 2213/3073/2895 2229/3072/2894 2212/3048/2870
f 2184/3050/2872 2213/3073/2895 2212/3048/2870
f 2081/3074/2896 2213/3073/2895 2184/3050/2872
f 2185/3052/2874 2081/3074/2896 2184/3050/2872
f 2080/3075/2897 2081/3074/2896 2185/3052/2874
f 2155/3054/2876 2080/3075/2897 2185/3052/2874
f 2156/3076/2898 2080/3075/2897 2155/3054/2876
f 2158/3056/2878 2156/3076/2898 2155/3054/2876
f 2157/3077/2899 2156/3076/2898 2158/3056/2878
f 2140/3058/2880 2157/3077/2899 2158/3056/2878
f 2141/3078/2900 2157/3077/2899 2140/3058/2880
f 2125/3060/2882 2141/3078/2900 2140/3058/2880
f 2126/3079/2901 2141/3078/2900 2125/3060/2882
f 2099/2761/2583 2126/3079/2901 2125/3060/2882
f 2100/2759/2581 2126/3079/2901 2099/2761/2583
f 2347/3064/2886 1112/3080/2902 1113/3063/2885
f 2001/3081/2903 1112/3080/2902 2347/3064/2886
f 2332/3065/2887 2001/3081/2903 2347/3064/2886
f 2000/3082/2904 2001/3081/2903 2332/3065/2887
f 2317/3066/2888 2000/3082/2904 2332/3065/2887
f 1999/3083/2905 2000/3082/2904 2317/3066/2888
f 2302/3067/2889 1999/3083/2905 2317/3066/2888
f 1998/3084/2906 1999/3083/2905 2302/3067/2889
f 2287/3068/2890 1998/3084/2906 2302/3067/2889
f 1997/3085/2907 1998/3084/2906 2287/3068/2890
f 1996/3086/2908 1997/3085/2907 2287/3068/2890
f 2272/3069/2891 1996/3086/2908 2287/3068/2890
f 1995/3087/2909 1996/3086/2908 2272/3069/2891
f 2257/3070/2892 1995/3087/2909 2272/3069/2891
f 1994/3088/2910 1995/3087/2909 2257/3070/2892
f 2228/3071/2893 1994/3088/2910 2257/3070/2892
f 1993/3089/2911 1994/3088/2910 2228/3071/2893
f 2229/3072/2894 1993/3089/2911 2228/3071/2893
f 1992/3090/2912 1993/3089/2911 2229/3072/2894
f 2213/3073/2895 1992/3090/2912 2229/3072/2894
f 2081/3074/2896 1992/3090/2912 2213/3073/2895
f 2081/3074/2896 1991/3091/2913 1992/3090/2912
f 2080/3075/2897 1991/3091/2913 2081/3074/2896
f 2080/3075/2897 1990/3092/2914 1991/3091/2913
f 2156/3076/2898 1990/3092/2914 2080/3075/2897
f 2157/3077/2899 1990/3092/2914 2156/3076/2898
f 1989/3093/2915 1990/3092/2914 2157/3077/2899
f 2141/3078/2900 1989/3093/2915 2157/3077/2899
f 1988/3094/2916 1989/3093/2915 2141/3078/2900
f 2126/3079/2901 1988/3094/2916 2141/3078/2900
f 1987/2757/2579 1988/3094/2916 2126/3079/2901
f 2100/2759/2581 1987/2757/2579 2126/3079/2901
f 2452/3095/2917 2012/2978/2800 2084/2976/2798
f 2439/3006/2828 2012/2978/2800 2452/3095/2917
f 2438/3096/2918 2439/3006/2828 2452/3095/2917
f 2444/3008/2830 2439/3006/2828 2438/3096/2918
f 2445/3097/2919 2444/3008/2830 2438/3096/2918
f 2429/3010/2832 2444/3008/2830 2445/3097/2919
f 2428/3098/2920 2429/3010/2832 2445/3097/2919
f 2421/2829/2651 2429/3010/2832 2428/3098/2920
f 2420/2831/2653 2421/2829/2651 2428/3098/2920
f 2087/2883/2705 2078/2871/2693 2107/2869/2691
f 2088/3099/2921 2107/2869/2691 2106/2867/2689
f 2087/2883/2705 2107/2869/2691 2088/3099/2921
f 2114/2885/2707 2087/2883/2705 2088/3099/2921
f 2089/3100/2922 2106/2867/2689 2105/2865/2687
f 2088/3099/2921 2106/2867/2689 2089/3100/2922
f 2115/3101/2923 2088/3099/2921 2089/3100/2922
f 2114/2885/2707 2088/3099/2921 2115/3101/2923
f 2130/2887/2709 2114/2885/2707 2115/3101/2923
f 2090/3102/2924 2105/2865/2687 2104/2863/2685
f 2089/3100/2922 2105/2865/2687 2090/3102/2924
f 2116/3103/2925 2089/3100/2922 2090/3102/2924
f 2115/3101/2923 2089/3100/2922 2116/3103/2925
f 2131/3104/2926 2115/3101/2923 2116/3103/2925
f 2130/2887/2709 2115/3101/2923 2131/3104/2926
f 2167/2889/2711 2130/2887/2709 2131/3104/2926
f 2091/3105/2927 2104/2863/2685 2103/2861/2683
f 2090/3102/2924 2104/2863/2685 2091/3105/2927
f 2117/3106/2928 2090/3102/2924 2091/3105/2927
f 2116/3103/2925 2090/3102/2924 2117/3106/2928
f 2132/3107/2929 2116/3103/2925 2117/3106/2928
f 2131/3104/2926 2116/3103/2925 2132/3107/2929
f 2166/3108/2930 2131/3104/2926 2132/3107/2929
f 2167/2889/2711 2131/3104/2926 2166/3108/2930
f 2147/2891/2713 2167/2889/2711 2166/3108/2930
f 2092/3109/2931 2102/2859/2681 2101/2857/2679
f 2091/3105/2927 2102/2859/2681 2092/3109/2931
f 2118/3110/2932 2091/3105/2927 2092/3109/2931
f 2117/3106/2928 2091/3105/2927 2118/3110/2932
f 2133/3111/2933 2117/3106/2928 2118/3110/2932
f 2132/3107/2929 2117/3106/2928 2133/3111/2933
f 2165/3112/2934 2132/3107/2929 2133/3111/2933
f 2166/3108/2930 2132/3107/2929 2165/3112/2934
f 2148/3113/2935 2166/3108/2930 2165/3112/2934
f 2147/2891/2713 2166/3108/2930 2148/3113/2935
f 2192/2893/2715 2147/2891/2713 2148/3113/2935
f 2092/3109/2931 2093/2835/2657 2119/2836/2658
f 2101/2857/2679 2093/2835/2657 2092/3109/2931
f 2118/3110/2932 2092/3109/2931 2119/2836/2658
f 2122/3114/2936 2095/2769/2591 2096/2767/2589
f 2121/2771/2593 2095/2769/2591 2122/3114/2936
f 2137/3115/2937 2121/2771/2593 2122/3114/2936
f 2136/2773/2595 2121/2771/2593 2137/3115/2937
f 2161/3116/2938 2136/2773/2595 2137/3115/2937
f 2162/2775/2597 2136/2773/2595 2161/3116/2938
f 2152/3117/2939 2162/2775/2597 2161/3116/2938
f 2151/2777/2599 2162/2775/2597 2152/3117/2939
f 2188/3118/2940 2151/2777/2599 2152/3117/2939
f 2189/2779/2601 2151/2777/2599 2188/3118/2940
f 2181/3119/2941 2189/2779/2601 2188/3118/2940
f 2180/2781/2603 2189/2779/2601 2181/3119/2941
f 2209/3120/2942 2180/2781/2603 2181/3119/2941
f 2208/2783/2605 2180/2781/2603 2209/3120/2942
f 2233/3121/2943 2208/2783/2605 2209/3120/2942
f 2234/2785/2607 2208/2783/2605 2233/3121/2943
f 2224/3122/2944 2234/2785/2607 2233/3121/2943
f 2223/2787/2609 2234/2785/2607 2224/3122/2944
f 2253/3123/2945 2223/2787/2609 2224/3122/2944
f 2252/2789/2611 2223/2787/2609 2253/3123/2945
f 2268/3124/2946 2252/2789/2611 2253/3123/2945
f 2267/2791/2613 2252/2789/2611 2268/3124/2946
f 2283/3125/2947 2267/2791/2613 2268/3124/2946
f 2282/2793/2615 2267/2791/2613 2283/3125/2947
f 2298/3126/2948 2282/2793/2615 2283/3125/2947
f 2297/2795/2617 2282/2793/2615 2298/3126/2948
f 2313/3127/2949 2297/2795/2617 2298/3126/2948
f 2312/2797/2619 2297/2795/2617 2313/3127/2949
f 2328/3128/2950 2312/2797/2619 2313/3127/2949
f 2327/2799/2621 2312/2797/2619 2328/3128/2950
f 2343/3129/2951 2327/2799/2621 2328/3128/2950
f 2342/2801/2623 2327/2799/2621 2343/3129/2951
f 2358/3130/2952 2342/2801/2623 2343/3129/2951
f 2357/2803/2625 2342/2801/2623 2358/3130/2952
f 2372/3131/2953 2357/2803/2625 2358/3130/2952
f 2371/2805/2627 2357/2803/2625 2372/3131/2953
f 2386/3132/2954 2371/2805/2627 2372/3131/2953
f 2385/2807/2629 2371/2805/2627 2386/3132/2954
f 2399/3020/2842 2385/2807/2629 2386/3132/2954
f 2097/2765/2587 2098/2763/2585 2124/3059/2881
f 2123/3133/2955 2096/2767/2589 2097/2765/2587
f 2122/3114/2936 2096/2767/2589 2123/3133/2955
f 2138/3134/2956 2122/3114/2936 2123/3133/2955
f 2137/3115/2937 2122/3114/2936 2138/3134/2956
f 2160/3135/2957 2137/3115/2937 2138/3134/2956
f 2161/3116/2938 2137/3115/2937 2160/3135/2957
f 2153/3136/2958 2161/3116/2938 2160/3135/2957
f 2152/3117/2939 2161/3116/2938 2153/3136/2958
f 2187/3137/2959 2152/3117/2939 2153/3136/2958
f 2188/3118/2940 2152/3117/2939 2187/3137/2959
f 2182/3138/2960 2188/3118/2940 2187/3137/2959
f 2181/3119/2941 2188/3118/2940 2182/3138/2960
f 2210/3139/2961 2181/3119/2941 2182/3138/2960
f 2209/3120/2942 2181/3119/2941 2210/3139/2961
f 2232/3140/2962 2209/3120/2942 2210/3139/2961
f 2233/3121/2943 2209/3120/2942 2232/3140/2962
f 2225/3141/2963 2233/3121/2943 2232/3140/2962
f 2224/3122/2944 2233/3121/2943 2225/3141/2963
f 2254/3142/2964 2224/3122/2944 2225/3141/2963
f 2253/3123/2945 2224/3122/2944 2254/3142/2964
f 2269/3143/2965 2253/3123/2945 2254/3142/2964
f 2268/3124/2946 2253/3123/2945 2269/3143/2965
f 2284/3144/2966 2268/3124/2946 2269/3143/2965
f 2283/3125/2947 2268/3124/2946 2284/3144/2966
f 2299/3145/2967 2283/3125/2947 2284/3144/2966
f 2298/3126/2948 2283/3125/2947 2299/3145/2967
f 2314/3146/2968 2298/3126/2948 2299/3145/2967
f 2313/3127/2949 2298/3126/2948 2314/3146/2968
f 2329/3147/2969 2313/3127/2949 2314/3146/2968
f 2328/3128/2950 2313/3127/2949 2329/3147/2969
f 2344/3148/2970 2328/3128/2950 2329/3147/2969
f 2343/3129/2951 2328/3128/2950 2344/3148/2970
f 2359/3149/2971 2343/3129/2951 2344/3148/2970
f 2358/3130/2952 2343/3129/2951 2359/3149/2971
f 2373/3150/2972 2358/3130/2952 2359/3149/2971
f 2372/3131/2953 2358/3130/2952 2373/3150/2972
f 2387/3021/2843 2372/3131/2953 2373/3150/2972
f 2386/3132/2954 2372/3131/2953 2387/3021/2843
f 2400/3019/2841 2386/3132/2954 2387/3021/2843
f 2399/3020/2842 2386/3132/2954 2400/3019/2841
f 2091/3105/2927 2103/2861/2683 2102/2859/2681
f 2110/2870/2692 2111/2872/2694 1176/2875/2697
f 2118/3110/2932 2119/2836/2658 2134/2837/2659
f 2133/3111/2933 2118/3110/2932 2134/2837/2659
f 2123/3133/2955 2124/3059/2881 2139/3057/2879
f 2097/2765/2587 2124/3059/2881 2123/3133/2955
f 2138/3134/2956 2123/3133/2955 2139/3057/2879
f 2133/3111/2933 2134/2837/2659 2164/2838/2660
f 2165/3112/2934 2133/3111/2933 2164/2838/2660
f 2138/3134/2956 2139/3057/2879 2159/3055/2877
f 2160/3135/2957 2138/3134/2956 2159/3055/2877
f 2079/2911/2733 2143/3151/2973 2142/2913/2735
f 2170/2905/2727 2143/3151/2973 2079/2911/2733
f 2127/2904/2726 2170/2905/2727 2079/2911/2733
f 2144/2906/2728 2143/3151/2973 2170/2905/2727
f 2196/3152/2974 2143/3151/2973 2144/2906/2728
f 2195/2907/2729 2196/3152/2974 2144/2906/2728
f 2174/3153/2975 2196/3152/2974 2195/2907/2729
f 2175/2908/2730 2174/3153/2975 2195/2907/2729
f 2203/3154/2976 2174/3153/2975 2175/2908/2730
f 2204/2909/2731 2203/3154/2976 2175/2908/2730
f 2238/3155/2977 2203/3154/2976 2204/2909/2731
f 2237/2910/2732 2238/3155/2977 2204/2909/2731
f 2220/3156/2978 2238/3155/2977 2237/2910/2732
f 2221/2844/2666 2220/3156/2978 2237/2910/2732
f 2250/2845/2667 2220/3156/2978 2221/2844/2666
f 2197/3157/2979 2142/2913/2735 2143/3151/2973
f 2198/2915/2737 2142/2913/2735 2197/3157/2979
f 2172/2917/2739 2198/2915/2737 2197/3157/2979
f 2149/2839/2661 2165/3112/2934 2164/2838/2660
f 2148/3113/2935 2165/3112/2934 2149/2839/2661
f 2191/2840/2662 2148/3113/2935 2149/2839/2661
f 2192/2893/2715 2148/3113/2935 2191/2840/2662
f 2178/2841/2663 2192/2893/2715 2191/2840/2662
f 2154/3053/2875 2160/3135/2957 2159/3055/2877
f 2153/3136/2958 2160/3135/2957 2154/3053/2875
f 2186/3051/2873 2153/3136/2958 2154/3053/2875
f 2187/3137/2959 2153/3136/2958 2186/3051/2873
f 2183/3049/2871 2187/3137/2959 2186/3051/2873
f 2182/3138/2960 2187/3137/2959 2183/3049/2871
f 2211/3047/2869 2182/3138/2960 2183/3049/2871
f 2210/3139/2961 2182/3138/2960 2211/3047/2869
f 2231/3045/2867 2210/3139/2961 2211/3047/2869
f 2232/3140/2962 2210/3139/2961 2231/3045/2867
f 2226/3043/2865 2232/3140/2962 2231/3045/2867
f 2225/3141/2963 2232/3140/2962 2226/3043/2865
f 2255/3041/2863 2225/3141/2963 2226/3043/2865
f 2254/3142/2964 2225/3141/2963 2255/3041/2863
f 2270/3039/2861 2254/3142/2964 2255/3041/2863
f 2269/3143/2965 2254/3142/2964 2270/3039/2861
f 2285/3037/2859 2269/3143/2965 2270/3039/2861
f 2284/3144/2966 2269/3143/2965 2285/3037/2859
f 2300/3035/2857 2284/3144/2966 2285/3037/2859
f 2299/3145/2967 2284/3144/2966 2300/3035/2857
f 2315/3033/2855 2299/3145/2967 2300/3035/2857
f 2314/3146/2968 2299/3145/2967 2315/3033/2855
f 2330/3031/2853 2314/3146/2968 2315/3033/2855
f 2329/3147/2969 2314/3146/2968 2330/3031/2853
f 2345/3029/2851 2329/3147/2969 2330/3031/2853
f 2344/3148/2970 2329/3147/2969 2345/3029/2851
f 2360/3027/2849 2344/3148/2970 2345/3029/2851
f 2359/3149/2971 2344/3148/2970 2360/3027/2849
f 2374/3025/2847 2359/3149/2971 2360/3027/2849
f 2373/3150/2972 2359/3149/2971 2374/3025/2847
f 2388/3023/2845 2373/3150/2972 2374/3025/2847
f 2387/3021/2843 2373/3150/2972 2388/3023/2845
f 2197/3157/2979 2173/3158/2980 2172/2917/2739
f 2196/3152/2974 2173/3158/2980 2197/3157/2979
f 2143/3151/2973 2196/3152/2974 2197/3157/2979
f 2174/3153/2975 2173/3158/2980 2196/3152/2974
f 2202/3159/2981 2173/3158/2980 2174/3153/2975
f 2203/3154/2976 2202/3159/2981 2174/3153/2975
f 2239/3160/2982 2202/3159/2981 2203/3154/2976
f 2238/3155/2977 2239/3160/2982 2203/3154/2976
f 2219/3161/2983 2239/3160/2982 2238/3155/2977
f 2220/3156/2978 2219/3161/2983 2238/3155/2977
f 2249/3162/2984 2219/3161/2983 2220/3156/2978
f 2250/2845/2667 2249/3162/2984 2220/3156/2978
f 2265/2846/2668 2249/3162/2984 2250/2845/2667
f 2201/2919/2741 2173/3158/2980 2202/3159/2981
f 2172/2917/2739 2173/3158/2980 2201/2919/2741
f 2240/2921/2743 2202/3159/2981 2239/3160/2982
f 2201/2919/2741 2202/3159/2981 2240/2921/2743
f 2082/2937/2759 2215/3163/2985 2214/2939/2761
f 2242/2931/2753 2215/3163/2985 2082/2937/2759
f 2199/2930/2752 2242/2931/2753 2082/2937/2759
f 2216/2932/2754 2215/3163/2985 2242/2931/2753
f 2245/3164/2986 2215/3163/2985 2216/2932/2754
f 2246/2933/2755 2245/3164/2986 2216/2932/2754
f 2261/3165/2987 2245/3164/2986 2246/2933/2755
f 2262/2934/2756 2261/3165/2987 2246/2933/2755
f 2277/3166/2988 2261/3165/2987 2262/2934/2756
f 2278/2935/2757 2277/3166/2988 2262/2934/2756
f 2293/3167/2989 2277/3166/2988 2278/2935/2757
f 2294/2936/2758 2293/3167/2989 2278/2935/2757
f 2309/3168/2990 2293/3167/2989 2294/2936/2758
f 2310/2849/2671 2309/3168/2990 2294/2936/2758
f 2325/2850/2672 2309/3168/2990 2310/2849/2671
f 2244/3169/2991 2214/2939/2761 2215/3163/2985
f 2243/2941/2763 2214/2939/2761 2244/3169/2991
f 2259/3170/2992 2243/2941/2763 2244/3169/2991
f 2258/2943/2765 2243/2941/2763 2259/3170/2992
f 2274/3171/2993 2258/2943/2765 2259/3170/2992
f 2273/2945/2767 2258/2943/2765 2274/3171/2993
f 2289/3172/2994 2273/2945/2767 2274/3171/2993
f 2288/2947/2769 2273/2945/2767 2289/3172/2994
f 2304/3173/2995 2288/2947/2769 2289/3172/2994
f 2303/2949/2771 2288/2947/2769 2304/3173/2995
f 2319/3174/2996 2303/2949/2771 2304/3173/2995
f 2318/2951/2773 2303/2949/2771 2319/3174/2996
f 2334/3175/2997 2318/2951/2773 2319/3174/2996
f 2333/2953/2775 2318/2951/2773 2334/3175/2997
f 2349/3176/2998 2333/2953/2775 2334/3175/2997
f 2348/2955/2777 2333/2953/2775 2349/3176/2998
f 2363/3177/2999 2348/2955/2777 2349/3176/2998
f 2362/2958/2780 2348/2955/2777 2363/3177/2999
f 2377/3178/3000 2362/2958/2780 2363/3177/2999
f 2376/2960/2782 2362/2958/2780 2377/3178/3000
f 2390/3179/3001 2376/2960/2782 2377/3178/3000
f 2389/2962/2784 2376/2960/2782 2390/3179/3001
f 2402/3180/3002 2389/2962/2784 2390/3179/3001
f 2401/2964/2786 2389/2962/2784 2402/3180/3002
f 2412/2828/2650 2401/2964/2786 2402/3180/3002
f 2411/2830/2652 2401/2964/2786 2412/2828/2650
f 2218/2923/2745 2240/2921/2743 2239/3160/2982
f 2219/3161/2983 2218/2923/2745 2239/3160/2982
f 2248/2925/2747 2218/2923/2745 2219/3161/2983
f 2249/3162/2984 2248/2925/2747 2219/3161/2983
f 2264/2927/2749 2248/2925/2747 2249/3162/2984
f 2265/2846/2668 2264/2927/2749 2249/3162/2984
f 2280/2847/2669 2264/2927/2749 2265/2846/2668
f 2245/3164/2986 2244/3169/2991 2215/3163/2985
f 2260/3181/3003 2244/3169/2991 2245/3164/2986
f 2261/3165/2987 2260/3181/3003 2245/3164/2986
f 2276/3182/3004 2260/3181/3003 2261/3165/2987
f 2277/3166/2988 2276/3182/3004 2261/3165/2987
f 2292/3183/3005 2276/3182/3004 2277/3166/2988
f 2293/3167/2989 2292/3183/3005 2277/3166/2988
f 2308/3184/3006 2292/3183/3005 2293/3167/2989
f 2309/3168/2990 2308/3184/3006 2293/3167/2989
f 2324/3185/3007 2308/3184/3006 2309/3168/2990
f 2325/2850/2672 2324/3185/3007 2309/3168/2990
f 2340/2851/2673 2324/3185/3007 2325/2850/2672
f 2259/3170/2992 2244/3169/2991 2260/3181/3003
f 2275/3186/3008 2259/3170/2992 2260/3181/3003
f 2274/3171/2993 2259/3170/2992 2275/3186/3008
f 2290/3187/3009 2274/3171/2993 2275/3186/3008
f 2289/3172/2994 2274/3171/2993 2290/3187/3009
f 2305/3188/3010 2289/3172/2994 2290/3187/3009
f 2304/3173/2995 2289/3172/2994 2305/3188/3010
f 2320/3189/3011 2304/3173/2995 2305/3188/3010
f 2319/3174/2996 2304/3173/2995 2320/3189/3011
f 2335/3190/3012 2319/3174/2996 2320/3189/3011
f 2334/3175/2997 2319/3174/2996 2335/3190/3012
f 2350/3191/3013 2334/3175/2997 2335/3190/3012
f 2349/3176/2998 2334/3175/2997 2350/3191/3013
f 2364/3192/3014 2349/3176/2998 2350/3191/3013
f 2363/3177/2999 2349/3176/2998 2364/3192/3014
f 2378/3193/3015 2363/3177/2999 2364/3192/3014
f 2377/3178/3000 2363/3177/2999 2378/3193/3015
f 2391/3194/3016 2377/3178/3000 2378/3193/3015
f 2390/3179/3001 2377/3178/3000 2391/3194/3016
f 2403/3195/3017 2390/3179/3001 2391/3194/3016
f 2402/3180/3002 2390/3179/3001 2403/3195/3017
f 2413/2826/2648 2402/3180/3002 2403/3195/3017
f 2412/2828/2650 2402/3180/3002 2413/2826/2648
f 2276/3182/3004 2275/3186/3008 2260/3181/3003
f 2291/3196/3018 2275/3186/3008 2276/3182/3004
f 2292/3183/3005 2291/3196/3018 2276/3182/3004
f 2307/3197/3019 2291/3196/3018 2292/3183/3005
f 2308/3184/3006 2307/3197/3019 2292/3183/3005
f 2323/3198/3020 2307/3197/3019 2308/3184/3006
f 2324/3185/3007 2323/3198/3020 2308/3184/3006
f 2339/3199/3021 2323/3198/3020 2324/3185/3007
f 2340/2851/2673 2339/3199/3021 2324/3185/3007
f 2355/2852/2674 2339/3199/3021 2340/2851/2673
f 2290/3187/3009 2275/3186/3008 2291/3196/3018
f 2306/3200/3022 2290/3187/3009 2291/3196/3018
f 2305/3188/3010 2290/3187/3009 2306/3200/3022
f 2321/3201/3023 2305/3188/3010 2306/3200/3022
f 2320/3189/3011 2305/3188/3010 2321/3201/3023
f 2336/3202/3024 2320/3189/3011 2321/3201/3023
f 2335/3190/3012 2320/3189/3011 2336/3202/3024
f 2351/3203/3025 2335/3190/3012 2336/3202/3024
f 2350/3191/3013 2335/3190/3012 2351/3203/3025
f 2365/3204/3026 2350/3191/3013 2351/3203/3025
f 2364/3192/3014 2350/3191/3013 2365/3204/3026
f 2379/3205/3027 2364/3192/3014 2365/3204/3026
f 2378/3193/3015 2364/3192/3014 2379/3205/3027
f 2392/3206/3028 2378/3193/3015 2379/3205/3027
f 2391/3194/3016 2378/3193/3015 2392/3206/3028
f 2404/3207/3029 2391/3194/3016 2392/3206/3028
f 2403/3195/3017 2391/3194/3016 2404/3207/3029
f 2414/2824/2646 2403/3195/3017 2404/3207/3029
f 2413/2826/2648 2403/3195/3017 2414/2824/2646
f 2307/3197/3019 2306/3200/3022 2291/3196/3018
f 2322/3208/3030 2306/3200/3022 2307/3197/3019
f 2323/3198/3020 2322/3208/3030 2307/3197/3019
f 2338/3209/3031 2322/3208/3030 2323/3198/3020
f 2339/3199/3021 2338/3209/3031 2323/3198/3020
f 2354/3210/3032 2338/3209/3031 2339/3199/3021
f 2355/2852/2674 2354/3210/3032 2339/3199/3021
f 2369/2853/2675 2354/3210/3032 2355/2852/2674
f 2321/3201/3023 2306/3200/3022 2322/3208/3030
f 2337/3211/3033 2321/3201/3023 2322/3208/3030
f 2336/3202/3024 2321/3201/3023 2337/3211/3033
f 2352/3212/3034 2336/3202/3024 2337/3211/3033
f 2351/3203/3025 2336/3202/3024 2352/3212/3034
f 2366/3213/3035 2351/3203/3025 2352/3212/3034
f 2365/3204/3026 2351/3203/3025 2366/3213/3035
f 2380/3214/3036 2365/3204/3026 2366/3213/3035
f 2379/3205/3027 2365/3204/3026 2380/3214/3036
f 2393/3215/3037 2379/3205/3027 2380/3214/3036
f 2392/3206/3028 2379/3205/3027 2393/3215/3037
f 2405/3216/3038 2392/3206/3028 2393/3215/3037
f 2404/3207/3029 2392/3206/3028 2405/3216/3038
f 2415/2822/2644 2404/3207/3029 2405/3216/3038
f 2414/2824/2646 2404/3207/3029 2415/2822/2644
f 2338/3209/3031 2337/3211/3033 2322/3208/3030
f 2353/3217/3039 2337/3211/3033 2338/3209/3031
f 2354/3210/3032 2353/3217/3039 2338/3209/3031
f 2368/3218/3040 2353/3217/3039 2354/3210/3032
f 2369/2853/2675 2368/3218/3040 2354/3210/3032
f 2383/2854/2676 2368/3218/3040 2369/2853/2675
f 2352/3212/3034 2337/3211/3033 2353/3217/3039
f 2367/3219/3041 2352/3212/3034 2353/3217/3039
f 2366/3213/3035 2352/3212/3034 2367/3219/3041
f 2381/3220/3042 2366/3213/3035 2367/3219/3041
f 2380/3214/3036 2366/3213/3035 2381/3220/3042
f 2394/3221/3043 2380/3214/3036 2381/3220/3042
f 2393/3215/3037 2380/3214/3036 2394/3221/3043
f 2406/3222/3044 2393/3215/3037 2394/3221/3043
f 2405/3216/3038 2393/3215/3037 2406/3222/3044
f 2416/2820/2642 2405/3216/3038 2406/3222/3044
f 2415/2822/2644 2405/3216/3038 2416/2820/2642
f 2368/3218/3040 2367/3219/3041 2353/3217/3039
f 2382/3223/3045 2367/3219/3041 2368/3218/3040
f 2383/2854/2676 2382/3223/3045 2368/3218/3040
f 2396/2855/2677 2382/3223/3045 2383/2854/2676
f 2381/3220/3042 2367/3219/3041 2382/3223/3045
f 2395/3224/3046 2381/3220/3042 2382/3223/3045
f 2394/3221/3043 2381/3220/3042 2395/3224/3046
f 2407/3225/3047 2394/3221/3043 2395/3224/3046
f 2406/3222/3044 2394/3221/3043 2407/3225/3047
f 2417/2818/2640 2406/3222/3044 2407/3225/3047
f 2416/2820/2642 2406/3222/3044 2417/2818/2640
f 2395/3224/3046 2396/2855/2677 2408/2856/2678
f 2382/3223/3045 2396/2855/2677 2395/3224/3046
f 2407/3225/3047 2395/3224/3046 2408/2856/2678
f 2407/3225/3047 2408/2856/2678 2418/2816/2638
f 2417/2818/2640 2407/3225/3047 2418/2816/2638
f 2423/2825/2647 2430/3009/2831 2422/2827/2649
f 2431/3016/2838 2430/3009/2831 2423/2825/2647
f 2424/2823/2645 2431/3016/2838 2423/2825/2647
f 2432/3014/2836 2431/3016/2838 2424/2823/2645
f 2425/2821/2643 2432/3014/2836 2424/2823/2645
f 2433/3013/2835 2432/3014/2836 2425/2821/2643
f 2426/2819/2641 2433/3013/2835 2425/2821/2643
f 2434/3012/2834 2433/3013/2835 2426/2819/2641
f 2427/2817/2639 2434/3012/2834 2426/2819/2641
f 2428/3098/2920 2083/2966/2788 2420/2831/2653
f 2446/3226/3048 2083/2966/2788 2428/3098/2920
f 2445/3097/2919 2446/3226/3048 2428/3098/2920
f 2437/3227/3049 2446/3226/3048 2445/3097/2919
f 2438/3096/2918 2437/3227/3049 2445/3097/2919
f 2453/3228/3050 2437/3227/3049 2438/3096/2918
f 2452/3095/2917 2453/3228/3050 2438/3096/2918
f 2084/2976/2798 2453/3228/3050 2452/3095/2917
f 2446/3226/3048 2436/2970/2792 2447/2968/2790
f 2437/3227/3049 2436/2970/2792 2446/3226/3048
f 2454/2972/2794 2437/3227/3049 2453/3228/3050
f 2436/2970/2792 2437/3227/3049 2454/2972/2794
f 2440/3005/2827 2443/3007/2829 2442/3015/2837
f 2440/3005/2827 2442/3015/2837 2441/3004/2826
f 2446/3226/3048 2447/2968/2790 2083/2966/2788
f 2449/2981/2803 2448/3001/2823 2456/2980/2802
f 2457/2999/2821 2448/3001/2823 2449/2981/2803
f 2458/2982/2804 2457/2999/2821 2449/2981/2803
f 2448/3001/2823 2457/2999/2821 2085/2997/2819
f 2451/2974/2796 2454/2972/2794 2453/3228/3050
f 2453/3228/3050 2084/2976/2798 2451/2974/2796
f 2461/3229/3051 2466/2996/2818 2465/2998/2820
f 2460/2994/2816 2466/2996/2818 2461/3229/3051
f 2468/2987/2809 2460/2994/2816 2461/3229/3051
f 2467/2992/2814 2460/2994/2816 2468/2987/2809
f 2469/2989/2811 2467/2992/2814 2468/2987/2809
f 2462/2985/2807 2465/2998/2820 2464/3000/2822
f 2461/3229/3051 2465/2998/2820 2462/2985/2807
f 2468/2987/2809 2461/3229/3051 2462/2985/2807
f 2462/2985/2807 2464/3000/2822 2463/2983/2805
f 2472/3232/3054 2038/3231/3053 2039/3230/3052
f 2037/3233/3055 2038/3231/3053 2472/3232/3054
f 2036/3234/3056 2037/3233/3055 2472/3232/3054
f 2472/3232/3054 2035/3235/3057 2036/3234/3056
f 895/3236/3058 2035/3235/3057 2472/3232/3054
f 903/3237/3059 895/3236/3058 2472/3232/3054
f 894/3238/3060 895/3236/3058 903/3237/3059
f 893/3239/3061 894/3238/3060 903/3237/3059
f 895/3236/3058 2034/3240/3062 2035/3235/3057
f 2033/3241/3063 2034/3240/3062 895/3236/3058
f 2032/3242/3064 2033/3241/3063 895/3236/3058
f 895/3236/3058 2031/3243/3065 2032/3242/3064
f 2030/3244/3066 2031/3243/3065 895/3236/3058
f 988/3245/3067 2030/3244/3066 895/3236/3058
f 2029/3246/3068 2030/3244/3066 988/3245/3067
f 2028/3247/3069 2029/3246/3068 988/3245/3067
f 2470/3248/3070 2028/3247/3069 988/3245/3067
f 2027/3249/3071 2028/3247/3069 2470/3248/3070
f 2026/3250/3072 2027/3249/3071 2470/3248/3070
f 2470/3248/3070 2025/3251/3073 2026/3250/3072
f 2024/3252/3074 2025/3251/3073 2470/3248/3070
f 2023/3253/3075 2024/3252/3074 2470/3248/3070
f 2470/3248/3070 2022/3254/3076 2023/3253/3075
f 2021/3255/3077 2022/3254/3076 2470/3248/3070
f 1416/3256/3078 2021/3255/3077 2470/3248/3070
f 2020/3257/3079 2021/3255/3077 1416/3256/3078
f 1417/3258/3080 2020/3257/3079 1416/3256/3078
f 988/3245/3067 2471/3259/3081 2470/3248/3070
f 903/3237/3059 892/3260/3082 893/3239/3061
f 891/3261/3083 892/3260/3082 903/3237/3059
f 890/3262/3084 891/3261/3083 903/3237/3059
f 903/3237/3059 889/3263/3085 890/3262/3084
f 888/3264/3086 889/3263/3085 903/3237/3059
f 887/3265/3087 888/3264/3086 903/3237/3059
f 903/3237/3059 886/3266/3088 887/3265/3087
f 885/3267/3089 886/3266/3088 903/3237/3059
f 884/3268/3090 885/3267/3089 903/3237/3059
f 2479/3271/3093 1884/3270/3092 1885/3269/3091
f 1883/3272/3094 1884/3270/3092 2479/3271/3093
f 2478/3273/3095 1883/3272/3094 2479/3271/3093
f 1882/3274/3096 1883/3272/3094 2478/3273/3095
f 1881/3275/3097 1882/3274/3096 2478/3273/3095
f 2478/3273/3095 1880/3276/3098 1881/3275/3097
f 1879/3277/3099 1880/3276/3098 2478/3273/3095
f 1878/3278/3100 1879/3277/3099 2478/3273/3095
f 2477/3279/3101 1878/3278/3100 2478/3273/3095
f 1877/3280/3102 1878/3278/3100 2477/3279/3101
f 1986/3281/3103 1877/3280/3102 2477/3279/3101
f 2476/3282/3104 1986/3281/3103 2477/3279/3101
f 1985/3283/3105 1986/3281/3103 2476/3282/3104
f 2475/3284/3106 1985/3283/3105 2476/3282/3104
f 1984/3285/3107 1985/3283/3105 2475/3284/3106
f 2474/3286/3108 1984/3285/3107 2475/3284/3106
f 1983/3287/3109 1984/3285/3107 2474/3286/3108
f 2473/3288/3110 1983/3287/3109 2474/3286/3108
f 1391/3291/3113 1904/3290/3112 1390/3289/3111
f 1903/3292/3114 1904/3290/3112 1391/3291/3113
f 2481/3293/3115 1903/3292/3114 1391/3291/3113
f 1902/3294/3116 1903/3292/3114 2481/3293/3115
f 1901/3295/3117 1902/3294/3116 2481/3293/3115
f 2481/3293/3115 1900/3296/3118 1901/3295/3117
f 1899/3297/3119 1900/3296/3118 2481/3293/3115
f 1898/3298/3120 1899/3297/3119 2481/3293/3115
f 2481/3293/3115 1897/3299/3121 1898/3298/3120
f 1896/3300/3122 1897/3299/3121 2481/3293/3115
f 989/3301/3123 1896/3300/3122 2481/3293/3115
f 1895/3302/3124 1896/3300/3122 989/3301/3123
f 1894/3303/3125 1895/3302/3124 989/3301/3123
f 977/3304/3126 1894/3303/3125 989/3301/3123
f 1893/3305/3127 1894/3303/3125 977/3304/3126
f 1892/3306/3128 1893/3305/3127 977/3304/3126
f 977/3304/3126 1891/3307/3129 1892/3306/3128
f 1890/3308/3130 1891/3307/3129 977/3304/3126
f 1889/3309/3131 1890/3308/3130 977/3304/3126
f 2479/3310/3093 1889/3309/3131 977/3304/3126
f 1888/3311/3132 1889/3309/3131 2479/3310/3093
f 1887/3312/3133 1888/3311/3132 2479/3310/3093
f 2479/3310/3093 1886/3313/3134 1887/3312/3133
f 1885/3314/3091 1886/3313/3134 2479/3310/3093
f 977/3304/3126 902/3315/3135 2479/3310/3093
f 978/3316/3136 902/3315/3135 977/3304/3126
f 979/3317/3137 902/3315/3135 978/3316/3136
f 980/3318/3138 902/3315/3135 979/3317/3137
f 981/3319/3139 902/3315/3135 980/3318/3138
f 982/3320/3140 902/3315/3135 981/3319/3139
f 983/3321/3141 902/3315/3135 982/3320/3140
f 984/3322/3142 902/3315/3135 983/3321/3141
f 985/3323/3143 902/3315/3135 984/3322/3142
f 986/3324/3144 902/3315/3135 985/3323/3143
f 987/3325/3145 902/3315/3135 986/3324/3144
f 901/3326/3146 902/3315/3135 987/3325/3145
f 2481/3293/3115 2480/3327/3147 989/3301/3123
f 2483/3330/3150 1966/3329/3149 1967/3328/3148
f 2046/3331/3151 1966/3329/3149 2483/3330/3150
f 2045/3332/3152 2046/3331/3151 2483/3330/3150
f 2483/3330/3150 2044/3333/3153 2045/3332/3152
f 2482/3334/3154 2044/3333/3153 2483/3330/3150
f 2043/3335/3155 2044/3333/3153 2482/3334/3154
f 2042/3336/3156 2043/3335/3155 2482/3334/3154
f 2482/3334/3154 2041/3337/3157 2042/3336/3156
f 2040/3338/3158 2041/3337/3157 2482/3334/3154
f 2472/3339/3054 2040/3338/3158 2482/3334/3154
f 2039/3340/3052 2040/3338/3158 2472/3339/3054
f 1967/3328/3148 2484/3341/3159 2483/3330/3150
f 1968/3342/3160 2484/3341/3159 1967/3328/3148
f 2485/3343/3161 2484/3341/3159 1968/3342/3160
f 1969/3344/3162 2485/3343/3161 1968/3342/3160
f 2486/3345/3163 2485/3343/3161 1969/3344/3162
f 1970/3346/3164 2486/3345/3163 1969/3344/3162
f 2487/3347/3165 2486/3345/3163 1970/3346/3164
f 1970/3350/3164 2488/3349/3166 2487/3348/3165
f 1971/3351/3167 2488/3349/3166 1970/3350/3164
f 1972/3354/3168 2488/3353/3166 1971/3352/3167
f 2489/3355/3169 2488/3353/3166 1972/3354/3168
f 1973/3356/3170 2489/3355/3169 1972/3354/3168
f 2490/3357/3171 2489/3355/3169 1973/3356/3170
f 1974/3358/3172 2490/3357/3171 1973/3356/3170
f 2491/3359/3173 2490/3357/3171 1974/3358/3172
f 1975/3360/3174 2491/3359/3173 1974/3358/3172
f 2492/3361/3175 2491/3359/3173 1975/3360/3174
f 1976/3362/3176 2492/3361/3175 1975/3360/3174
f 2493/3363/3177 2492/3361/3175 1976/3362/3176
f 1977/3364/3178 2493/3363/3177 1976/3362/3176
f 2494/3365/3179 2493/3363/3177 1977/3364/3178
f 1978/3366/3180 2494/3365/3179 1977/3364/3178
f 2495/3367/3181 2494/3365/3179 1978/3366/3180
f 1979/3368/3182 2495/3367/3181 1978/3366/3180
f 2496/3369/3183 2495/3367/3181 1979/3368/3182
f 1980/3370/3184 2496/3369/3183 1979/3368/3182
f 2497/3371/3185 2496/3369/3183 1980/3370/3184
f 1981/3372/3186 2497/3371/3185 1980/3370/3184
f 2498/3373/3187 2497/3371/3185 1981/3372/3186
f 1982/3374/3188 2498/3373/3187 1981/3372/3186
f 2499/3375/3189 2498/3373/3187 1982/3374/3188
f 1411/3378/3192 2500/3377/3191 1410/3376/3190
f 2501/3379/3193 2500/3377/3191 1411/3378/3192
f 1412/3380/3194 2501/3379/3193 1411/3378/3192
f 2502/3381/3195 2501/3379/3193 1412/3380/3194
f 1413/3382/3196 2502/3381/3195 1412/3380/3194
f 2503/3383/3197 2502/3381/3195 1413/3382/3196
f 1414/3384/3198 2503/3383/3197 1413/3382/3196
f 2504/3385/3199 2503/3383/3197 1414/3384/3198
f 1415/3386/3200 2504/3385/3199 1414/3384/3198
f 2505/3387/3201 2504/3385/3199 1415/3386/3200
f 1416/3388/3078 2505/3387/3201 1415/3386/3200
f 2470/3389/3070 2505/3387/3201 1416/3388/3078
f 1392/3392/3202 2481/3391/3115 1391/3390/3113
f 2506/3393/3203 2481/3391/3115 1392/3392/3202
f 1393/3394/3204 2506/3393/3203 1392/3392/3202
f 2507/3395/3205 2506/3393/3203 1393/3394/3204
f 1394/3396/3206 2507/3395/3205 1393/3394/3204
f 2508/3397/3207 2507/3395/3205 1394/3396/3206
f 1395/3398/3208 2508/3397/3207 1394/3396/3206
f 2509/3399/3209 2508/3397/3207 1395/3398/3208
f 1396/3400/3210 2509/3399/3209 1395/3398/3208
f 2510/3401/3211 2509/3399/3209 1396/3400/3210
f 1397/3402/3212 2510/3401/3211 1396/3400/3210
f 2511/3403/3213 2510/3401/3211 1397/3402/3212
f 1397/3406/3212 2512/3405/3214 2511/3404/3213
f 1398/3407/3215 2512/3405/3214 1397/3406/3212
f 1399/3410/3216 2512/3409/3214 1398/3408/3215
f 2513/3411/3217 2512/3409/3214 1399/3410/3216
f 1400/3412/3218 2513/3411/3217 1399/3410/3216
f 2514/3413/3219 2513/3411/3217 1400/3412/3218
f 1401/3414/3220 2514/3413/3219 1400/3412/3218
f 2515/3415/3221 2514/3413/3219 1401/3414/3220
f 1402/3416/3222 2515/3415/3221 1401/3414/3220
f 2516/3417/3223 2515/3415/3221 1402/3416/3222
f 1403/3418/3224 2516/3417/3223 1402/3416/3222
f 2517/3419/3225 2516/3417/3223 1403/3418/3224
f 1404/3420/3226 2517/3419/3225 1403/3418/3224
f 2518/3421/3227 2517/3419/3225 1404/3420/3226
f 1405/3422/3228 2518/3421/3227 1404/3420/3226
f 2519/3423/3229 2518/3421/3227 1405/3422/3228
f 1406/3424/3230 2519/3423/3229 1405/3422/3228
f 2520/3425/3231 2519/3423/3229 1406/3424/3230
f 1407/3426/3232 2520/3425/3231 1406/3424/3230
f 2521/3427/3233 2520/3425/3231 1407/3426/3232
f 1408/3428/3234 2521/3427/3233 1407/3426/3232
f 2522/3429/3235 2521/3427/3233 1408/3428/3234
f 1409/3430/3236 2522/3429/3235 1408/3428/3234
f 2523/3431/3237 2522/3429/3235 1409/3430/3236
f 988/3434/3240 2480/3433/3239 2471/3432/3238
f 989/3435/3241 2480/3433/3239 988/3434/3240
f 1905/3438/3244 2553/3437/3243 1934/3436/3242
f 2524/3439/3245 2553/3437/3243 1905/3438/3244
f 1906/3442/3246 2524/3441/3245 1905/3440/3244
f 2525/3443/3247 2524/3441/3245 1906/3442/3246
f 1907/3444/3248 2525/3443/3247 1906/3442/3246
f 2526/3445/3249 2525/3443/3247 1907/3444/3248
f 1908/3446/3250 2526/3445/3249 1907/3444/3248
f 2527/3447/3251 2526/3445/3249 1908/3446/3250
f 1909/3448/3252 2527/3447/3251 1908/3446/3250
f 2528/3449/3253 2527/3447/3251 1909/3448/3252
f 1910/3450/3254 2528/3449/3253 1909/3448/3252
f 2529/3451/3255 2528/3449/3253 1910/3450/3254
f 1911/3452/3256 2529/3451/3255 1910/3450/3254
f 2530/3453/3257 2529/3451/3255 1911/3452/3256
f 1912/3454/3258 2530/3453/3257 1911/3452/3256
f 2531/3455/3259 2530/3453/3257 1912/3454/3258
f 1913/3456/3260 2531/3455/3259 1912/3454/3258
f 2532/3457/3261 2531/3455/3259 1913/3456/3260
f 1914/3458/3262 2532/3457/3261 1913/3456/3260
f 2533/3459/3263 2532/3457/3261 1914/3458/3262
f 1915/3460/3264 2533/3459/3263 1914/3458/3262
f 2534/3461/3265 2533/3459/3263 1915/3460/3264
f 1916/3462/3266 2534/3461/3265 1915/3460/3264
f 2535/3463/3267 2534/3461/3265 1916/3462/3266
f 1917/3464/3268 2535/3463/3267 1916/3462/3266
f 2536/3465/3269 2535/3463/3267 1917/3464/3268
f 1918/3466/3270 2536/3465/3269 1917/3464/3268
f 2537/3467/3271 2536/3465/3269 1918/3466/3270
f 1919/3468/3272 2537/3467/3271 1918/3466/3270
f 2538/3469/3273 2537/3467/3271 1919/3468/3272
f 1920/3470/3274 2538/3469/3273 1919/3468/3272
f 2539/3471/3275 2538/3469/3273 1920/3470/3274
f 1921/3472/3276 2539/3471/3275 1920/3470/3274
f 2540/3473/3277 2539/3471/3275 1921/3472/3276
f 1922/3474/3278 2540/3473/3277 1921/3472/3276
f 2541/3475/3279 2540/3473/3277 1922/3474/3278
f 1923/3476/3280 2541/3475/3279 1922/3474/3278
f 2542/3477/3281 2541/3475/3279 1923/3476/3280
f 1924/3478/3282 2542/3477/3281 1923/3476/3280
f 2543/3479/3283 2542/3477/3281 1924/3478/3282
f 1925/3480/3284 2543/3479/3283 1924/3478/3282
f 2544/3481/3285 2543/3479/3283 1925/3480/3284
f 1926/3482/3286 2544/3481/3285 1925/3480/3284
f 2545/3483/3287 2544/3481/3285 1926/3482/3286
f 1927/3484/3288 2545/3483/3287 1926/3482/3286
f 2546/3485/3289 2545/3483/3287 1927/3484/3288
f 1928/3486/3290 2546/3485/3289 1927/3484/3288
f 2547/3487/3291 2546/3485/3289 1928/3486/3290
f 1929/3488/3292 2547/3487/3291 1928/3486/3290
f 2548/3489/3293 2547/3487/3291 1929/3488/3292
f 1930/3490/3294 2548/3489/3293 1929/3488/3292
f 2549/3491/3295 2548/3489/3293 1930/3490/3294
f 1931/3492/3296 2549/3491/3295 1930/3490/3294
f 2550/3493/3297 2549/3491/3295 1931/3492/3296
f 1932/3494/3298 2550/3493/3297 1931/3492/3296
f 2551/3495/3299 2550/3493/3297 1932/3494/3298
f 1933/3496/3300 2551/3495/3299 1932/3494/3298
f 2552/3497/3301 2551/3495/3299 1933/3496/3300
f 1934/3436/3242 2552/3497/3301 1933/3496/3300
f 2553/3437/3243 2552/3497/3301 1934/3436/3242
f 2554/3500/3304 2525/3499/3303 2555/3498/3302
f 2524/3501/3305 2525/3499/3303 2554/3500/3304
f 2553/3502/3306 2524/3501/3305 2554/3500/3304
f 2526/3503/3307 2555/3498/3302 2525/3499/3303
f 2556/3504/3308 2555/3498/3302 2526/3503/3307
f 2527/3505/3309 2556/3504/3308 2526/3503/3307
f 2557/3506/3310 2556/3504/3308 2527/3505/3309
f 2528/3507/3311 2557/3506/3310 2527/3505/3309
f 2558/3508/3312 2557/3506/3310 2528/3507/3311
f 2529/3509/3313 2558/3508/3312 2528/3507/3311
f 2530/3510/3314 2558/3508/3312 2529/3509/3313
f 2559/3511/3315 2558/3508/3312 2530/3510/3314
f 2531/3512/3316 2559/3511/3315 2530/3510/3314
f 2560/3513/3317 2559/3511/3315 2531/3512/3316
f 2532/3514/3318 2560/3513/3317 2531/3512/3316
f 2561/3515/3319 2560/3513/3317 2532/3514/3318
f 2533/3516/3320 2561/3515/3319 2532/3514/3318
f 2562/3517/3321 2561/3515/3319 2533/3516/3320
f 2534/3518/3322 2562/3517/3321 2533/3516/3320
f 2535/3519/3323 2562/3517/3321 2534/3518/3322
f 2563/3520/3324 2562/3517/3321 2535/3519/3323
f 2536/3521/3325 2563/3520/3324 2535/3519/3323
f 2564/3522/3326 2563/3520/3324 2536/3521/3325
f 2537/3523/3327 2564/3522/3326 2536/3521/3325
f 2565/3524/3328 2564/3522/3326 2537/3523/3327
f 2538/3525/3329 2565/3524/3328 2537/3523/3327
f 2566/3526/3330 2565/3524/3328 2538/3525/3329
f 2539/3527/3331 2566/3526/3330 2538/3525/3329
f 2540/3528/3332 2566/3526/3330 2539/3527/3331
f 2567/3529/3333 2566/3526/3330 2540/3528/3332
f 2541/3530/3334 2567/3529/3333 2540/3528/3332
f 2568/3531/3335 2567/3529/3333 2541/3530/3334
f 2542/3532/3336 2568/3531/3335 2541/3530/3334
f 2569/3533/3337 2568/3531/3335 2542/3532/3336
f 2543/3534/3338 2569/3533/3337 2542/3532/3336
f 2570/3535/3339 2569/3533/3337 2543/3534/3338
f 2544/3536/3340 2570/3535/3339 2543/3534/3338
f 2545/3537/3341 2570/3535/3339 2544/3536/3340
f 2571/3538/3342 2570/3535/3339 2545/3537/3341
f 2546/3539/3343 2571/3538/3342 2545/3537/3341
f 2572/3540/3344 2571/3538/3342 2546/3539/3343
f 2547/3541/3345 2572/3540/3344 2546/3539/3343
f 2573/3542/3346 2572/3540/3344 2547/3541/3345
f 2548/3543/3347 2573/3542/3346 2547/3541/3345
f 2574/3544/3348 2573/3542/3346 2548/3543/3347
f 2549/3545/3349 2574/3544/3348 2548/3543/3347
f 2550/3546/3350 2574/3544/3348 2549/3545/3349
f 2575/3547/3351 2574/3544/3348 2550/3546/3350
f 2551/3548/3352 2575/3547/3351 2550/3546/3350
f 2576/3549/3353 2575/3547/3351 2551/3548/3352
f 2552/3550/3354 2576/3549/3353 2551/3548/3352
f 2577/3551/3355 2576/3549/3353 2552/3550/3354
f 2553/3502/3306 2577/3551/3355 2552/3550/3354
f 2554/3500/3304 2577/3551/3355 2553/3502/3306
f 1935/3554/3358 2607/3553/3357 1964/3552/3356
f 2578/3555/3359 2607/3553/3357 1935/3554/3358
f 1936/3558/3360 2578/3557/3359 1935/3556/3358
f 2579/3559/3361 2578/3557/3359 1936/3558/3360
f 1937/3560/3362 2579/3559/3361 1936/3558/3360
f 2580/3561/3363 2579/3559/3361 1937/3560/3362
f 1938/3562/3364 2580/3561/3363 1937/3560/3362
f 2581/3563/3365 2580/3561/3363 1938/3562/3364
f 1939/3564/3366 2581/3563/3365 1938/3562/3364
f 2582/3565/3367 2581/3563/3365 1939/3564/3366
f 1940/3566/3368 2582/3565/3367 1939/3564/3366
f 2583/3567/3369 2582/3565/3367 1940/3566/3368
f 1941/3568/3370 2583/3567/3369 1940/3566/3368
f 2584/3569/3371 2583/3567/3369 1941/3568/3370
f 1942/3570/3372 2584/3569/3371 1941/3568/3370
f 2585/3571/3373 2584/3569/3371 1942/3570/3372
f 1943/3572/3374 2585/3571/3373 1942/3570/3372
f 2586/3573/3375 2585/3571/3373 1943/3572/3374
f 1944/3574/3376 2586/3573/3375 1943/3572/3374
f 2587/3575/3377 2586/3573/3375 1944/3574/3376
f 1945/3576/3378 2587/3575/3377 1944/3574/3376
f 2588/3577/3379 2587/3575/3377 1945/3576/3378
f 1946/3578/3380 2588/3577/3379 1945/3576/3378
f 2589/3579/3381 2588/3577/3379 1946/3578/3380
f 1947/3580/3382 2589/3579/3381 1946/3578/3380
f 2590/3581/3383 2589/3579/3381 1947/3580/3382
f 1948/3582/3384 2590/3581/3383 1947/3580/3382
f 2591/3583/3385 2590/3581/3383 1948/3582/3384
f 1949/3584/3386 2591/3583/3385 1948/3582/3384
f 2592/3585/3387 2591/3583/3385 1949/3584/3386
f 1950/3586/3388 2592/3585/3387 1949/3584/3386
f 2593/3587/3389 2592/3585/3387 1950/3586/3388
f 1951/3588/3390 2593/3587/3389 1950/3586/3388
f 2594/3589/3391 2593/3587/3389 1951/3588/3390
f 1952/3590/3392 2594/3589/3391 1951/3588/3390
f 2595/3591/3393 2594/3589/3391 1952/3590/3392
f 1953/3592/3394 2595/3591/3393 1952/3590/3392
f 2596/3593/3395 2595/3591/3393 1953/3592/3394
f 1954/3594/3396 2596/3593/3395 1953/3592/3394
f 2597/3595/3397 2596/3593/3395 1954/3594/3396
f 1955/3596/3398 2597/3595/3397 1954/3594/3396
f 2598/3597/3399 2597/3595/3397 1955/3596/3398
f 1956/3598/3400 2598/3597/3399 1955/3596/3398
f 2599/3599/3401 2598/3597/3399 1956/3598/3400
f 1957/3600/3402 2599/3599/3401 1956/3598/3400
f 2600/3601/3403 2599/3599/3401 1957/3600/3402
f 1958/3602/3404 2600/3601/3403 1957/3600/3402
f 2601/3603/3405 2600/3601/3403 1958/3602/3404
f 1959/3604/3406 2601/3603/3405 1958/3602/3404
f 2602/3605/3407 2601/3603/3405 1959/3604/3406
f 1960/3606/3408 2602/3605/3407 1959/3604/3406
f 2603/3607/3409 2602/3605/3407 1960/3606/3408
f 1961/3608/3410 2603/3607/3409 1960/3606/3408
f 2604/3609/3411 2603/3607/3409 1961/3608/3410
f 1962/3610/3412 2604/3609/3411 1961/3608/3410
f 2605/3611/3413 2604/3609/3411 1962/3610/3412
f 1963/3612/3414 2605/3611/3413 1962/3610/3412
f 2606/3613/3415 2605/3611/3413 1963/3612/3414
f 1964/3552/3356 2606/3613/3415 1963/3612/3414
f 2607/3553/3357 2606/3613/3415 1964/3552/3356
f 2608/3616/3418 2579/3615/3417 2609/3614/3416
f 2578/3617/3419 2579/3615/3417 2608/3616/3418
f 2607/3618/3420 2578/3617/3419 2608/3616/3418
f 2580/3619/3421 2609/3614/3416 2579/3615/3417
f 2610/3620/3422 2609/3614/3416 2580/3619/3421
f 2581/3621/3423 2610/3620/3422 2580/3619/3421
f 2611/3622/3424 2610/3620/3422 2581/3621/3423
f 2582/3623/3425 2611/3622/3424 2581/3621/3423
f 2612/3624/3426 2611/3622/3424 2582/3623/3425
f 2583/3625/3427 2612/3624/3426 2582/3623/3425
f 2584/3626/3428 2612/3624/3426 2583/3625/3427
f 2613/3627/3429 2612/3624/3426 2584/3626/3428
f 2585/3628/3430 2613/3627/3429 2584/3626/3428
f 2614/3629/3431 2613/3627/3429 2585/3628/3430
f 2586/3630/3432 2614/3629/3431 2585/3628/3430
f 2615/3631/3433 2614/3629/3431 2586/3630/3432
f 2587/3632/3434 2615/3631/3433 2586/3630/3432
f 2616/3633/3435 2615/3631/3433 2587/3632/3434
f 2588/3634/3436 2616/3633/3435 2587/3632/3434
f 2589/3635/3437 2616/3633/3435 2588/3634/3436
f 2617/3636/3438 2616/3633/3435 2589/3635/3437
f 2590/3637/3439 2617/3636/3438 2589/3635/3437
f 2618/3638/3440 2617/3636/3438 2590/3637/3439
f 2591/3639/3441 2618/3638/3440 2590/3637/3439
f 2619/3640/3442 2618/3638/3440 2591/3639/3441
f 2592/3641/3443 2619/3640/3442 2591/3639/3441
f 2620/3642/3444 2619/3640/3442 2592/3641/3443
f 2593/3643/3445 2620/3642/3444 2592/3641/3443
f 2594/3644/3446 2620/3642/3444 2593/3643/3445
f 2621/3645/3447 2620/3642/3444 2594/3644/3446
f 2595/3646/3448 2621/3645/3447 2594/3644/3446
f 2622/3647/3449 2621/3645/3447 2595/3646/3448
f 2596/3648/3450 2622/3647/3449 2595/3646/3448
f 2623/3649/3451 2622/3647/3449 2596/3648/3450
f 2597/3650/3452 2623/3649/3451 2596/3648/3450
f 2624/3651/3453 2623/3649/3451 2597/3650/3452
f 2598/3652/3454 2624/3651/3453 2597/3650/3452
f 2599/3653/3455 2624/3651/3453 2598/3652/3454
f 2625/3654/3456 2624/3651/3453 2599/3653/3455
f 2600/3655/3457 2625/3654/3456 2599/3653/3455
f 2626/3656/3458 2625/3654/3456 2600/3655/3457
f 2601/3657/3459 2626/3656/3458 2600/3655/3457
f 2627/3658/3460 2626/3656/3458 2601/3657/3459
f 2602/3659/3461 2627/3658/3460 2601/3657/3459
f 2628/3660/3462 2627/3658/3460 2602/3659/3461
f 2603/3661/3463 2628/3660/3462 2602/3659/3461
f 2604/3662/3464 2628/3660/3462 2603/3661/3463
f 2629/3663/3465 2628/3660/3462 2604/3662/3464
f 2605/3664/3466 2629/3663/3465 2604/3662/3464
f 2630/3665/3467 2629/3663/3465 2605/3664/3466
f 2606/3666/3468 2630/3665/3467 2605/3664/3466
f 2631/3667/3469 2630/3665/3467 2606/3666/3468
f 2607/3618/3420 2631/3667/3469 2606/3666/3468
f 2608/3616/3418 2631/3667/3469 2607/3618/3420
f 1360/3670/3472 2661/3669/3471 1389/3668/3470
f 2632/3671/3473 2661/3669/3471 1360/3670/3472
f 1361/3674/3474 2632/3673/3473 1360/3672/3472
f 2633/3675/3475 2632/3673/3473 1361/3674/3474
f 1362/3676/3476 2633/3675/3475 1361/3674/3474
f 2634/3677/3477 2633/3675/3475 1362/3676/3476
f 1363/3678/3478 2634/3677/3477 1362/3676/3476
f 2635/3679/3479 2634/3677/3477 1363/3678/3478
f 1364/3680/3480 2635/3679/3479 1363/3678/3478
f 2636/3681/3481 2635/3679/3479 1364/3680/3480
f 1365/3682/3482 2636/3681/3481 1364/3680/3480
f 2637/3683/3483 2636/3681/3481 1365/3682/3482
f 1366/3684/3484 2637/3683/3483 1365/3682/3482
f 2638/3685/3485 2637/3683/3483 1366/3684/3484
f 1367/3686/3486 2638/3685/3485 1366/3684/3484
f 2639/3687/3487 2638/3685/3485 1367/3686/3486
f 1368/3688/3488 2639/3687/3487 1367/3686/3486
f 2640/3689/3489 2639/3687/3487 1368/3688/3488
f 1369/3690/3490 2640/3689/3489 1368/3688/3488
f 2641/3691/3491 2640/3689/3489 1369/3690/3490
f 1370/3692/3492 2641/3691/3491 1369/3690/3490
f 2642/3693/3493 2641/3691/3491 1370/3692/3492
f 1371/3694/3494 2642/3693/3493 1370/3692/3492
f 2643/3695/3495 2642/3693/3493 1371/3694/3494
f 1372/3696/3496 2643/3695/3495 1371/3694/3494
f 2644/3697/3497 2643/3695/3495 1372/3696/3496
f 1373/3698/3498 2644/3697/3497 1372/3696/3496
f 2645/3699/3499 2644/3697/3497 1373/3698/3498
f 1374/3700/3500 2645/3699/3499 1373/3698/3498
f 2646/3701/3501 2645/3699/3499 1374/3700/3500
f 1375/3702/3502 2646/3701/3501 1374/3700/3500
f 2647/3703/3503 2646/3701/3501 1375/3702/3502
f 1376/3704/3504 2647/3703/3503 1375/3702/3502
f 2648/3705/3505 2647/3703/3503 1376/3704/3504
f 1377/3706/3506 2648/3705/3505 1376/3704/3504
f 2649/3707/3507 2648/3705/3505 1377/3706/3506
f 1378/3708/3508 2649/3707/3507 1377/3706/3506
f 2650/3709/3509 2649/3707/3507 1378/3708/3508
f 1379/3710/3510 2650/3709/3509 1378/3708/3508
f 2651/3711/3511 2650/3709/3509 1379/3710/3510
f 1380/3712/3512 2651/3711/3511 1379/3710/3510
f 2652/3713/3513 2651/3711/3511 1380/3712/3512
f 1381/3714/3514 2652/3713/3513 1380/3712/3512
f 2653/3715/3515 2652/3713/3513 1381/3714/3514
f 1382/3716/3516 2653/3715/3515 1381/3714/3514
f 2654/3717/3517 2653/3715/3515 1382/3716/3516
f 1383/3718/3518 2654/3717/3517 1382/3716/3516
f 2655/3719/3519 2654/3717/3517 1383/3718/3518
f 1384/3720/3520 2655/3719/3519 1383/3718/3518
f 2656/3721/3521 2655/3719/3519 1384/3720/3520
f 1385/3722/3522 2656/3721/3521 1384/3720/3520
f 2657/3723/3523 2656/3721/3521 1385/3722/3522
f 1386/3724/3524 2657/3723/3523 1385/3722/3522
f 2658/3725/3525 2657/3723/3523 1386/3724/3524
f 1387/3726/3526 2658/3725/3525 1386/3724/3524
f 2659/3727/3527 2658/3725/3525 1387/3726/3526
f 1388/3728/3528 2659/3727/3527 1387/3726/3526
f 2660/3729/3529 2659/3727/3527 1388/3728/3528
f 1389/3668/3470 2660/3729/3529 1388/3728/3528
f 2661/3669/3471 2660/3729/3529 1389/3668/3470
f 2662/3732/3532 2633/3731/3531 2663/3730/3530
f 2632/3733/3533 2633/3731/3531 2662/3732/3532
f 2661/3734/3534 2632/3733/3533 2662/3732/3532
f 2634/3735/3535 2663/3730/3530 2633/3731/3531
f 2664/3736/3536 2663/3730/3530 2634/3735/3535
f 2635/3737/3537 2664/3736/3536 2634/3735/3535
f 2665/3738/3538 2664/3736/3536 2635/3737/3537
f 2636/3739/3539 2665/3738/3538 2635/3737/3537
f 2666/3740/3540 2665/3738/3538 2636/3739/3539
f 2637/3741/3541 2666/3740/3540 2636/3739/3539
f 2638/3742/3542 2666/3740/3540 2637/3741/3541
f 2667/3743/3543 2666/3740/3540 2638/3742/3542
f 2639/3744/3544 2667/3743/3543 2638/3742/3542
f 2668/3745/3545 2667/3743/3543 2639/3744/3544
f 2640/3746/3546 2668/3745/3545 2639/3744/3544
f 2669/3747/3547 2668/3745/3545 2640/3746/3546
f 2641/3748/3548 2669/3747/3547 2640/3746/3546
f 2670/3749/3549 2669/3747/3547 2641/3748/3548
f 2642/3750/3550 2670/3749/3549 2641/3748/3548
f 2643/3751/3551 2670/3749/3549 2642/3750/3550
f 2671/3752/3552 2670/3749/3549 2643/3751/3551
f 2644/3753/3553 2671/3752/3552 2643/3751/3551
f 2672/3754/3554 2671/3752/3552 2644/3753/3553
f 2645/3755/3555 2672/3754/3554 2644/3753/3553
f 2673/3756/3556 2672/3754/3554 2645/3755/3555
f 2646/3757/3557 2673/3756/3556 2645/3755/3555
f 2674/3758/3558 2673/3756/3556 2646/3757/3557
f 2647/3759/3559 2674/3758/3558 2646/3757/3557
f 2648/3760/3560 2674/3758/3558 2647/3759/3559
f 2675/3761/3561 2674/3758/3558 2648/3760/3560
f 2649/3762/3562 2675/3761/3561 2648/3760/3560
f 2676/3763/3563 2675/3761/3561 2649/3762/3562
f 2650/3764/3564 2676/3763/3563 2649/3762/3562
f 2677/3765/3565 2676/3763/3563 2650/3764/3564
f 2651/3766/3566 2677/3765/3565 2650/3764/3564
f 2678/3767/3567 2677/3765/3565 2651/3766/3566
f 2652/3768/3568 2678/3767/3567 2651/3766/3566
f 2653/3769/3569 2678/3767/3567 2652/3768/3568
f 2679/3770/3570 2678/3767/3567 2653/3769/3569
f 2654/3771/3571 2679/3770/3570 2653/3769/3569
f 2680/3772/3572 2679/3770/3570 2654/3771/3571
f 2655/3773/3573 2680/3772/3572 2654/3771/3571
f 2681/3774/3574 2680/3772/3572 2655/3773/3573
f 2656/3775/3575 2681/3774/3574 2655/3773/3573
f 2682/3776/3576 2681/3774/3574 2656/3775/3575
f 2657/3777/3577 2682/3776/3576 2656/3775/3575
f 2658/3778/3578 2682/3776/3576 2657/3777/3577
f 2683/3779/3579 2682/3776/3576 2658/3778/3578
f 2659/3780/3580 2683/3779/3579 2658/3778/3578
f 2684/3781/3581 2683/3779/3579 2659/3780/3580
f 2660/3782/3582 2684/3781/3581 2659/3780/3580
f 2685/3783/3583 2684/3781/3581 2660/3782/3582
f 2661/3734/3534 2685/3783/3583 2660/3782/3582
f 2662/3732/3532 2685/3783/3583 2661/3734/3534
f 1330/3786/3586 2715/3785/3585 1359/3784/3584
f 2686/3787/3587 2715/3785/3585 1330/3786/3586
f 1331/3790/3588 2686/3789/3587 1330/3788/3586
f 2687/3791/3589 2686/3789/3587 1331/3790/3588
f 1332/3792/3590 2687/3791/3589 1331/3790/3588
f 2688/3793/3591 2687/3791/3589 1332/3792/3590
f 1333/3794/3592 2688/3793/3591 1332/3792/3590
f 2689/3795/3593 2688/3793/3591 1333/3794/3592
f 1334/3796/3594 2689/3795/3593 1333/3794/3592
f 2690/3797/3595 2689/3795/3593 1334/3796/3594
f 1335/3798/3596 2690/3797/3595 1334/3796/3594
f 2691/3799/3597 2690/3797/3595 1335/3798/3596
f 1336/3800/3598 2691/3799/3597 1335/3798/3596
f 2692/3801/3599 2691/3799/3597 1336/3800/3598
f 1337/3802/3600 2692/3801/3599 1336/3800/3598
f 2693/3803/3601 2692/3801/3599 1337/3802/3600
f 1338/3804/3602 2693/3803/3601 1337/3802/3600
f 2694/3805/3603 2693/3803/3601 1338/3804/3602
f 1339/3806/3604 2694/3805/3603 1338/3804/3602
f 2695/3807/3605 2694/3805/3603 1339/3806/3604
f 1340/3808/3606 2695/3807/3605 1339/3806/3604
f 2696/3809/3607 2695/3807/3605 1340/3808/3606
f 1341/3810/3608 2696/3809/3607 1340/3808/3606
f 2697/3811/3609 2696/3809/3607 1341/3810/3608
f 1342/3812/3610 2697/3811/3609 1341/3810/3608
f 2698/3813/3611 2697/3811/3609 1342/3812/3610
f 1343/3814/3612 2698/3813/3611 1342/3812/3610
f 2699/3815/3613 2698/3813/3611 1343/3814/3612
f 1344/3816/3614 2699/3815/3613 1343/3814/3612
f 2700/3817/3615 2699/3815/3613 1344/3816/3614
f 1345/3818/3616 2700/3817/3615 1344/3816/3614
f 2701/3819/3617 2700/3817/3615 1345/3818/3616
f 1346/3820/3618 2701/3819/3617 1345/3818/3616
f 2702/3821/3619 2701/3819/3617 1346/3820/3618
f 1347/3822/3620 2702/3821/3619 1346/3820/3618
f 2703/3823/3621 2702/3821/3619 1347/3822/3620
f 1348/3824/3622 2703/3823/3621 1347/3822/3620
f 2704/3825/3623 2703/3823/3621 1348/3824/3622
f 1349/3826/3624 2704/3825/3623 1348/3824/3622
f 2705/3827/3625 2704/3825/3623 1349/3826/3624
f 1350/3828/3626 2705/3827/3625 1349/3826/3624
f 2706/3829/3627 2705/3827/3625 1350/3828/3626
f 1351/3830/3628 2706/3829/3627 1350/3828/3626
f 2707/3831/3629 2706/3829/3627 1351/3830/3628
f 1352/3832/3630 2707/3831/3629 1351/3830/3628
f 2708/3833/3631 2707/3831/3629 1352/3832/3630
f 1353/3834/3632 2708/3833/3631 1352/3832/3630
f 2709/3835/3633 2708/3833/3631 1353/3834/3632
f 1354/3836/3634 2709/3835/3633 1353/3834/3632
f 2710/3837/3635 2709/3835/3633 1354/3836/3634
f 1355/3838/3636 2710/3837/3635 1354/3836/3634
f 2711/3839/3637 2710/3837/3635 1355/3838/3636
f 1356/3840/3638 2711/3839/3637 1355/3838/3636
f 2712/3841/3639 2711/3839/3637 1356/3840/3638
f 1357/3842/3640 2712/3841/3639 1356/3840/3638
f 2713/3843/3641 2712/3841/3639 1357/3842/3640
f 1358/3844/3642 2713/3843/3641 1357/3842/3640
f 2714/3845/3643 2713/3843/3641 1358/3844/3642
f 1359/3784/3584 2714/3845/3643 1358/3844/3642
f 2715/3785/3585 2714/3845/3643 1359/3784/3584
f 2716/3848/3646 2687/3847/3645 2717/3846/3644
f 2686/3849/3647 2687/3847/3645 2716/3848/3646
f 2715/3850/3648 2686/3849/3647 2716/3848/3646
f 2688/3851/3649 2717/3846/3644 2687/3847/3645
f 2718/3852/3650 2717/3846/3644 2688/3851/3649
f 2689/3853/3651 2718/3852/3650 2688/3851/3649
f 2719/3854/3652 2718/3852/3650 2689/3853/3651
f 2690/3855/3653 2719/3854/3652 2689/3853/3651
f 2720/3856/3654 2719/3854/3652 2690/3855/3653
f 2691/3857/3655 2720/3856/3654 2690/3855/3653
f 2692/3858/3656 2720/3856/3654 2691/3857/3655
f 2721/3859/3657 2720/3856/3654 2692/3858/3656
f 2693/3860/3658 2721/3859/3657 2692/3858/3656
f 2722/3861/3659 2721/3859/3657 2693/3860/3658
f 2694/3862/3660 2722/3861/3659 2693/3860/3658
f 2723/3863/3661 2722/3861/3659 2694/3862/3660
f 2695/3864/3662 2723/3863/3661 2694/3862/3660
f 2724/3865/3663 2723/3863/3661 2695/3864/3662
f 2696/3866/3664 2724/3865/3663 2695/3864/3662
f 2697/3867/3665 2724/3865/3663 2696/3866/3664
f 2725/3868/3666 2724/3865/3663 2697/3867/3665
f 2698/3869/3667 2725/3868/3666 2697/3867/3665
f 2726/3870/3668 2725/3868/3666 2698/3869/3667
f 2699/3871/3669 2726/3870/3668 2698/3869/3667
f 2727/3872/3670 2726/3870/3668 2699/3871/3669
f 2700/3873/3671 2727/3872/3670 2699/3871/3669
f 2728/3874/3672 2727/3872/3670 2700/3873/3671
f 2701/3875/3673 2728/3874/3672 2700/3873/3671
f 2702/3876/3674 2728/3874/3672 2701/3875/3673
f 2729/3877/3675 2728/3874/3672 2702/3876/3674
f 2703/3878/3676 2729/3877/3675 2702/3876/3674
f 2730/3879/3677 2729/3877/3675 2703/3878/3676
f 2704/3880/3678 2730/3879/3677 2703/3878/3676
f 2731/3881/3679 2730/3879/3677 2704/3880/3678
f 2705/3882/3680 2731/3881/3679 2704/3880/3678
f 2732/3883/3681 2731/3881/3679 2705/3882/3680
f 2706/3884/3682 2732/3883/3681 2705/3882/3680
f 2707/3885/3683 2732/3883/3681 2706/3884/3682
f 2733/3886/3684 2732/3883/3681 2707/3885/3683
f 2708/3887/3685 2733/3886/3684 2707/3885/3683
f 2734/3888/3686 2733/3886/3684 2708/3887/3685
f 2709/3889/3687 2734/3888/3686 2708/3887/3685
f 2735/3890/3688 2734/3888/3686 2709/3889/3687
f 2710/3891/3689 2735/3890/3688 2709/3889/3687
f 2736/3892/3690 2735/3890/3688 2710/3891/3689
f 2711/3893/3691 2736/3892/3690 2710/3891/3689
f 2712/3894/3692 2736/3892/3690 2711/3893/3691
f 2737/3895/3693 2736/3892/3690 2712/3894/3692
f 2713/3896/3694 2737/3895/3693 2712/3894/3692
f 2738/3897/3695 2737/3895/3693 2713/3896/3694
f 2714/3898/3696 2738/3897/3695 2713/3896/3694
f 2739/3899/3697 2738/3897/3695 2714/3898/3696
f 2715/3850/3648 2739/3899/3697 2714/3898/3696
f 2716/3848/3646 2739/3899/3697 2715/3850/3648
f 1119/3902/3698 1158/3901/2511 1118/3900/2510
f 1157/3903/3699 1158/3901/2511 1119/3902/3698
f 1120/3904/3700 1157/3903/3699 1119/3902/3698
f 1156/3905/3701 1157/3903/3699 1120/3904/3700
f 1155/3906/3702 1156/3905/3701 1120/3904/3700
f 1155/3906/3702 1122/3908/3704 1154/3907/3703
f 1121/3909/3705 1122/3908/3704 1155/3906/3702
f 1120/3904/3700 1121/3909/3705 1155/3906/3702
f 1122/3908/3704 1153/3910/3706 1154/3907/3703
f 1123/3911/3707 1153/3910/3706 1122/3908/3704
f 1124/3912/3708 1153/3910/3706 1123/3911/3707
f 1152/3913/3709 1153/3910/3706 1124/3912/3708
f 1125/3914/3710 1152/3913/3709 1124/3912/3708
f 1151/3915/3711 1152/3913/3709 1125/3914/3710
f 1150/3916/3712 1151/3915/3711 1125/3914/3710
f 1126/3917/3713 1150/3916/3712 1125/3914/3710
f 1149/3918/3714 1150/3916/3712 1126/3917/3713
f 1127/3919/3715 1149/3918/3714 1126/3917/3713
f 1128/3920/3716 1149/3918/3714 1127/3919/3715
f 1148/3921/3717 1149/3918/3714 1128/3920/3716
f 1147/3922/3718 1148/3921/3717 1128/3920/3716
f 1147/3922/3718 1130/3924/3720 1146/3923/3719
f 1129/3925/3721 1130/3924/3720 1147/3922/3718
f 1128/3920/3716 1129/3925/3721 1147/3922/3718
f 1130/3924/3720 1145/3926/3722 1146/3923/3719
f 1131/3927/3723 1145/3926/3722 1130/3924/3720
f 1132/3928/3724 1145/3926/3722 1131/3927/3723
f 1144/3929/3725 1145/3926/3722 1132/3928/3724
f 1143/3930/3726 1144/3929/3725 1132/3928/3724
f 1143/3930/3726 1134/3932/3728 1142/3931/3727
f 1133/3933/3729 1134/3932/3728 1143/3930/3726
f 1132/3928/3724 1133/3933/3729 1143/3930/3726
f 1135/3934/3730 1142/3931/3727 1134/3932/3728
f 1141/3935/3731 1142/3931/3727 1135/3934/3730
f 1136/3936/3732 1141/3935/3731 1135/3934/3730
f 1140/3937/3733 1141/3935/3731 1136/3936/3732
f 1137/3938/3734 1140/3937/3733 1136/3936/3732
f 1139/3939/3735 1140/3937/3733 1137/3938/3734
f 1138/3940/3736 1139/3939/3735 1137/3938/3734
f 904/3943/3739 1078/3942/3738 937/3941/3737
f 1077/3944/3740 1078/3942/3738 904/3943/3739
f 905/3947/3741 1077/3946/3740 904/3945/3739
f 1110/3948/3742 1077/3946/3740 905/3947/3741
f 906/3949/3743 1110/3948/3742 905/3947/3741
f 1109/3950/3744 1110/3948/3742 906/3949/3743
f 907/3951/3745 1109/3950/3744 906/3949/3743
f 1108/3952/3746 1109/3950/3744 907/3951/3745
f 908/3953/3747 1108/3952/3746 907/3951/3745
f 1107/3954/3748 1108/3952/3746 908/3953/3747
f 909/3955/3749 1107/3954/3748 908/3953/3747
f 1106/3956/3750 1107/3954/3748 909/3955/3749
f 910/3957/3751 1106/3956/3750 909/3955/3749
f 1105/3958/3752 1106/3956/3750 910/3957/3751
f 911/3959/3753 1105/3958/3752 910/3957/3751
f 1104/3960/3754 1105/3958/3752 911/3959/3753
f 912/3961/3755 1104/3960/3754 911/3959/3753
f 1103/3962/3756 1104/3960/3754 912/3961/3755
f 913/3963/3757 1103/3962/3756 912/3961/3755
f 1102/3964/3758 1103/3962/3756 913/3963/3757
f 914/3965/3759 1102/3964/3758 913/3963/3757
f 1101/3966/3760 1102/3964/3758 914/3965/3759
f 915/3967/3761 1101/3966/3760 914/3965/3759
f 1100/3968/3762 1101/3966/3760 915/3967/3761
f 916/3969/3763 1100/3968/3762 915/3967/3761
f 1099/3970/3764 1100/3968/3762 916/3969/3763
f 917/3971/3765 1099/3970/3764 916/3969/3763
f 1098/3972/3766 1099/3970/3764 917/3971/3765
f 918/3973/3767 1098/3972/3766 917/3971/3765
f 1097/3974/3768 1098/3972/3766 918/3973/3767
f 919/3975/3769 1097/3974/3768 918/3973/3767
f 1096/3976/3770 1097/3974/3768 919/3975/3769
f 920/3977/3771 1096/3976/3770 919/3975/3769
f 1095/3978/3772 1096/3976/3770 920/3977/3771
f 921/3979/3773 1095/3978/3772 920/3977/3771
f 1094/3980/3774 1095/3978/3772 921/3979/3773
f 922/3981/3775 1094/3980/3774 921/3979/3773
f 1093/3982/3776 1094/3980/3774 922/3981/3775
f 923/3983/3777 1093/3982/3776 922/3981/3775
f 1092/3984/3778 1093/3982/3776 923/3983/3777
f 924/3985/3779 1092/3984/3778 923/3983/3777
f 1091/3986/3780 1092/3984/3778 924/3985/3779
f 925/3987/3781 1091/3986/3780 924/3985/3779
f 1090/3988/3782 1091/3986/3780 925/3987/3781
f 926/3989/3783 1090/3988/3782 925/3987/3781
f 1089/3990/3784 1090/3988/3782 926/3989/3783
f 927/3991/3785 1089/3990/3784 926/3989/3783
f 1088/3992/3786 1089/3990/3784 927/3991/3785
f 928/3993/3787 1088/3992/3786 927/3991/3785
f 1087/3994/3788 1088/3992/3786 928/3993/3787
f 929/3995/3789 1087/3994/3788 928/3993/3787
f 1086/3996/3790 1087/3994/3788 929/3995/3789
f 930/3997/3791 1086/3996/3790 929/3995/3789
f 1085/3998/3792 1086/3996/3790 930/3997/3791
f 931/3999/3793 1085/3998/3792 930/3997/3791
f 1084/4000/3794 1085/3998/3792 931/3999/3793
f 932/4001/3795 1084/4000/3794 931/3999/3793
f 1083/4002/3796 1084/4000/3794 932/4001/3795
f 933/4003/3797 1083/4002/3796 932/4001/3795
f 1082/4004/3798 1083/4002/3796 933/4003/3797
f 934/4005/3799 1082/4004/3798 933/4003/3797
f 1081/4006/3800 1082/4004/3798 934/4005/3799
f 935/4007/3801 1081/4006/3800 934/4005/3799
f 1080/4008/3802 1081/4006/3800 935/4007/3801
f 936/4009/3803 1080/4008/3802 935/4007/3801
f 1079/4010/3804 1080/4008/3802 936/4009/3803
f 937/3941/3737 1079/4010/3804 936/4009/3803
f 1078/3942/3738 1079/4010/3804 937/3941/3737
f 938/4013/3807 1044/4012/3806 971/4011/3805
f 1043/4014/3808 1044/4012/3806 938/4013/3807
f 939/4017/3809 1043/4016/3808 938/4015/3807
f 1076/4018/3810 1043/4016/3808 939/4017/3809
f 940/4019/3811 1076/4018/3810 939/4017/3809
f 1075/4020/3812 1076/4018/3810 940/4019/3811
f 941/4021/3813 1075/4020/3812 940/4019/3811
f 1074/4022/3814 1075/4020/3812 941/4021/3813
f 942/4023/3815 1074/4022/3814 941/4021/3813
f 1073/4024/3816 1074/4022/3814 942/4023/3815
f 943/4025/3817 1073/4024/3816 942/4023/3815
f 1072/4026/3818 1073/4024/3816 943/4025/3817
f 944/4027/3819 1072/4026/3818 943/4025/3817
f 1071/4028/3820 1072/4026/3818 944/4027/3819
f 945/4029/3821 1071/4028/3820 944/4027/3819
f 1070/4030/3822 1071/4028/3820 945/4029/3821
f 946/4031/3823 1070/4030/3822 945/4029/3821
f 1069/4032/3824 1070/4030/3822 946/4031/3823
f 947/4033/3825 1069/4032/3824 946/4031/3823
f 1068/4034/3826 1069/4032/3824 947/4033/3825
f 948/4035/3827 1068/4034/3826 947/4033/3825
f 1067/4036/3828 1068/4034/3826 948/4035/3827
f 949/4037/3829 1067/4036/3828 948/4035/3827
f 1066/4038/3830 1067/4036/3828 949/4037/3829
f 950/4039/3831 1066/4038/3830 949/4037/3829
f 1065/4040/3832 1066/4038/3830 950/4039/3831
f 951/4041/3833 1065/4040/3832 950/4039/3831
f 1064/4042/3834 1065/4040/3832 951/4041/3833
f 952/4043/3835 1064/4042/3834 951/4041/3833
f 1063/4044/3836 1064/4042/3834 952/4043/3835
f 953/4045/3837 1063/4044/3836 952/4043/3835
f 1062/4046/3838 1063/4044/3836 953/4045/3837
f 954/4047/3839 1062/4046/3838 953/4045/3837
f 1061/4048/3840 1062/4046/3838 954/4047/3839
f 955/4049/3841 1061/4048/3840 954/4047/3839
f 1060/4050/3842 1061/4048/3840 955/4049/3841
f 956/4051/3843 1060/4050/3842 955/4049/3841
f 1059/4052/3844 1060/4050/3842 956/4051/3843
f 957/4053/3845 1059/4052/3844 956/4051/3843
f 1058/4054/3846 1059/4052/3844 957/4053/3845
f 958/4055/3847 1058/4054/3846 957/4053/3845
f 1057/4056/3848 1058/4054/3846 958/4055/3847
f 959/4057/3849 1057/4056/3848 958/4055/3847
f 1056/4058/3850 1057/4056/3848 959/4057/3849
f 960/4059/3851 1056/4058/3850 959/4057/3849
f 1055/4060/3852 1056/4058/3850 960/4059/3851
f 961/4061/3853 1055/4060/3852 960/4059/3851
f 1054/4062/3854 1055/4060/3852 961/4061/3853
f 962/4063/3855 1054/4062/3854 961/4061/3853
f 1053/4064/3856 1054/4062/3854 962/4063/3855
f 963/4065/3857 1053/4064/3856 962/4063/3855
f 1052/4066/3858 1053/4064/3856 963/4065/3857
f 964/4067/3859 1052/4066/3858 963/4065/3857
f 1051/4068/3860 1052/4066/3858 964/4067/3859
f 965/4069/3861 1051/4068/3860 964/4067/3859
f 1050/4070/3862 1051/4068/3860 965/4069/3861
f 966/4071/3863 1050/4070/3862 965/4069/3861
f 1049/4072/3864 1050/4070/3862 966/4071/3863
f 967/4073/3865 1049/4072/3864 966/4071/3863
f 1048/4074/3866 1049/4072/3864 967/4073/3865
f 968/4075/3867 1048/4074/3866 967/4073/3865
f 1047/4076/3868 1048/4074/3866 968/4075/3867
f 969/4077/3869 1047/4076/3868 968/4075/3867
f 1046/4078/3870 1047/4076/3868 969/4077/3869
f 970/4079/3871 1046/4078/3870 969/4077/3869
f 1045/4080/3872 1046/4078/3870 970/4079/3871
f 971/4011/3805 1045/4080/3872 970/4079/3871
f 1044/4012/3806 1045/4080/3872 971/4011/3805
f 2511/4083/3875 2740/4082/3874 2763/4081/3873
f 2741/4084/3876 2740/4082/3874 2511/4083/3875
f 2742/4085/3877 2741/4084/3876 2511/4083/3875
f 2511/4083/3875 2743/4086/3878 2742/4085/3877
f 2512/4087/3879 2743/4086/3878 2511/4083/3875
f 2744/4088/3880 2743/4086/3878 2512/4087/3879
f 2745/4089/3881 2744/4088/3880 2512/4087/3879
f 2512/4087/3879 2746/4090/3882 2745/4089/3881
f 2747/4091/3883 2746/4090/3882 2512/4087/3879
f 2748/4092/3884 2747/4091/3883 2512/4087/3879
f 2512/4087/3879 2749/4093/3885 2748/4092/3884
f 2513/4094/3886 2749/4093/3885 2512/4087/3879
f 2750/4095/3887 2749/4093/3885 2513/4094/3886
f 2514/4096/3888 2750/4095/3887 2513/4094/3886
f 2751/4097/3889 2750/4095/3887 2514/4096/3888
f 2515/4098/3890 2751/4097/3889 2514/4096/3888
f 2480/4099/3891 2751/4097/3889 2515/4098/3890
f 2516/4100/3892 2480/4099/3891 2515/4098/3890
f 2517/4101/3893 2480/4099/3891 2516/4100/3892
f 2518/4102/3894 2480/4099/3891 2517/4101/3893
f 2471/4103/3895 2480/4099/3891 2518/4102/3894
f 2519/4104/3896 2471/4103/3895 2518/4102/3894
f 2520/4105/3897 2471/4103/3895 2519/4104/3896
f 2777/4106/3898 2471/4103/3895 2520/4105/3897
f 2521/4107/3899 2777/4106/3898 2520/4105/3897
f 2778/4108/3900 2777/4106/3898 2521/4107/3899
f 2522/4109/3901 2778/4108/3900 2521/4107/3899
f 2779/4110/3902 2778/4108/3900 2522/4109/3901
f 2523/4111/3903 2779/4110/3902 2522/4109/3901
f 2780/4112/3904 2779/4110/3902 2523/4111/3903
f 2781/4113/3905 2780/4112/3904 2523/4111/3903
f 2480/4099/3891 2752/4114/3906 2751/4097/3889
f 2753/4115/3907 2752/4114/3906 2480/4099/3891
f 2754/4116/3908 2753/4115/3907 2480/4099/3891
f 2480/4099/3891 2755/4117/3909 2754/4116/3908
f 2756/4118/3910 2755/4117/3909 2480/4099/3891
f 2757/4119/3911 2756/4118/3910 2480/4099/3891
f 2480/4099/3891 2758/4120/3912 2757/4119/3911
f 2759/4121/3913 2758/4120/3912 2480/4099/3891
f 2508/4122/3914 2759/4121/3913 2480/4099/3891
f 2509/4123/3915 2759/4121/3913 2508/4122/3914
f 2760/4124/3916 2759/4121/3913 2509/4123/3915
f 2510/4125/3917 2760/4124/3916 2509/4123/3915
f 2761/4126/3918 2760/4124/3916 2510/4125/3917
f 2511/4083/3875 2761/4126/3918 2510/4125/3917
f 2762/4127/3919 2761/4126/3918 2511/4083/3875
f 2763/4081/3873 2762/4127/3919 2511/4083/3875
f 2471/4103/3895 2505/4129/3921 2470/4128/3920
f 2504/4130/3922 2505/4129/3921 2471/4103/3895
f 2503/4131/3923 2504/4130/3922 2471/4103/3895
f 2769/4132/3924 2503/4131/3923 2471/4103/3895
f 2502/4133/3925 2503/4131/3923 2769/4132/3924
f 2768/4134/3926 2502/4133/3925 2769/4132/3924
f 2501/4135/3927 2502/4133/3925 2768/4134/3926
f 2767/4136/3928 2501/4135/3927 2768/4134/3926
f 2500/4137/3929 2501/4135/3927 2767/4136/3928
f 2766/4138/3930 2500/4137/3929 2767/4136/3928
f 2765/4139/3931 2500/4137/3929 2766/4138/3930
f 2764/4140/3932 2500/4137/3929 2765/4139/3931
f 2787/4141/3933 2500/4137/3929 2764/4140/3932
f 2786/4142/3934 2500/4137/3929 2787/4141/3933
f 2785/4143/3935 2500/4137/3929 2786/4142/3934
f 2523/4111/3903 2500/4137/3929 2785/4143/3935
f 2784/4144/3936 2523/4111/3903 2785/4143/3935
f 2783/4145/3937 2523/4111/3903 2784/4144/3936
f 2782/4146/3938 2523/4111/3903 2783/4145/3937
f 2781/4113/3905 2523/4111/3903 2782/4146/3938
f 2480/4099/3891 2507/4147/3939 2508/4122/3914
f 2506/4148/3940 2507/4147/3939 2480/4099/3891
f 2481/4149/3941 2506/4148/3940 2480/4099/3891
f 2471/4103/3895 2770/4150/3942 2769/4132/3924
f 2771/4151/3943 2770/4150/3942 2471/4103/3895
f 2772/4152/3944 2771/4151/3943 2471/4103/3895
f 2471/4103/3895 2773/4153/3945 2772/4152/3944
f 2774/4154/3946 2773/4153/3945 2471/4103/3895
f 2775/4155/3947 2774/4154/3946 2471/4103/3895
f 2471/4103/3895 2776/4156/3948 2775/4155/3947
f 2777/4106/3898 2776/4156/3948 2471/4103/3895
f 2662/4159/3951 2765/4158/3950 2685/4157/3949
f 2764/4160/3952 2765/4158/3950 2662/4159/3951
f 2663/4163/3953 2764/4162/3952 2662/4161/3951
f 2787/4164/3954 2764/4162/3952 2663/4163/3953
f 2664/4165/3955 2787/4164/3954 2663/4163/3953
f 2786/4166/3956 2787/4164/3954 2664/4165/3955
f 2665/4167/3957 2786/4166/3956 2664/4165/3955
f 2785/4168/3958 2786/4166/3956 2665/4167/3957
f 2666/4169/3959 2785/4168/3958 2665/4167/3957
f 2784/4170/3960 2785/4168/3958 2666/4169/3959
f 2667/4171/3961 2784/4170/3960 2666/4169/3959
f 2783/4172/3962 2784/4170/3960 2667/4171/3961
f 2668/4173/3963 2783/4172/3962 2667/4171/3961
f 2782/4174/3964 2783/4172/3962 2668/4173/3963
f 2669/4175/3965 2782/4174/3964 2668/4173/3963
f 2781/4176/3966 2782/4174/3964 2669/4175/3965
f 2670/4177/3967 2781/4176/3966 2669/4175/3965
f 2780/4178/3968 2781/4176/3966 2670/4177/3967
f 2671/4179/3969 2780/4178/3968 2670/4177/3967
f 2779/4180/3970 2780/4178/3968 2671/4179/3969
f 2672/4181/3971 2779/4180/3970 2671/4179/3969
f 2778/4182/3972 2779/4180/3970 2672/4181/3971
f 2673/4183/3973 2778/4182/3972 2672/4181/3971
f 2777/4184/3974 2778/4182/3972 2673/4183/3973
f 2674/4185/3975 2777/4184/3974 2673/4183/3973
f 2776/4186/3976 2777/4184/3974 2674/4185/3975
f 2675/4187/3977 2776/4186/3976 2674/4185/3975
f 2775/4188/3978 2776/4186/3976 2675/4187/3977
f 2676/4189/3979 2775/4188/3978 2675/4187/3977
f 2774/4190/3980 2775/4188/3978 2676/4189/3979
f 2677/4191/3981 2774/4190/3980 2676/4189/3979
f 2773/4192/3982 2774/4190/3980 2677/4191/3981
f 2678/4193/3983 2773/4192/3982 2677/4191/3981
f 2772/4194/3984 2773/4192/3982 2678/4193/3983
f 2679/4195/3985 2772/4194/3984 2678/4193/3983
f 2771/4196/3986 2772/4194/3984 2679/4195/3985
f 2680/4197/3987 2771/4196/3986 2679/4195/3985
f 2770/4198/3988 2771/4196/3986 2680/4197/3987
f 2681/4199/3989 2770/4198/3988 2680/4197/3987
f 2769/4200/3990 2770/4198/3988 2681/4199/3989
f 2682/4201/3991 2769/4200/3990 2681/4199/3989
f 2768/4202/3992 2769/4200/3990 2682/4201/3991
f 2683/4203/3993 2768/4202/3992 2682/4201/3991
f 2767/4204/3994 2768/4202/3992 2683/4203/3993
f 2684/4205/3995 2767/4204/3994 2683/4203/3993
f 2766/4206/3996 2767/4204/3994 2684/4205/3995
f 2685/4157/3949 2766/4206/3996 2684/4205/3995
f 2765/4158/3950 2766/4206/3996 2685/4157/3949
f 2716/4209/3999 2741/4208/3998 2739/4207/3997
f 2740/4210/4000 2741/4208/3998 2716/4209/3999
f 2717/4213/4001 2740/4212/4000 2716/4211/3999
f 2763/4214/4002 2740/4212/4000 2717/4213/4001
f 2718/4215/4003 2763/4214/4002 2717/4213/4001
f 2762/4216/4004 2763/4214/4002 2718/4215/4003
f 2719/4217/4005 2762/4216/4004 2718/4215/4003
f 2761/4218/4006 2762/4216/4004 2719/4217/4005
f 2720/4219/4007 2761/4218/4006 2719/4217/4005
f 2760/4220/4008 2761/4218/4006 2720/4219/4007
f 2721/4221/4009 2760/4220/4008 2720/4219/4007
f 2759/4222/4010 2760/4220/4008 2721/4221/4009
f 2722/4223/4011 2759/4222/4010 2721/4221/4009
f 2758/4224/4012 2759/4222/4010 2722/4223/4011
f 2723/4225/4013 2758/4224/4012 2722/4223/4011
f 2757/4226/4014 2758/4224/4012 2723/4225/4013
f 2724/4227/4015 2757/4226/4014 2723/4225/4013
f 2756/4228/4016 2757/4226/4014 2724/4227/4015
f 2725/4229/4017 2756/4228/4016 2724/4227/4015
f 2755/4230/4018 2756/4228/4016 2725/4229/4017
f 2726/4231/4019 2755/4230/4018 2725/4229/4017
f 2754/4232/4020 2755/4230/4018 2726/4231/4019
f 2727/4233/4021 2754/4232/4020 2726/4231/4019
f 2753/4234/4022 2754/4232/4020 2727/4233/4021
f 2728/4235/4023 2753/4234/4022 2727/4233/4021
f 2752/4236/4024 2753/4234/4022 2728/4235/4023
f 2729/4237/4025 2752/4236/4024 2728/4235/4023
f 2751/4238/4026 2752/4236/4024 2729/4237/4025
f 2730/4239/4027 2751/4238/4026 2729/4237/4025
f 2750/4240/4028 2751/4238/4026 2730/4239/4027
f 2731/4241/4029 2750/4240/4028 2730/4239/4027
f 2749/4242/4030 2750/4240/4028 2731/4241/4029
f 2732/4243/4031 2749/4242/4030 2731/4241/4029
f 2748/4244/4032 2749/4242/4030 2732/4243/4031
f 2733/4245/4033 2748/4244/4032 2732/4243/4031
f 2747/4246/4034 2748/4244/4032 2733/4245/4033
f 2734/4247/4035 2747/4246/4034 2733/4245/4033
f 2746/4248/4036 2747/4246/4034 2734/4247/4035
f 2735/4249/4037 2746/4248/4036 2734/4247/4035
f 2745/4250/4038 2746/4248/4036 2735/4249/4037
f 2736/4251/4039 2745/4250/4038 2735/4249/4037
f 2744/4252/4040 2745/4250/4038 2736/4251/4039
f 2737/4253/4041 2744/4252/4040 2736/4251/4039
f 2743/4254/4042 2744/4252/4040 2737/4253/4041
f 2738/4255/4043 2743/4254/4042 2737/4253/4041
f 2742/4256/4044 2743/4254/4042 2738/4255/4043
f 2739/4207/3997 2742/4256/4044 2738/4255/4043
f 2741/4208/3998 2742/4256/4044 2739/4207/3997
f 2500/4259/3191 1409/4258/3236 1410/4257/3190
f 2523/4260/3237 1409/4258/3236 2500/4259/3191
f 2473/4263/3110 1982/4262/3188 1983/4261/3109
f 2499/4264/3189 1982/4262/3188 2473/4263/3110
f 2608/4267/4047 2811/4266/4046 2631/4265/4045
f 2788/4268/4048 2811/4266/4046 2608/4267/4047
f 2609/4271/4049 2788/4270/4048 2608/4269/4047
f 2789/4272/4050 2788/4270/4048 2609/4271/4049
f 2610/4273/4051 2789/4272/4050 2609/4271/4049
f 2790/4274/4052 2789/4272/4050 2610/4273/4051
f 2611/4275/4053 2790/4274/4052 2610/4273/4051
f 2791/4276/4054 2790/4274/4052 2611/4275/4053
f 2612/4277/4055 2791/4276/4054 2611/4275/4053
f 2792/4278/4056 2791/4276/4054 2612/4277/4055
f 2613/4279/4057 2792/4278/4056 2612/4277/4055
f 2793/4280/4058 2792/4278/4056 2613/4279/4057
f 2614/4281/4059 2793/4280/4058 2613/4279/4057
f 2794/4282/4060 2793/4280/4058 2614/4281/4059
f 2615/4283/4061 2794/4282/4060 2614/4281/4059
f 2795/4284/4062 2794/4282/4060 2615/4283/4061
f 2616/4285/4063 2795/4284/4062 2615/4283/4061
f 2796/4286/4064 2795/4284/4062 2616/4285/4063
f 2617/4287/4065 2796/4286/4064 2616/4285/4063
f 2797/4288/4066 2796/4286/4064 2617/4287/4065
f 2618/4289/4067 2797/4288/4066 2617/4287/4065
f 2798/4290/4068 2797/4288/4066 2618/4289/4067
f 2619/4291/4069 2798/4290/4068 2618/4289/4067
f 2799/4292/4070 2798/4290/4068 2619/4291/4069
f 2620/4293/4071 2799/4292/4070 2619/4291/4069
f 2800/4294/4072 2799/4292/4070 2620/4293/4071
f 2621/4295/4073 2800/4294/4072 2620/4293/4071
f 2801/4296/4074 2800/4294/4072 2621/4295/4073
f 2622/4297/4075 2801/4296/4074 2621/4295/4073
f 2802/4298/4076 2801/4296/4074 2622/4297/4075
f 2623/4299/4077 2802/4298/4076 2622/4297/4075
f 2803/4300/4078 2802/4298/4076 2623/4299/4077
f 2624/4301/4079 2803/4300/4078 2623/4299/4077
f 2804/4302/4080 2803/4300/4078 2624/4301/4079
f 2625/4303/4081 2804/4302/4080 2624/4301/4079
f 2805/4304/4082 2804/4302/4080 2625/4303/4081
f 2626/4305/4083 2805/4304/4082 2625/4303/4081
f 2806/4306/4084 2805/4304/4082 2626/4305/4083
f 2627/4307/4085 2806/4306/4084 2626/4305/4083
f 2807/4308/4086 2806/4306/4084 2627/4307/4085
f 2628/4309/4087 2807/4308/4086 2627/4307/4085
f 2808/4310/4088 2807/4308/4086 2628/4309/4087
f 2629/4311/4089 2808/4310/4088 2628/4309/4087
f 2809/4312/4090 2808/4310/4088 2629/4311/4089
f 2630/4313/4091 2809/4312/4090 2629/4311/4089
f 2810/4314/4092 2809/4312/4090 2630/4313/4091
f 2631/4265/4045 2810/4314/4092 2630/4313/4091
f 2811/4266/4046 2810/4314/4092 2631/4265/4045
f 2554/4317/4095 2835/4316/4094 2577/4315/4093
f 2812/4318/4096 2835/4316/4094 2554/4317/4095
f 2555/4321/4097 2812/4320/4096 2554/4319/4095
f 2813/4322/4098 2812/4320/4096 2555/4321/4097
f 2556/4323/4099 2813/4322/4098 2555/4321/4097
f 2814/4324/4100 2813/4322/4098 2556/4323/4099
f 2557/4325/4101 2814/4324/4100 2556/4323/4099
f 2815/4326/4102 2814/4324/4100 2557/4325/4101
f 2558/4327/4103 2815/4326/4102 2557/4325/4101
f 2816/4328/4104 2815/4326/4102 2558/4327/4103
f 2559/4329/4105 2816/4328/4104 2558/4327/4103
f 2817/4330/4106 2816/4328/4104 2559/4329/4105
f 2560/4331/4107 2817/4330/4106 2559/4329/4105
f 2818/4332/4108 2817/4330/4106 2560/4331/4107
f 2561/4333/4109 2818/4332/4108 2560/4331/4107
f 2819/4334/4110 2818/4332/4108 2561/4333/4109
f 2562/4335/4111 2819/4334/4110 2561/4333/4109
f 2820/4336/4112 2819/4334/4110 2562/4335/4111
f 2563/4337/4113 2820/4336/4112 2562/4335/4111
f 2821/4338/4114 2820/4336/4112 2563/4337/4113
f 2564/4339/4115 2821/4338/4114 2563/4337/4113
f 2822/4340/4116 2821/4338/4114 2564/4339/4115
f 2565/4341/4117 2822/4340/4116 2564/4339/4115
f 2823/4342/4118 2822/4340/4116 2565/4341/4117
f 2566/4343/4119 2823/4342/4118 2565/4341/4117
f 2824/4344/4120 2823/4342/4118 2566/4343/4119
f 2567/4345/4121 2824/4344/4120 2566/4343/4119
f 2825/4346/4122 2824/4344/4120 2567/4345/4121
f 2568/4347/4123 2825/4346/4122 2567/4345/4121
f 2826/4348/4124 2825/4346/4122 2568/4347/4123
f 2569/4349/4125 2826/4348/4124 2568/4347/4123
f 2827/4350/4126 2826/4348/4124 2569/4349/4125
f 2570/4351/4127 2827/4350/4126 2569/4349/4125
f 2828/4352/4128 2827/4350/4126 2570/4351/4127
f 2571/4353/4129 2828/4352/4128 2570/4351/4127
f 2829/4354/4130 2828/4352/4128 2571/4353/4129
f 2572/4355/4131 2829/4354/4130 2571/4353/4129
f 2830/4356/4132 2829/4354/4130 2572/4355/4131
f 2573/4357/4133 2830/4356/4132 2572/4355/4131
f 2831/4358/4134 2830/4356/4132 2573/4357/4133
f 2574/4359/4135 2831/4358/4134 2573/4357/4133
f 2832/4360/4136 2831/4358/4134 2574/4359/4135
f 2575/4361/4137 2832/4360/4136 2574/4359/4135
f 2833/4362/4138 2832/4360/4136 2575/4361/4137
f 2576/4363/4139 2833/4362/4138 2575/4361/4137
f 2834/4364/4140 2833/4362/4138 2576/4363/4139
f 2577/4315/4093 2834/4364/4140 2576/4363/4139
f 2835/4316/4094 2834/4364/4140 2577/4315/4093
f 903/4367/4143 2812/4366/4142 2813/4365/4141
f 2835/4368/4144 2812/4366/4142 903/4367/4143
f 2834/4369/4145 2835/4368/4144 903/4367/4143
f 903/4367/4143 2833/4370/4146 2834/4369/4145
f 2832/4371/4147 2833/4370/4146 903/4367/4143
f 2831/4372/4148 2832/4371/4147 903/4367/4143
f 903/4367/4143 2830/4373/4149 2831/4372/4148
f 2829/4374/4150 2830/4373/4149 903/4367/4143
f 2484/4375/4151 2829/4374/4150 903/4367/4143
f 2485/4376/4152 2829/4374/4150 2484/4375/4151
f 2828/4377/4153 2829/4374/4150 2485/4376/4152
f 2486/4378/4154 2828/4377/4153 2485/4376/4152
f 2827/4379/4155 2828/4377/4153 2486/4378/4154
f 2487/4380/4156 2827/4379/4155 2486/4378/4154
f 2826/4381/4157 2827/4379/4155 2487/4380/4156
f 2825/4382/4158 2826/4381/4157 2487/4380/4156
f 2487/4380/4156 2824/4383/4159 2825/4382/4158
f 2823/4384/4160 2824/4383/4159 2487/4380/4156
f 2822/4385/4161 2823/4384/4160 2487/4380/4156
f 2487/4380/4156 2821/4386/4162 2822/4385/4161
f 2488/4387/4163 2821/4386/4162 2487/4380/4156
f 2820/4388/4164 2821/4386/4162 2488/4387/4163
f 2819/4389/4165 2820/4388/4164 2488/4387/4163
f 2488/4387/4163 2818/4390/4166 2819/4389/4165
f 2817/4391/4167 2818/4390/4166 2488/4387/4163
f 2816/4392/4168 2817/4391/4167 2488/4387/4163
f 2488/4387/4163 2815/4393/4169 2816/4392/4168
f 2489/4394/4170 2815/4393/4169 2488/4387/4163
f 2814/4395/4171 2815/4393/4169 2489/4394/4170
f 2490/4396/4172 2814/4395/4171 2489/4394/4170
f 2813/4365/4141 2814/4395/4171 2490/4396/4172
f 2491/4397/4173 2813/4365/4141 2490/4396/4172
f 903/4367/4143 2813/4365/4141 2491/4397/4173
f 2492/4398/4174 903/4367/4143 2491/4397/4173
f 2493/4399/4175 903/4367/4143 2492/4398/4174
f 902/4400/4176 903/4367/4143 2493/4399/4175
f 2494/4401/4177 902/4400/4176 2493/4399/4175
f 2495/4402/4178 902/4400/4176 2494/4401/4177
f 2496/4403/4179 902/4400/4176 2495/4402/4178
f 2811/4404/4180 902/4400/4176 2496/4403/4179
f 2497/4405/4181 2811/4404/4180 2496/4403/4179
f 2810/4406/4182 2811/4404/4180 2497/4405/4181
f 2498/4407/4183 2810/4406/4182 2497/4405/4181
f 2809/4408/4184 2810/4406/4182 2498/4407/4183
f 2499/4409/4185 2809/4408/4184 2498/4407/4183
f 2808/4410/4186 2809/4408/4184 2499/4409/4185
f 2807/4411/4187 2808/4410/4186 2499/4409/4185
f 902/4400/4176 2478/4413/4189 2479/4412/4188
f 2477/4414/4190 2478/4413/4189 902/4400/4176
f 2476/4415/4191 2477/4414/4190 902/4400/4176
f 2795/4416/4192 2476/4415/4191 902/4400/4176
f 2475/4417/4193 2476/4415/4191 2795/4416/4192
f 2796/4418/4194 2475/4417/4193 2795/4416/4192
f 2474/4419/4195 2475/4417/4193 2796/4418/4194
f 2797/4420/4196 2474/4419/4195 2796/4418/4194
f 2473/4421/4197 2474/4419/4195 2797/4420/4196
f 2798/4422/4198 2473/4421/4197 2797/4420/4196
f 2799/4423/4199 2473/4421/4197 2798/4422/4198
f 2800/4424/4200 2473/4421/4197 2799/4423/4199
f 2801/4425/4201 2473/4421/4197 2800/4424/4200
f 2802/4426/4202 2473/4421/4197 2801/4425/4201
f 2803/4427/4203 2473/4421/4197 2802/4426/4202
f 2499/4409/4185 2473/4421/4197 2803/4427/4203
f 2804/4428/4204 2499/4409/4185 2803/4427/4203
f 2805/4429/4205 2499/4409/4185 2804/4428/4204
f 2806/4430/4206 2499/4409/4185 2805/4429/4205
f 2807/4411/4187 2499/4409/4185 2806/4430/4206
f 903/4367/4143 2483/4431/4207 2484/4375/4151
f 2482/4432/4208 2483/4431/4207 903/4367/4143
f 2472/4433/4209 2482/4432/4208 903/4367/4143
f 902/4400/4176 2788/4435/4211 2789/4434/4210
f 2811/4404/4180 2788/4435/4211 902/4400/4176
f 902/4400/4176 2794/4436/4212 2795/4416/4192
f 2793/4437/4213 2794/4436/4212 902/4400/4176
f 2792/4438/4214 2793/4437/4213 902/4400/4176
f 902/4400/4176 2791/4439/4215 2792/4438/4214
f 2790/4440/4216 2791/4439/4215 902/4400/4176
f 2789/4434/4210 2790/4440/4216 902/4400/4176
# 2835 vertices
# 4440 texture params
# 4216 normals
# 5694 facets

# 1 groups
